"source_file","source_path","script","dataset","model","qaw_ratio","sample_idx","chunk_num","method_key","method","f1","total_s","ttft_s","recomputed_tokens","true_recompute","dataset_label","dataset_score_label","model_label","qaw_ratio_label"
"202604211904_musique.output","/Users/doppler/Documents/Github/CacheBlend/outputs/202604211904_musique.output","example/blend_musique.py","musique","Yi-6B",0.6,1,10,"full_reuse","Full Reuse",0.666666666666667,0.529696801000227,0.296277067000119,NA,NA,"Musique","Musique (F1)","Yi-6B","0.60"
"202604211904_musique.output","/Users/doppler/Documents/Github/CacheBlend/outputs/202604211904_musique.output","example/blend_musique.py","musique","Yi-6B",0.6,1,10,"query_aware","Query-Aware",0,1.33054289099982,1.15807510700006,3798,TRUE,"Musique","Musique (F1)","Yi-6B","0.60"
"202604211904_musique.output","/Users/doppler/Documents/Github/CacheBlend/outputs/202604211904_musique.output","example/blend_musique.py","musique","Yi-6B",0.6,1,10,"full_prefill","Full Prefill",0.333333333333333,1.76738843500016,1.29116651000004,NA,NA,"Musique","Musique (F1)","Yi-6B","0.60"
"202604211904_musique.output","/Users/doppler/Documents/Github/CacheBlend/outputs/202604211904_musique.output","example/blend_musique.py","musique","Yi-6B",0.6,2,10,"full_reuse","Full Reuse",1,0.44000826499996,0.297944068000106,NA,NA,"Musique","Musique (F1)","Yi-6B","0.60"
"202604211904_musique.output","/Users/doppler/Documents/Github/CacheBlend/outputs/202604211904_musique.output","example/blend_musique.py","musique","Yi-6B",0.6,2,10,"query_aware","Query-Aware",0.5,1.1540779879997,1.01353472599976,3673,TRUE,"Musique","Musique (F1)","Yi-6B","0.60"
"202604211904_musique.output","/Users/doppler/Documents/Github/CacheBlend/outputs/202604211904_musique.output","example/blend_musique.py","musique","Yi-6B",0.6,2,10,"full_prefill","Full Prefill",1,1.39082160199996,1.24952077799981,NA,NA,"Musique","Musique (F1)","Yi-6B","0.60"
"202604211904_musique.output","/Users/doppler/Documents/Github/CacheBlend/outputs/202604211904_musique.output","example/blend_musique.py","musique","Yi-6B",0.6,3,10,"full_reuse","Full Reuse",0,0.483055410999896,0.28874068999994,NA,NA,"Musique","Musique (F1)","Yi-6B","0.60"
"202604211904_musique.output","/Users/doppler/Documents/Github/CacheBlend/outputs/202604211904_musique.output","example/blend_musique.py","musique","Yi-6B",0.6,3,10,"query_aware","Query-Aware",0.5,1.18017398600023,1.01736476899987,3702,TRUE,"Musique","Musique (F1)","Yi-6B","0.60"
"202604211904_musique.output","/Users/doppler/Documents/Github/CacheBlend/outputs/202604211904_musique.output","example/blend_musique.py","musique","Yi-6B",0.6,3,10,"full_prefill","Full Prefill",0,1.42342242700033,1.25342566800009,NA,NA,"Musique","Musique (F1)","Yi-6B","0.60"
"202604211904_musique.output","/Users/doppler/Documents/Github/CacheBlend/outputs/202604211904_musique.output","example/blend_musique.py","musique","Yi-6B",0.6,4,10,"full_reuse","Full Reuse",0.333333333333333,0.41675313099995,0.285155093999947,NA,NA,"Musique","Musique (F1)","Yi-6B","0.60"
"202604211904_musique.output","/Users/doppler/Documents/Github/CacheBlend/outputs/202604211904_musique.output","example/blend_musique.py","musique","Yi-6B",0.6,4,10,"query_aware","Query-Aware",0.285714285714286,1.20231635900018,1.0053186060004,3670,TRUE,"Musique","Musique (F1)","Yi-6B","0.60"
"202604211904_musique.output","/Users/doppler/Documents/Github/CacheBlend/outputs/202604211904_musique.output","example/blend_musique.py","musique","Yi-6B",0.6,4,10,"full_prefill","Full Prefill",0.8,1.53890925999985,1.25124894199962,NA,NA,"Musique","Musique (F1)","Yi-6B","0.60"
"202604211904_musique.output","/Users/doppler/Documents/Github/CacheBlend/outputs/202604211904_musique.output","example/blend_musique.py","musique","Yi-6B",0.6,5,10,"full_reuse","Full Reuse",0,0.871605082999849,0.297294322999733,NA,NA,"Musique","Musique (F1)","Yi-6B","0.60"
"202604211904_musique.output","/Users/doppler/Documents/Github/CacheBlend/outputs/202604211904_musique.output","example/blend_musique.py","musique","Yi-6B",0.6,5,10,"query_aware","Query-Aware",1,1.17333748099963,1.0098022899997,3768,TRUE,"Musique","Musique (F1)","Yi-6B","0.60"
"202604211904_musique.output","/Users/doppler/Documents/Github/CacheBlend/outputs/202604211904_musique.output","example/blend_musique.py","musique","Yi-6B",0.6,5,10,"full_prefill","Full Prefill",1,1.46168921200024,1.28748416300004,NA,NA,"Musique","Musique (F1)","Yi-6B","0.60"
"202604211904_musique.output","/Users/doppler/Documents/Github/CacheBlend/outputs/202604211904_musique.output","example/blend_musique.py","musique","Yi-6B",0.6,6,10,"full_reuse","Full Reuse",1,0.452874021000298,0.289389634000145,NA,NA,"Musique","Musique (F1)","Yi-6B","0.60"
"202604211904_musique.output","/Users/doppler/Documents/Github/CacheBlend/outputs/202604211904_musique.output","example/blend_musique.py","musique","Yi-6B",0.6,6,10,"query_aware","Query-Aware",1,1.1705700880002,1.00642397799993,3697,TRUE,"Musique","Musique (F1)","Yi-6B","0.60"
"202604211904_musique.output","/Users/doppler/Documents/Github/CacheBlend/outputs/202604211904_musique.output","example/blend_musique.py","musique","Yi-6B",0.6,6,10,"full_prefill","Full Prefill",0,1.39547727799982,1.25964855099983,NA,NA,"Musique","Musique (F1)","Yi-6B","0.60"
"202604211904_musique.output","/Users/doppler/Documents/Github/CacheBlend/outputs/202604211904_musique.output","example/blend_musique.py","musique","Yi-6B",0.6,7,10,"full_reuse","Full Reuse",0,0.358806081000239,0.288650915000289,NA,NA,"Musique","Musique (F1)","Yi-6B","0.60"
"202604211904_musique.output","/Users/doppler/Documents/Github/CacheBlend/outputs/202604211904_musique.output","example/blend_musique.py","musique","Yi-6B",0.6,7,10,"query_aware","Query-Aware",0,1.11318814800006,1.01181636399997,3614,TRUE,"Musique","Musique (F1)","Yi-6B","0.60"
"202604211904_musique.output","/Users/doppler/Documents/Github/CacheBlend/outputs/202604211904_musique.output","example/blend_musique.py","musique","Yi-6B",0.6,7,10,"full_prefill","Full Prefill",0,1.35000619799985,1.2470813609998,NA,NA,"Musique","Musique (F1)","Yi-6B","0.60"
"202604211904_musique.output","/Users/doppler/Documents/Github/CacheBlend/outputs/202604211904_musique.output","example/blend_musique.py","musique","Yi-6B",0.6,8,10,"full_reuse","Full Reuse",0,0.45160245399984,0.288000996999926,NA,NA,"Musique","Musique (F1)","Yi-6B","0.60"
"202604211904_musique.output","/Users/doppler/Documents/Github/CacheBlend/outputs/202604211904_musique.output","example/blend_musique.py","musique","Yi-6B",0.6,8,10,"query_aware","Query-Aware",0,1.17511178799987,1.01120259400022,3726,TRUE,"Musique","Musique (F1)","Yi-6B","0.60"
"202604211904_musique.output","/Users/doppler/Documents/Github/CacheBlend/outputs/202604211904_musique.output","example/blend_musique.py","musique","Yi-6B",0.6,8,10,"full_prefill","Full Prefill",0,1.45327846300006,1.28530296700001,NA,NA,"Musique","Musique (F1)","Yi-6B","0.60"
"202604211904_musique.output","/Users/doppler/Documents/Github/CacheBlend/outputs/202604211904_musique.output","example/blend_musique.py","musique","Yi-6B",0.6,9,10,"full_reuse","Full Reuse",0.266666666666667,0.514333906000047,0.284941505000006,NA,NA,"Musique","Musique (F1)","Yi-6B","0.60"
"202604211904_musique.output","/Users/doppler/Documents/Github/CacheBlend/outputs/202604211904_musique.output","example/blend_musique.py","musique","Yi-6B",0.6,9,10,"query_aware","Query-Aware",0.266666666666667,1.23039135699992,1.06579774900001,3776,TRUE,"Musique","Musique (F1)","Yi-6B","0.60"
"202604211904_musique.output","/Users/doppler/Documents/Github/CacheBlend/outputs/202604211904_musique.output","example/blend_musique.py","musique","Yi-6B",0.6,9,10,"full_prefill","Full Prefill",0,1.46649187100002,1.30104551000022,NA,NA,"Musique","Musique (F1)","Yi-6B","0.60"
"202604211904_musique.output","/Users/doppler/Documents/Github/CacheBlend/outputs/202604211904_musique.output","example/blend_musique.py","musique","Yi-6B",0.6,10,10,"full_reuse","Full Reuse",0,0.41634956300004,0.28429794900012,NA,NA,"Musique","Musique (F1)","Yi-6B","0.60"
"202604211904_musique.output","/Users/doppler/Documents/Github/CacheBlend/outputs/202604211904_musique.output","example/blend_musique.py","musique","Yi-6B",0.6,10,10,"query_aware","Query-Aware",0,1.17523104100019,1.01216966699985,3666,TRUE,"Musique","Musique (F1)","Yi-6B","0.60"
"202604211904_musique.output","/Users/doppler/Documents/Github/CacheBlend/outputs/202604211904_musique.output","example/blend_musique.py","musique","Yi-6B",0.6,10,10,"full_prefill","Full Prefill",0,1.39529956599972,1.26238623600011,NA,NA,"Musique","Musique (F1)","Yi-6B","0.60"
"202604211904_musique.output","/Users/doppler/Documents/Github/CacheBlend/outputs/202604211904_musique.output","example/blend_musique.py","musique","Yi-6B",0.6,11,10,"full_reuse","Full Reuse",0,0.47439459799989,0.281161430999873,NA,NA,"Musique","Musique (F1)","Yi-6B","0.60"
"202604211904_musique.output","/Users/doppler/Documents/Github/CacheBlend/outputs/202604211904_musique.output","example/blend_musique.py","musique","Yi-6B",0.6,11,10,"query_aware","Query-Aware",1,1.209955498,1.00856470999997,3688,TRUE,"Musique","Musique (F1)","Yi-6B","0.60"
"202604211904_musique.output","/Users/doppler/Documents/Github/CacheBlend/outputs/202604211904_musique.output","example/blend_musique.py","musique","Yi-6B",0.6,11,10,"full_prefill","Full Prefill",1,1.46316143900003,1.26832105800031,NA,NA,"Musique","Musique (F1)","Yi-6B","0.60"
"202604211904_musique.output","/Users/doppler/Documents/Github/CacheBlend/outputs/202604211904_musique.output","example/blend_musique.py","musique","Yi-6B",0.6,12,10,"full_reuse","Full Reuse",0.4,0.446096412000315,0.28392663600016,NA,NA,"Musique","Musique (F1)","Yi-6B","0.60"
"202604211904_musique.output","/Users/doppler/Documents/Github/CacheBlend/outputs/202604211904_musique.output","example/blend_musique.py","musique","Yi-6B",0.6,12,10,"query_aware","Query-Aware",0.285714285714286,1.4835181389999,1.01224903499997,3725,TRUE,"Musique","Musique (F1)","Yi-6B","0.60"
"202604211904_musique.output","/Users/doppler/Documents/Github/CacheBlend/outputs/202604211904_musique.output","example/blend_musique.py","musique","Yi-6B",0.6,12,10,"full_prefill","Full Prefill",0.333333333333333,1.48802232199978,1.29282547899993,NA,NA,"Musique","Musique (F1)","Yi-6B","0.60"
"202604211904_musique.output","/Users/doppler/Documents/Github/CacheBlend/outputs/202604211904_musique.output","example/blend_musique.py","musique","Yi-6B",0.6,13,10,"full_reuse","Full Reuse",1,0.645624253999813,0.287355816999934,NA,NA,"Musique","Musique (F1)","Yi-6B","0.60"
"202604211904_musique.output","/Users/doppler/Documents/Github/CacheBlend/outputs/202604211904_musique.output","example/blend_musique.py","musique","Yi-6B",0.6,13,10,"query_aware","Query-Aware",0,1.14449789999981,1.04140163500006,3823,TRUE,"Musique","Musique (F1)","Yi-6B","0.60"
"202604211904_musique.output","/Users/doppler/Documents/Github/CacheBlend/outputs/202604211904_musique.output","example/blend_musique.py","musique","Yi-6B",0.6,13,10,"full_prefill","Full Prefill",0,1.60608341199986,1.31424494199973,NA,NA,"Musique","Musique (F1)","Yi-6B","0.60"
"202604211904_musique.output","/Users/doppler/Documents/Github/CacheBlend/outputs/202604211904_musique.output","example/blend_musique.py","musique","Yi-6B",0.6,14,10,"full_reuse","Full Reuse",1,0.380755460000273,0.282118103000357,NA,NA,"Musique","Musique (F1)","Yi-6B","0.60"
"202604211904_musique.output","/Users/doppler/Documents/Github/CacheBlend/outputs/202604211904_musique.output","example/blend_musique.py","musique","Yi-6B",0.6,14,10,"query_aware","Query-Aware",1,1.06604666800013,0.96575732500014,3474,TRUE,"Musique","Musique (F1)","Yi-6B","0.60"
"202604211904_musique.output","/Users/doppler/Documents/Github/CacheBlend/outputs/202604211904_musique.output","example/blend_musique.py","musique","Yi-6B",0.6,14,10,"full_prefill","Full Prefill",1,1.28081836199999,1.17992456999991,NA,NA,"Musique","Musique (F1)","Yi-6B","0.60"
"202604211904_musique.output","/Users/doppler/Documents/Github/CacheBlend/outputs/202604211904_musique.output","example/blend_musique.py","musique","Yi-6B",0.6,15,10,"full_reuse","Full Reuse",0,1.35056941900029,0.33743583200021,NA,NA,"Musique","Musique (F1)","Yi-6B","0.60"
"202604211904_musique.output","/Users/doppler/Documents/Github/CacheBlend/outputs/202604211904_musique.output","example/blend_musique.py","musique","Yi-6B",0.6,15,10,"query_aware","Query-Aware",0,1.08087529499971,1.01093579299959,3644,TRUE,"Musique","Musique (F1)","Yi-6B","0.60"
"202604211904_musique.output","/Users/doppler/Documents/Github/CacheBlend/outputs/202604211904_musique.output","example/blend_musique.py","musique","Yi-6B",0.6,15,10,"full_prefill","Full Prefill",0,1.45972150700027,1.26383796400023,NA,NA,"Musique","Musique (F1)","Yi-6B","0.60"
"202604211904_musique.output","/Users/doppler/Documents/Github/CacheBlend/outputs/202604211904_musique.output","example/blend_musique.py","musique","Yi-6B",0.6,16,10,"full_reuse","Full Reuse",0,0.447343999999703,0.282781001999865,NA,NA,"Musique","Musique (F1)","Yi-6B","0.60"
"202604211904_musique.output","/Users/doppler/Documents/Github/CacheBlend/outputs/202604211904_musique.output","example/blend_musique.py","musique","Yi-6B",0.6,16,10,"query_aware","Query-Aware",0,1.32567299900029,1.03566954200005,3791,TRUE,"Musique","Musique (F1)","Yi-6B","0.60"
"202604211904_musique.output","/Users/doppler/Documents/Github/CacheBlend/outputs/202604211904_musique.output","example/blend_musique.py","musique","Yi-6B",0.6,16,10,"full_prefill","Full Prefill",0,1.5122659499998,1.31418043299982,NA,NA,"Musique","Musique (F1)","Yi-6B","0.60"
"202604211904_musique.output","/Users/doppler/Documents/Github/CacheBlend/outputs/202604211904_musique.output","example/blend_musique.py","musique","Yi-6B",0.6,17,10,"full_reuse","Full Reuse",0,0.547511939999822,0.290099946999817,NA,NA,"Musique","Musique (F1)","Yi-6B","0.60"
"202604211904_musique.output","/Users/doppler/Documents/Github/CacheBlend/outputs/202604211904_musique.output","example/blend_musique.py","musique","Yi-6B",0.6,17,10,"query_aware","Query-Aware",0,1.27274198899977,1.01489640599993,3766,TRUE,"Musique","Musique (F1)","Yi-6B","0.60"
"202604211904_musique.output","/Users/doppler/Documents/Github/CacheBlend/outputs/202604211904_musique.output","example/blend_musique.py","musique","Yi-6B",0.6,17,10,"full_prefill","Full Prefill",0,1.56107425900018,1.29959814200038,NA,NA,"Musique","Musique (F1)","Yi-6B","0.60"
"202604211904_musique.output","/Users/doppler/Documents/Github/CacheBlend/outputs/202604211904_musique.output","example/blend_musique.py","musique","Yi-6B",0.6,18,10,"full_reuse","Full Reuse",0.5,0.420945521000249,0.287743189000139,NA,NA,"Musique","Musique (F1)","Yi-6B","0.60"
"202604211904_musique.output","/Users/doppler/Documents/Github/CacheBlend/outputs/202604211904_musique.output","example/blend_musique.py","musique","Yi-6B",0.6,18,10,"query_aware","Query-Aware",0,1.08914765400004,1.01724829500017,3746,TRUE,"Musique","Musique (F1)","Yi-6B","0.60"
"202604211904_musique.output","/Users/doppler/Documents/Github/CacheBlend/outputs/202604211904_musique.output","example/blend_musique.py","musique","Yi-6B",0.6,18,10,"full_prefill","Full Prefill",0.5,1.40065291300016,1.296750041,NA,NA,"Musique","Musique (F1)","Yi-6B","0.60"
"202604211904_musique.output","/Users/doppler/Documents/Github/CacheBlend/outputs/202604211904_musique.output","example/blend_musique.py","musique","Yi-6B",0.6,19,10,"full_reuse","Full Reuse",0,0.513606385999992,0.28753844799985,NA,NA,"Musique","Musique (F1)","Yi-6B","0.60"
"202604211904_musique.output","/Users/doppler/Documents/Github/CacheBlend/outputs/202604211904_musique.output","example/blend_musique.py","musique","Yi-6B",0.6,19,10,"query_aware","Query-Aware",0,1.18195763300037,1.01651423600015,3763,TRUE,"Musique","Musique (F1)","Yi-6B","0.60"
"202604211904_musique.output","/Users/doppler/Documents/Github/CacheBlend/outputs/202604211904_musique.output","example/blend_musique.py","musique","Yi-6B",0.6,19,10,"full_prefill","Full Prefill",0,1.46611984599986,1.30020478300003,NA,NA,"Musique","Musique (F1)","Yi-6B","0.60"
"202604211904_musique.output","/Users/doppler/Documents/Github/CacheBlend/outputs/202604211904_musique.output","example/blend_musique.py","musique","Yi-6B",0.6,20,10,"full_reuse","Full Reuse",0,0.546902298000077,0.287087608000093,NA,NA,"Musique","Musique (F1)","Yi-6B","0.60"
"202604211904_musique.output","/Users/doppler/Documents/Github/CacheBlend/outputs/202604211904_musique.output","example/blend_musique.py","musique","Yi-6B",0.6,20,10,"query_aware","Query-Aware",0,1.26569896799992,1.03697529300007,3822,TRUE,"Musique","Musique (F1)","Yi-6B","0.60"
"202604211904_musique.output","/Users/doppler/Documents/Github/CacheBlend/outputs/202604211904_musique.output","example/blend_musique.py","musique","Yi-6B",0.6,20,10,"full_prefill","Full Prefill",1,1.517512807,1.31819986599976,NA,NA,"Musique","Musique (F1)","Yi-6B","0.60"
"202604211904_musique.output","/Users/doppler/Documents/Github/CacheBlend/outputs/202604211904_musique.output","example/blend_musique.py","musique","Yi-6B",0.6,21,10,"full_reuse","Full Reuse",0.333333333333333,0.416756748999887,0.285663485999976,NA,NA,"Musique","Musique (F1)","Yi-6B","0.60"
"202604211904_musique.output","/Users/doppler/Documents/Github/CacheBlend/outputs/202604211904_musique.output","example/blend_musique.py","musique","Yi-6B",0.6,21,10,"query_aware","Query-Aware",0,1.17660424199994,1.01289836099977,3669,TRUE,"Musique","Musique (F1)","Yi-6B","0.60"
"202604211904_musique.output","/Users/doppler/Documents/Github/CacheBlend/outputs/202604211904_musique.output","example/blend_musique.py","musique","Yi-6B",0.6,21,10,"full_prefill","Full Prefill",0,1.43486749500016,1.27139849800005,NA,NA,"Musique","Musique (F1)","Yi-6B","0.60"
"202604211904_musique.output","/Users/doppler/Documents/Github/CacheBlend/outputs/202604211904_musique.output","example/blend_musique.py","musique","Yi-6B",0.6,22,10,"full_reuse","Full Reuse",0,0.388247785999738,0.28493387799972,NA,NA,"Musique","Musique (F1)","Yi-6B","0.60"
"202604211904_musique.output","/Users/doppler/Documents/Github/CacheBlend/outputs/202604211904_musique.output","example/blend_musique.py","musique","Yi-6B",0.6,22,10,"query_aware","Query-Aware",0,1.17380429500008,1.0392137470003,3833,TRUE,"Musique","Musique (F1)","Yi-6B","0.60"
"202604211904_musique.output","/Users/doppler/Documents/Github/CacheBlend/outputs/202604211904_musique.output","example/blend_musique.py","musique","Yi-6B",0.6,22,10,"full_prefill","Full Prefill",0.363636363636364,1.73825276900016,1.32146514599981,NA,NA,"Musique","Musique (F1)","Yi-6B","0.60"
"202604211904_musique.output","/Users/doppler/Documents/Github/CacheBlend/outputs/202604211904_musique.output","example/blend_musique.py","musique","Yi-6B",0.6,23,10,"full_reuse","Full Reuse",0,0.526525445000061,0.291199010000128,NA,NA,"Musique","Musique (F1)","Yi-6B","0.60"
"202604211904_musique.output","/Users/doppler/Documents/Github/CacheBlend/outputs/202604211904_musique.output","example/blend_musique.py","musique","Yi-6B",0.6,23,10,"query_aware","Query-Aware",0,1.41615535700021,1.088340797,3951,TRUE,"Musique","Musique (F1)","Yi-6B","0.60"
"202604211904_musique.output","/Users/doppler/Documents/Github/CacheBlend/outputs/202604211904_musique.output","example/blend_musique.py","musique","Yi-6B",0.6,23,10,"full_prefill","Full Prefill",0,1.75578023200023,1.3944041220002,NA,NA,"Musique","Musique (F1)","Yi-6B","0.60"
"202604211904_musique.output","/Users/doppler/Documents/Github/CacheBlend/outputs/202604211904_musique.output","example/blend_musique.py","musique","Yi-6B",0.6,24,10,"full_reuse","Full Reuse",0,0.384568056000262,0.283715736999966,NA,NA,"Musique","Musique (F1)","Yi-6B","0.60"
"202604211904_musique.output","/Users/doppler/Documents/Github/CacheBlend/outputs/202604211904_musique.output","example/blend_musique.py","musique","Yi-6B",0.6,24,10,"query_aware","Query-Aware",0.333333333333333,1.14233056000012,1.01110079,3634,TRUE,"Musique","Musique (F1)","Yi-6B","0.60"
"202604211904_musique.output","/Users/doppler/Documents/Github/CacheBlend/outputs/202604211904_musique.output","example/blend_musique.py","musique","Yi-6B",0.6,24,10,"full_prefill","Full Prefill",0,1.39386088299989,1.26153004999969,NA,NA,"Musique","Musique (F1)","Yi-6B","0.60"
"202604211904_musique.output","/Users/doppler/Documents/Github/CacheBlend/outputs/202604211904_musique.output","example/blend_musique.py","musique","Yi-6B",0.6,25,10,"full_reuse","Full Reuse",0.285714285714286,0.49238020599978,0.292600482000125,NA,NA,"Musique","Musique (F1)","Yi-6B","0.60"
"202604211904_musique.output","/Users/doppler/Documents/Github/CacheBlend/outputs/202604211904_musique.output","example/blend_musique.py","musique","Yi-6B",0.6,25,10,"query_aware","Query-Aware",0,1.09161456700031,1.01917283700004,3651,TRUE,"Musique","Musique (F1)","Yi-6B","0.60"
"202604211904_musique.output","/Users/doppler/Documents/Github/CacheBlend/outputs/202604211904_musique.output","example/blend_musique.py","musique","Yi-6B",0.6,25,10,"full_prefill","Full Prefill",0.4,1.4094012290002,1.27065028900006,NA,NA,"Musique","Musique (F1)","Yi-6B","0.60"
"202604211904_musique.output","/Users/doppler/Documents/Github/CacheBlend/outputs/202604211904_musique.output","example/blend_musique.py","musique","Yi-6B",0.6,26,10,"full_reuse","Full Reuse",0,0.527321807000135,0.295434865000061,NA,NA,"Musique","Musique (F1)","Yi-6B","0.60"
"202604211904_musique.output","/Users/doppler/Documents/Github/CacheBlend/outputs/202604211904_musique.output","example/blend_musique.py","musique","Yi-6B",0.6,26,10,"query_aware","Query-Aware",0.6,1.35815222700012,1.09473438199984,3973,TRUE,"Musique","Musique (F1)","Yi-6B","0.60"
"202604211904_musique.output","/Users/doppler/Documents/Github/CacheBlend/outputs/202604211904_musique.output","example/blend_musique.py","musique","Yi-6B",0.6,26,10,"full_prefill","Full Prefill",0.166666666666667,1.69552827400003,1.39636252300033,NA,NA,"Musique","Musique (F1)","Yi-6B","0.60"
"202604211904_musique.output","/Users/doppler/Documents/Github/CacheBlend/outputs/202604211904_musique.output","example/blend_musique.py","musique","Yi-6B",0.6,27,10,"full_reuse","Full Reuse",0.333333333333333,0.449420450999696,0.287230258999898,NA,NA,"Musique","Musique (F1)","Yi-6B","0.60"
"202604211904_musique.output","/Users/doppler/Documents/Github/CacheBlend/outputs/202604211904_musique.output","example/blend_musique.py","musique","Yi-6B",0.6,27,10,"query_aware","Query-Aware",0,1.20547670799988,1.01161395400004,3613,TRUE,"Musique","Musique (F1)","Yi-6B","0.60"
"202604211904_musique.output","/Users/doppler/Documents/Github/CacheBlend/outputs/202604211904_musique.output","example/blend_musique.py","musique","Yi-6B",0.6,27,10,"full_prefill","Full Prefill",0,1.39575124299972,1.26134339999999,NA,NA,"Musique","Musique (F1)","Yi-6B","0.60"
"202604211904_musique.output","/Users/doppler/Documents/Github/CacheBlend/outputs/202604211904_musique.output","example/blend_musique.py","musique","Yi-6B",0.6,28,10,"full_reuse","Full Reuse",0.285714285714286,0.430452865000007,0.294902122000167,NA,NA,"Musique","Musique (F1)","Yi-6B","0.60"
"202604211904_musique.output","/Users/doppler/Documents/Github/CacheBlend/outputs/202604211904_musique.output","example/blend_musique.py","musique","Yi-6B",0.6,28,10,"query_aware","Query-Aware",0,1.18825546300013,1.08387116799986,3876,TRUE,"Musique","Musique (F1)","Yi-6B","0.60"
"202604211904_musique.output","/Users/doppler/Documents/Github/CacheBlend/outputs/202604211904_musique.output","example/blend_musique.py","musique","Yi-6B",0.6,28,10,"full_prefill","Full Prefill",0.285714285714286,1.58275401799983,1.38254558200015,NA,NA,"Musique","Musique (F1)","Yi-6B","0.60"
"202604211904_musique.output","/Users/doppler/Documents/Github/CacheBlend/outputs/202604211904_musique.output","example/blend_musique.py","musique","Yi-6B",0.6,29,10,"full_reuse","Full Reuse",0,0.44754803800015,0.286224240000138,NA,NA,"Musique","Musique (F1)","Yi-6B","0.60"
"202604211904_musique.output","/Users/doppler/Documents/Github/CacheBlend/outputs/202604211904_musique.output","example/blend_musique.py","musique","Yi-6B",0.6,29,10,"query_aware","Query-Aware",0,1.1739739730001,1.01240965600027,3631,TRUE,"Musique","Musique (F1)","Yi-6B","0.60"
"202604211904_musique.output","/Users/doppler/Documents/Github/CacheBlend/outputs/202604211904_musique.output","example/blend_musique.py","musique","Yi-6B",0.6,29,10,"full_prefill","Full Prefill",0,1.42635386200027,1.26231398400023,NA,NA,"Musique","Musique (F1)","Yi-6B","0.60"
"202604211904_musique.output","/Users/doppler/Documents/Github/CacheBlend/outputs/202604211904_musique.output","example/blend_musique.py","musique","Yi-6B",0.6,30,10,"full_reuse","Full Reuse",0,0.581201194000187,0.290747317999831,NA,NA,"Musique","Musique (F1)","Yi-6B","0.60"
"202604211904_musique.output","/Users/doppler/Documents/Github/CacheBlend/outputs/202604211904_musique.output","example/blend_musique.py","musique","Yi-6B",0.6,30,10,"query_aware","Query-Aware",0,1.12837010500016,1.025376607,3750,TRUE,"Musique","Musique (F1)","Yi-6B","0.60"
"202604211904_musique.output","/Users/doppler/Documents/Github/CacheBlend/outputs/202604211904_musique.output","example/blend_musique.py","musique","Yi-6B",0.6,30,10,"full_prefill","Full Prefill",0,1.50347518099989,1.30581033399994,NA,NA,"Musique","Musique (F1)","Yi-6B","0.60"
"202604211904_musique.output","/Users/doppler/Documents/Github/CacheBlend/outputs/202604211904_musique.output","example/blend_musique.py","musique","Yi-6B",0.6,31,10,"full_reuse","Full Reuse",0,0.450887849000082,0.287496456000099,NA,NA,"Musique","Musique (F1)","Yi-6B","0.60"
"202604211904_musique.output","/Users/doppler/Documents/Github/CacheBlend/outputs/202604211904_musique.output","example/blend_musique.py","musique","Yi-6B",0.6,31,10,"query_aware","Query-Aware",0,1.12154283700011,1.0199139729998,3666,TRUE,"Musique","Musique (F1)","Yi-6B","0.60"
"202604211904_musique.output","/Users/doppler/Documents/Github/CacheBlend/outputs/202604211904_musique.output","example/blend_musique.py","musique","Yi-6B",0.6,31,10,"full_prefill","Full Prefill",0,1.44272340400039,1.27695619500037,NA,NA,"Musique","Musique (F1)","Yi-6B","0.60"
"202604211904_musique.output","/Users/doppler/Documents/Github/CacheBlend/outputs/202604211904_musique.output","example/blend_musique.py","musique","Yi-6B",0.6,32,10,"full_reuse","Full Reuse",0,0.42123249100041,0.2877611910003,NA,NA,"Musique","Musique (F1)","Yi-6B","0.60"
"202604211904_musique.output","/Users/doppler/Documents/Github/CacheBlend/outputs/202604211904_musique.output","example/blend_musique.py","musique","Yi-6B",0.6,32,10,"query_aware","Query-Aware",0,1.19153591399981,1.02006786099992,3697,TRUE,"Musique","Musique (F1)","Yi-6B","0.60"
"202604211904_musique.output","/Users/doppler/Documents/Github/CacheBlend/outputs/202604211904_musique.output","example/blend_musique.py","musique","Yi-6B",0.6,32,10,"full_prefill","Full Prefill",0,1.38226629799965,1.27768413700005,NA,NA,"Musique","Musique (F1)","Yi-6B","0.60"
"202604211904_musique.output","/Users/doppler/Documents/Github/CacheBlend/outputs/202604211904_musique.output","example/blend_musique.py","musique","Yi-6B",0.6,33,10,"full_reuse","Full Reuse",0,0.421262870999726,0.288062782999987,NA,NA,"Musique","Musique (F1)","Yi-6B","0.60"
"202604211904_musique.output","/Users/doppler/Documents/Github/CacheBlend/outputs/202604211904_musique.output","example/blend_musique.py","musique","Yi-6B",0.6,33,10,"query_aware","Query-Aware",0.285714285714286,1.18950917199982,1.02366579399995,3654,TRUE,"Musique","Musique (F1)","Yi-6B","0.60"
"202604211904_musique.output","/Users/doppler/Documents/Github/CacheBlend/outputs/202604211904_musique.output","example/blend_musique.py","musique","Yi-6B",0.6,33,10,"full_prefill","Full Prefill",0.333333333333333,1.44227814100032,1.27670461600019,NA,NA,"Musique","Musique (F1)","Yi-6B","0.60"
"202604211904_musique.output","/Users/doppler/Documents/Github/CacheBlend/outputs/202604211904_musique.output","example/blend_musique.py","musique","Yi-6B",0.6,34,10,"full_reuse","Full Reuse",1,0.44196667299957,0.283202945999619,NA,NA,"Musique","Musique (F1)","Yi-6B","0.60"
"202604211904_musique.output","/Users/doppler/Documents/Github/CacheBlend/outputs/202604211904_musique.output","example/blend_musique.py","musique","Yi-6B",0.6,34,10,"query_aware","Query-Aware",0.5,1.06102884999973,0.961616325999785,3433,TRUE,"Musique","Musique (F1)","Yi-6B","0.60"
"202604211904_musique.output","/Users/doppler/Documents/Github/CacheBlend/outputs/202604211904_musique.output","example/blend_musique.py","musique","Yi-6B",0.6,34,10,"full_prefill","Full Prefill",1,1.34466765800016,1.18404004900003,NA,NA,"Musique","Musique (F1)","Yi-6B","0.60"
"202604211904_musique.output","/Users/doppler/Documents/Github/CacheBlend/outputs/202604211904_musique.output","example/blend_musique.py","musique","Yi-6B",0.6,35,10,"full_reuse","Full Reuse",0.6,0.604501467000318,0.30149220300018,NA,NA,"Musique","Musique (F1)","Yi-6B","0.60"
"202604211904_musique.output","/Users/doppler/Documents/Github/CacheBlend/outputs/202604211904_musique.output","example/blend_musique.py","musique","Yi-6B",0.6,35,10,"query_aware","Query-Aware",1,1.17518072200028,1.03475634599999,3730,TRUE,"Musique","Musique (F1)","Yi-6B","0.60"
"202604211904_musique.output","/Users/doppler/Documents/Github/CacheBlend/outputs/202604211904_musique.output","example/blend_musique.py","musique","Yi-6B",0.6,35,10,"full_prefill","Full Prefill",0.6,1.60050128600005,1.30459946700012,NA,NA,"Musique","Musique (F1)","Yi-6B","0.60"
"202604211904_musique.output","/Users/doppler/Documents/Github/CacheBlend/outputs/202604211904_musique.output","example/blend_musique.py","musique","Yi-6B",0.6,36,10,"full_reuse","Full Reuse",0,0.448754002999976,0.308086404999813,NA,NA,"Musique","Musique (F1)","Yi-6B","0.60"
"202604211904_musique.output","/Users/doppler/Documents/Github/CacheBlend/outputs/202604211904_musique.output","example/blend_musique.py","musique","Yi-6B",0.6,36,10,"query_aware","Query-Aware",0,1.18313110400004,1.03926559999991,3706,TRUE,"Musique","Musique (F1)","Yi-6B","0.60"
"202604211904_musique.output","/Users/doppler/Documents/Github/CacheBlend/outputs/202604211904_musique.output","example/blend_musique.py","musique","Yi-6B",0.6,36,10,"full_prefill","Full Prefill",0,1.42339402900006,1.28317961400035,NA,NA,"Musique","Musique (F1)","Yi-6B","0.60"
"202604211904_musique.output","/Users/doppler/Documents/Github/CacheBlend/outputs/202604211904_musique.output","example/blend_musique.py","musique","Yi-6B",0.6,37,10,"full_reuse","Full Reuse",0.5,0.463611898999716,0.315779396999915,NA,NA,"Musique","Musique (F1)","Yi-6B","0.60"
"202604211904_musique.output","/Users/doppler/Documents/Github/CacheBlend/outputs/202604211904_musique.output","example/blend_musique.py","musique","Yi-6B",0.6,37,10,"query_aware","Query-Aware",0.666666666666667,1.170636113,1.06155526100019,3789,TRUE,"Musique","Musique (F1)","Yi-6B","0.60"
"202604211904_musique.output","/Users/doppler/Documents/Github/CacheBlend/outputs/202604211904_musique.output","example/blend_musique.py","musique","Yi-6B",0.6,37,10,"full_prefill","Full Prefill",0.285714285714286,1.60576059000005,1.32509945299989,NA,NA,"Musique","Musique (F1)","Yi-6B","0.60"
"202604211904_musique.output","/Users/doppler/Documents/Github/CacheBlend/outputs/202604211904_musique.output","example/blend_musique.py","musique","Yi-6B",0.6,38,10,"full_reuse","Full Reuse",0,0.508747318000133,0.300015757999972,NA,NA,"Musique","Musique (F1)","Yi-6B","0.60"
"202604211904_musique.output","/Users/doppler/Documents/Github/CacheBlend/outputs/202604211904_musique.output","example/blend_musique.py","musique","Yi-6B",0.6,38,10,"query_aware","Query-Aware",0,1.27488155599985,1.10019538100005,3856,TRUE,"Musique","Musique (F1)","Yi-6B","0.60"
"202604211904_musique.output","/Users/doppler/Documents/Github/CacheBlend/outputs/202604211904_musique.output","example/blend_musique.py","musique","Yi-6B",0.6,38,10,"full_prefill","Full Prefill",0,1.53719284499994,1.32956135999984,NA,NA,"Musique","Musique (F1)","Yi-6B","0.60"
"202604211904_musique.output","/Users/doppler/Documents/Github/CacheBlend/outputs/202604211904_musique.output","example/blend_musique.py","musique","Yi-6B",0.6,39,10,"full_reuse","Full Reuse",0,0.491429591999804,0.294410277999759,NA,NA,"Musique","Musique (F1)","Yi-6B","0.60"
"202604211904_musique.output","/Users/doppler/Documents/Github/CacheBlend/outputs/202604211904_musique.output","example/blend_musique.py","musique","Yi-6B",0.6,39,10,"query_aware","Query-Aware",0.571428571428572,1.22679779500004,1.0274972090001,3742,TRUE,"Musique","Musique (F1)","Yi-6B","0.60"
"202604211904_musique.output","/Users/doppler/Documents/Github/CacheBlend/outputs/202604211904_musique.output","example/blend_musique.py","musique","Yi-6B",0.6,39,10,"full_prefill","Full Prefill",0.117647058823529,1.94280072300035,1.31069436300004,NA,NA,"Musique","Musique (F1)","Yi-6B","0.60"
"202604211904_musique.output","/Users/doppler/Documents/Github/CacheBlend/outputs/202604211904_musique.output","example/blend_musique.py","musique","Yi-6B",0.6,40,10,"full_reuse","Full Reuse",0,0.602674744000069,0.301085170000079,NA,NA,"Musique","Musique (F1)","Yi-6B","0.60"
"202604211904_musique.output","/Users/doppler/Documents/Github/CacheBlend/outputs/202604211904_musique.output","example/blend_musique.py","musique","Yi-6B",0.6,40,10,"query_aware","Query-Aware",0,1.2663807859999,1.03103429900011,3704,TRUE,"Musique","Musique (F1)","Yi-6B","0.60"
"202604211904_musique.output","/Users/doppler/Documents/Github/CacheBlend/outputs/202604211904_musique.output","example/blend_musique.py","musique","Yi-6B",0.6,40,10,"full_prefill","Full Prefill",0,1.5222868740002,1.28361338100012,NA,NA,"Musique","Musique (F1)","Yi-6B","0.60"
"202604211904_musique.output","/Users/doppler/Documents/Github/CacheBlend/outputs/202604211904_musique.output","example/blend_musique.py","musique","Yi-6B",0.6,41,10,"full_reuse","Full Reuse",0,0.553384227000151,0.313282773000083,NA,NA,"Musique","Musique (F1)","Yi-6B","0.60"
"202604211904_musique.output","/Users/doppler/Documents/Github/CacheBlend/outputs/202604211904_musique.output","example/blend_musique.py","musique","Yi-6B",0.6,41,10,"query_aware","Query-Aware",0,1.28145744200037,1.04176134399995,3738,TRUE,"Musique","Musique (F1)","Yi-6B","0.60"
"202604211904_musique.output","/Users/doppler/Documents/Github/CacheBlend/outputs/202604211904_musique.output","example/blend_musique.py","musique","Yi-6B",0.6,41,10,"full_prefill","Full Prefill",0,1.55035403400007,1.30642349699974,NA,NA,"Musique","Musique (F1)","Yi-6B","0.60"
"202604211904_musique.output","/Users/doppler/Documents/Github/CacheBlend/outputs/202604211904_musique.output","example/blend_musique.py","musique","Yi-6B",0.6,42,10,"full_reuse","Full Reuse",0,0.641136390999691,0.301869323999654,NA,NA,"Musique","Musique (F1)","Yi-6B","0.60"
"202604211904_musique.output","/Users/doppler/Documents/Github/CacheBlend/outputs/202604211904_musique.output","example/blend_musique.py","musique","Yi-6B",0.6,42,10,"query_aware","Query-Aware",0.222222222222222,1.4192348229999,1.17690034599991,4158,TRUE,"Musique","Musique (F1)","Yi-6B","0.60"
"202604211904_musique.output","/Users/doppler/Documents/Github/CacheBlend/outputs/202604211904_musique.output","example/blend_musique.py","musique","Yi-6B",0.6,42,10,"full_prefill","Full Prefill",0,1.79679610799985,1.45347504100027,NA,NA,"Musique","Musique (F1)","Yi-6B","0.60"
"202604211904_musique.output","/Users/doppler/Documents/Github/CacheBlend/outputs/202604211904_musique.output","example/blend_musique.py","musique","Yi-6B",0.6,43,10,"full_reuse","Full Reuse",0,0.35386123499984,0.284234978999848,NA,NA,"Musique","Musique (F1)","Yi-6B","0.60"
"202604211904_musique.output","/Users/doppler/Documents/Github/CacheBlend/outputs/202604211904_musique.output","example/blend_musique.py","musique","Yi-6B",0.6,43,10,"query_aware","Query-Aware",0,1.14713077399983,1.01593624899988,3604,TRUE,"Musique","Musique (F1)","Yi-6B","0.60"
"202604211904_musique.output","/Users/doppler/Documents/Github/CacheBlend/outputs/202604211904_musique.output","example/blend_musique.py","musique","Yi-6B",0.6,43,10,"full_prefill","Full Prefill",0,1.36904244699963,1.26658050900005,NA,NA,"Musique","Musique (F1)","Yi-6B","0.60"
"202604211904_musique.output","/Users/doppler/Documents/Github/CacheBlend/outputs/202604211904_musique.output","example/blend_musique.py","musique","Yi-6B",0.6,44,10,"full_reuse","Full Reuse",0.666666666666667,0.567400642999928,0.28327605000004,NA,NA,"Musique","Musique (F1)","Yi-6B","0.60"
"202604211904_musique.output","/Users/doppler/Documents/Github/CacheBlend/outputs/202604211904_musique.output","example/blend_musique.py","musique","Yi-6B",0.6,44,10,"query_aware","Query-Aware",0.75,1.17966371900002,1.01667557000019,3600,TRUE,"Musique","Musique (F1)","Yi-6B","0.60"
"202604211904_musique.output","/Users/doppler/Documents/Github/CacheBlend/outputs/202604211904_musique.output","example/blend_musique.py","musique","Yi-6B",0.6,44,10,"full_prefill","Full Prefill",1,1.49054495000019,1.26603599300006,NA,NA,"Musique","Musique (F1)","Yi-6B","0.60"
"202604211904_musique.output","/Users/doppler/Documents/Github/CacheBlend/outputs/202604211904_musique.output","example/blend_musique.py","musique","Yi-6B",0.6,45,10,"full_reuse","Full Reuse",0.352941176470588,0.517510197999854,0.295539046999693,NA,NA,"Musique","Musique (F1)","Yi-6B","0.60"
"202604211904_musique.output","/Users/doppler/Documents/Github/CacheBlend/outputs/202604211904_musique.output","example/blend_musique.py","musique","Yi-6B",0.6,45,10,"query_aware","Query-Aware",0.352941176470588,1.16518780300021,0.973176049000358,3576,TRUE,"Musique","Musique (F1)","Yi-6B","0.60"
"202604211904_musique.output","/Users/doppler/Documents/Github/CacheBlend/outputs/202604211904_musique.output","example/blend_musique.py","musique","Yi-6B",0.6,45,10,"full_prefill","Full Prefill",0.125,1.42834588300002,1.26199960399981,NA,NA,"Musique","Musique (F1)","Yi-6B","0.60"
"202604211904_musique.output","/Users/doppler/Documents/Github/CacheBlend/outputs/202604211904_musique.output","example/blend_musique.py","musique","Yi-6B",0.6,46,10,"full_reuse","Full Reuse",0.25,0.485286947000077,0.290970844000185,NA,NA,"Musique","Musique (F1)","Yi-6B","0.60"
"202604211904_musique.output","/Users/doppler/Documents/Github/CacheBlend/outputs/202604211904_musique.output","example/blend_musique.py","musique","Yi-6B",0.6,46,10,"query_aware","Query-Aware",0.25,1.19415062900043,1.01828929200019,3685,TRUE,"Musique","Musique (F1)","Yi-6B","0.60"
"202604211904_musique.output","/Users/doppler/Documents/Github/CacheBlend/outputs/202604211904_musique.output","example/blend_musique.py","musique","Yi-6B",0.6,46,10,"full_prefill","Full Prefill",0.25,1.44624363500043,1.28126774700013,NA,NA,"Musique","Musique (F1)","Yi-6B","0.60"
"202604211904_musique.output","/Users/doppler/Documents/Github/CacheBlend/outputs/202604211904_musique.output","example/blend_musique.py","musique","Yi-6B",0.6,47,10,"full_reuse","Full Reuse",0.25,0.480787035000048,0.286739810000199,NA,NA,"Musique","Musique (F1)","Yi-6B","0.60"
"202604211904_musique.output","/Users/doppler/Documents/Github/CacheBlend/outputs/202604211904_musique.output","example/blend_musique.py","musique","Yi-6B",0.6,47,10,"query_aware","Query-Aware",0.470588235294118,1.21518911500016,1.02063828400014,3726,TRUE,"Musique","Musique (F1)","Yi-6B","0.60"
"202604211904_musique.output","/Users/doppler/Documents/Github/CacheBlend/outputs/202604211904_musique.output","example/blend_musique.py","musique","Yi-6B",0.6,47,10,"full_prefill","Full Prefill",0.25,1.47148717299979,1.30604950499992,NA,NA,"Musique","Musique (F1)","Yi-6B","0.60"
"202604211904_musique.output","/Users/doppler/Documents/Github/CacheBlend/outputs/202604211904_musique.output","example/blend_musique.py","musique","Yi-6B",0.6,48,10,"full_reuse","Full Reuse",0,0.434436708999783,0.297626486999889,NA,NA,"Musique","Musique (F1)","Yi-6B","0.60"
"202604211904_musique.output","/Users/doppler/Documents/Github/CacheBlend/outputs/202604211904_musique.output","example/blend_musique.py","musique","Yi-6B",0.6,48,10,"query_aware","Query-Aware",0,1.16942033900023,1.02992439199988,3695,TRUE,"Musique","Musique (F1)","Yi-6B","0.60"
"202604211904_musique.output","/Users/doppler/Documents/Github/CacheBlend/outputs/202604211904_musique.output","example/blend_musique.py","musique","Yi-6B",0.6,48,10,"full_prefill","Full Prefill",0,1.42242130700015,1.2821852789998,NA,NA,"Musique","Musique (F1)","Yi-6B","0.60"
"202604211904_musique.output","/Users/doppler/Documents/Github/CacheBlend/outputs/202604211904_musique.output","example/blend_musique.py","musique","Yi-6B",0.6,49,10,"full_reuse","Full Reuse",0,0.510960477000026,0.287932231000013,NA,NA,"Musique","Musique (F1)","Yi-6B","0.60"
"202604211904_musique.output","/Users/doppler/Documents/Github/CacheBlend/outputs/202604211904_musique.output","example/blend_musique.py","musique","Yi-6B",0.6,49,10,"query_aware","Query-Aware",0,1.11674216099982,1.01579381099964,3640,TRUE,"Musique","Musique (F1)","Yi-6B","0.60"
"202604211904_musique.output","/Users/doppler/Documents/Github/CacheBlend/outputs/202604211904_musique.output","example/blend_musique.py","musique","Yi-6B",0.6,49,10,"full_prefill","Full Prefill",0,1.37927897000009,1.27593888500041,NA,NA,"Musique","Musique (F1)","Yi-6B","0.60"
"202604211904_musique.output","/Users/doppler/Documents/Github/CacheBlend/outputs/202604211904_musique.output","example/blend_musique.py","musique","Yi-6B",0.6,50,10,"full_reuse","Full Reuse",0,0.444665798999722,0.30177731699996,NA,NA,"Musique","Musique (F1)","Yi-6B","0.60"
"202604211904_musique.output","/Users/doppler/Documents/Github/CacheBlend/outputs/202604211904_musique.output","example/blend_musique.py","musique","Yi-6B",0.6,50,10,"query_aware","Query-Aware",0,1.19529228200008,1.05990628000018,3825,TRUE,"Musique","Musique (F1)","Yi-6B","0.60"
"202604211904_musique.output","/Users/doppler/Documents/Github/CacheBlend/outputs/202604211904_musique.output","example/blend_musique.py","musique","Yi-6B",0.6,50,10,"full_prefill","Full Prefill",0,1.47079462500005,1.32609856499994,NA,NA,"Musique","Musique (F1)","Yi-6B","0.60"
"202604211911_wikimqa.output","/Users/doppler/Documents/Github/CacheBlend/outputs/202604211911_wikimqa.output","example/blend_wikimqa.py","wikimqa","Yi-6B",0.6,1,10,"full_reuse","Full Reuse",0,0.453432557000269,0.293499842000074,NA,NA,"2WikiMQA","2WikiMQA (F1)","Yi-6B","0.60"
"202604211911_wikimqa.output","/Users/doppler/Documents/Github/CacheBlend/outputs/202604211911_wikimqa.output","example/blend_wikimqa.py","wikimqa","Yi-6B",0.6,1,10,"query_aware","Query-Aware",0,1.36135359299988,1.25112376700008,4348,TRUE,"2WikiMQA","2WikiMQA (F1)","Yi-6B","0.60"
"202604211911_wikimqa.output","/Users/doppler/Documents/Github/CacheBlend/outputs/202604211911_wikimqa.output","example/blend_wikimqa.py","wikimqa","Yi-6B",0.6,1,10,"full_prefill","Full Prefill",0,1.66781594899976,1.52367769700004,NA,NA,"2WikiMQA","2WikiMQA (F1)","Yi-6B","0.60"
"202604211911_wikimqa.output","/Users/doppler/Documents/Github/CacheBlend/outputs/202604211911_wikimqa.output","example/blend_wikimqa.py","wikimqa","Yi-6B",0.6,2,10,"full_reuse","Full Reuse",0,0.482518919000086,0.286779806999675,NA,NA,"2WikiMQA","2WikiMQA (F1)","Yi-6B","0.60"
"202604211911_wikimqa.output","/Users/doppler/Documents/Github/CacheBlend/outputs/202604211911_wikimqa.output","example/blend_wikimqa.py","wikimqa","Yi-6B",0.6,2,10,"query_aware","Query-Aware",0,1.21614464699996,1.05106356200031,3799,TRUE,"2WikiMQA","2WikiMQA (F1)","Yi-6B","0.60"
"202604211911_wikimqa.output","/Users/doppler/Documents/Github/CacheBlend/outputs/202604211911_wikimqa.output","example/blend_wikimqa.py","wikimqa","Yi-6B",0.6,2,10,"full_prefill","Full Prefill",0,1.68751442999974,1.30154064699991,NA,NA,"2WikiMQA","2WikiMQA (F1)","Yi-6B","0.60"
"202604211911_wikimqa.output","/Users/doppler/Documents/Github/CacheBlend/outputs/202604211911_wikimqa.output","example/blend_wikimqa.py","wikimqa","Yi-6B",0.6,3,10,"full_reuse","Full Reuse",0,0.529205137999725,0.293422346999705,NA,NA,"2WikiMQA","2WikiMQA (F1)","Yi-6B","0.60"
"202604211911_wikimqa.output","/Users/doppler/Documents/Github/CacheBlend/outputs/202604211911_wikimqa.output","example/blend_wikimqa.py","wikimqa","Yi-6B",0.6,3,10,"query_aware","Query-Aware",0,1.33531031999973,1.1013674349997,4096,TRUE,"2WikiMQA","2WikiMQA (F1)","Yi-6B","0.60"
"202604211911_wikimqa.output","/Users/doppler/Documents/Github/CacheBlend/outputs/202604211911_wikimqa.output","example/blend_wikimqa.py","wikimqa","Yi-6B",0.6,3,10,"full_prefill","Full Prefill",0,1.71461874599981,1.41611654400003,NA,NA,"2WikiMQA","2WikiMQA (F1)","Yi-6B","0.60"
"202604211911_wikimqa.output","/Users/doppler/Documents/Github/CacheBlend/outputs/202604211911_wikimqa.output","example/blend_wikimqa.py","wikimqa","Yi-6B",0.6,4,10,"full_reuse","Full Reuse",1,0.364454654999918,0.292054849999658,NA,NA,"2WikiMQA","2WikiMQA (F1)","Yi-6B","0.60"
"202604211911_wikimqa.output","/Users/doppler/Documents/Github/CacheBlend/outputs/202604211911_wikimqa.output","example/blend_wikimqa.py","wikimqa","Yi-6B",0.6,4,10,"query_aware","Query-Aware",1,1.09267766599987,1.02089231799982,3740,TRUE,"2WikiMQA","2WikiMQA (F1)","Yi-6B","0.60"
"202604211911_wikimqa.output","/Users/doppler/Documents/Github/CacheBlend/outputs/202604211911_wikimqa.output","example/blend_wikimqa.py","wikimqa","Yi-6B",0.6,4,10,"full_prefill","Full Prefill",1,1.36119150800005,1.28832834100012,NA,NA,"2WikiMQA","2WikiMQA (F1)","Yi-6B","0.60"
"202604211911_wikimqa.output","/Users/doppler/Documents/Github/CacheBlend/outputs/202604211911_wikimqa.output","example/blend_wikimqa.py","wikimqa","Yi-6B",0.6,5,10,"full_reuse","Full Reuse",0.285714285714286,0.533740751000096,0.29517013099985,NA,NA,"2WikiMQA","2WikiMQA (F1)","Yi-6B","0.60"
"202604211911_wikimqa.output","/Users/doppler/Documents/Github/CacheBlend/outputs/202604211911_wikimqa.output","example/blend_wikimqa.py","wikimqa","Yi-6B",0.6,5,10,"query_aware","Query-Aware",0,1.34558586899993,1.13816799200004,4258,TRUE,"2WikiMQA","2WikiMQA (F1)","Yi-6B","0.60"
"202604211911_wikimqa.output","/Users/doppler/Documents/Github/CacheBlend/outputs/202604211911_wikimqa.output","example/blend_wikimqa.py","wikimqa","Yi-6B",0.6,5,10,"full_prefill","Full Prefill",0.333333333333333,1.71530217999998,1.50753542999973,NA,NA,"2WikiMQA","2WikiMQA (F1)","Yi-6B","0.60"
"202604211911_wikimqa.output","/Users/doppler/Documents/Github/CacheBlend/outputs/202604211911_wikimqa.output","example/blend_wikimqa.py","wikimqa","Yi-6B",0.6,6,10,"full_reuse","Full Reuse",0,0.397710242000358,0.293717478000417,NA,NA,"2WikiMQA","2WikiMQA (F1)","Yi-6B","0.60"
"202604211911_wikimqa.output","/Users/doppler/Documents/Github/CacheBlend/outputs/202604211911_wikimqa.output","example/blend_wikimqa.py","wikimqa","Yi-6B",0.6,6,10,"query_aware","Query-Aware",0.25,1.84899281400021,1.08293093100019,3963,TRUE,"2WikiMQA","2WikiMQA (F1)","Yi-6B","0.60"
"202604211911_wikimqa.output","/Users/doppler/Documents/Github/CacheBlend/outputs/202604211911_wikimqa.output","example/blend_wikimqa.py","wikimqa","Yi-6B",0.6,6,10,"full_prefill","Full Prefill",0,1.69997384999988,1.3881409139999,NA,NA,"2WikiMQA","2WikiMQA (F1)","Yi-6B","0.60"
"202604211911_wikimqa.output","/Users/doppler/Documents/Github/CacheBlend/outputs/202604211911_wikimqa.output","example/blend_wikimqa.py","wikimqa","Yi-6B",0.6,7,10,"full_reuse","Full Reuse",0.235294117647059,0.802957089999836,0.343234464000034,NA,NA,"2WikiMQA","2WikiMQA (F1)","Yi-6B","0.60"
"202604211911_wikimqa.output","/Users/doppler/Documents/Github/CacheBlend/outputs/202604211911_wikimqa.output","example/blend_wikimqa.py","wikimqa","Yi-6B",0.6,7,10,"query_aware","Query-Aware",0.181818181818182,1.37813790300015,1.14438638599995,4027,TRUE,"2WikiMQA","2WikiMQA (F1)","Yi-6B","0.60"
"202604211911_wikimqa.output","/Users/doppler/Documents/Github/CacheBlend/outputs/202604211911_wikimqa.output","example/blend_wikimqa.py","wikimqa","Yi-6B",0.6,7,10,"full_prefill","Full Prefill",0,1.65278651800008,1.41629440400038,NA,NA,"2WikiMQA","2WikiMQA (F1)","Yi-6B","0.60"
"202604211911_wikimqa.output","/Users/doppler/Documents/Github/CacheBlend/outputs/202604211911_wikimqa.output","example/blend_wikimqa.py","wikimqa","Yi-6B",0.6,8,10,"full_reuse","Full Reuse",0,0.487175501000365,0.334522660000403,NA,NA,"2WikiMQA","2WikiMQA (F1)","Yi-6B","0.60"
"202604211911_wikimqa.output","/Users/doppler/Documents/Github/CacheBlend/outputs/202604211911_wikimqa.output","example/blend_wikimqa.py","wikimqa","Yi-6B",0.6,8,10,"query_aware","Query-Aware",0,1.15472216799981,1.02348218299994,3551,TRUE,"2WikiMQA","2WikiMQA (F1)","Yi-6B","0.60"
"202604211911_wikimqa.output","/Users/doppler/Documents/Github/CacheBlend/outputs/202604211911_wikimqa.output","example/blend_wikimqa.py","wikimqa","Yi-6B",0.6,8,10,"full_prefill","Full Prefill",0,1.35754313300004,1.22726554700012,NA,NA,"2WikiMQA","2WikiMQA (F1)","Yi-6B","0.60"
"202604211911_wikimqa.output","/Users/doppler/Documents/Github/CacheBlend/outputs/202604211911_wikimqa.output","example/blend_wikimqa.py","wikimqa","Yi-6B",0.6,9,10,"full_reuse","Full Reuse",0.2,0.57647331599992,0.287176138000177,NA,NA,"2WikiMQA","2WikiMQA (F1)","Yi-6B","0.60"
"202604211911_wikimqa.output","/Users/doppler/Documents/Github/CacheBlend/outputs/202604211911_wikimqa.output","example/blend_wikimqa.py","wikimqa","Yi-6B",0.6,9,10,"query_aware","Query-Aware",0,1.26435878699976,1.03752597099992,3820,TRUE,"2WikiMQA","2WikiMQA (F1)","Yi-6B","0.60"
"202604211911_wikimqa.output","/Users/doppler/Documents/Github/CacheBlend/outputs/202604211911_wikimqa.output","example/blend_wikimqa.py","wikimqa","Yi-6B",0.6,9,10,"full_prefill","Full Prefill",0,1.63487040699965,1.31264024199982,NA,NA,"2WikiMQA","2WikiMQA (F1)","Yi-6B","0.60"
"202604211911_wikimqa.output","/Users/doppler/Documents/Github/CacheBlend/outputs/202604211911_wikimqa.output","example/blend_wikimqa.py","wikimqa","Yi-6B",0.6,10,10,"full_reuse","Full Reuse",0,0.58085223299986,0.286517054999877,NA,NA,"2WikiMQA","2WikiMQA (F1)","Yi-6B","0.60"
"202604211911_wikimqa.output","/Users/doppler/Documents/Github/CacheBlend/outputs/202604211911_wikimqa.output","example/blend_wikimqa.py","wikimqa","Yi-6B",0.6,10,10,"query_aware","Query-Aware",0,1.26018662699971,1.06084838299967,3814,TRUE,"2WikiMQA","2WikiMQA (F1)","Yi-6B","0.60"
"202604211911_wikimqa.output","/Users/doppler/Documents/Github/CacheBlend/outputs/202604211911_wikimqa.output","example/blend_wikimqa.py","wikimqa","Yi-6B",0.6,10,10,"full_prefill","Full Prefill",0,1.60775833400021,1.31423334400006,NA,NA,"2WikiMQA","2WikiMQA (F1)","Yi-6B","0.60"
"202604211911_wikimqa.output","/Users/doppler/Documents/Github/CacheBlend/outputs/202604211911_wikimqa.output","example/blend_wikimqa.py","wikimqa","Yi-6B",0.6,11,10,"full_reuse","Full Reuse",1,0.544295828000031,0.285252500000297,NA,NA,"2WikiMQA","2WikiMQA (F1)","Yi-6B","0.60"
"202604211911_wikimqa.output","/Users/doppler/Documents/Github/CacheBlend/outputs/202604211911_wikimqa.output","example/blend_wikimqa.py","wikimqa","Yi-6B",0.6,11,10,"query_aware","Query-Aware",0,1.2726126790003,1.07587552500036,3873,TRUE,"2WikiMQA","2WikiMQA (F1)","Yi-6B","0.60"
"202604211911_wikimqa.output","/Users/doppler/Documents/Github/CacheBlend/outputs/202604211911_wikimqa.output","example/blend_wikimqa.py","wikimqa","Yi-6B",0.6,11,10,"full_prefill","Full Prefill",0,1.57625148300031,1.37742169300009,NA,NA,"2WikiMQA","2WikiMQA (F1)","Yi-6B","0.60"
"202604211911_wikimqa.output","/Users/doppler/Documents/Github/CacheBlend/outputs/202604211911_wikimqa.output","example/blend_wikimqa.py","wikimqa","Yi-6B",0.6,12,10,"full_reuse","Full Reuse",0.333333333333333,0.545659575000172,0.30771527700017,NA,NA,"2WikiMQA","2WikiMQA (F1)","Yi-6B","0.60"
"202604211911_wikimqa.output","/Users/doppler/Documents/Github/CacheBlend/outputs/202604211911_wikimqa.output","example/blend_wikimqa.py","wikimqa","Yi-6B",0.6,12,10,"query_aware","Query-Aware",0.153846153846154,1.29850517400018,1.09139653900002,3881,TRUE,"2WikiMQA","2WikiMQA (F1)","Yi-6B","0.60"
"202604211911_wikimqa.output","/Users/doppler/Documents/Github/CacheBlend/outputs/202604211911_wikimqa.output","example/blend_wikimqa.py","wikimqa","Yi-6B",0.6,12,10,"full_prefill","Full Prefill",0.153846153846154,1.60233788599999,1.37929613400001,NA,NA,"2WikiMQA","2WikiMQA (F1)","Yi-6B","0.60"
"202604211911_wikimqa.output","/Users/doppler/Documents/Github/CacheBlend/outputs/202604211911_wikimqa.output","example/blend_wikimqa.py","wikimqa","Yi-6B",0.6,13,10,"full_reuse","Full Reuse",0.25,0.465593457000068,0.296128799000144,NA,NA,"2WikiMQA","2WikiMQA (F1)","Yi-6B","0.60"
"202604211911_wikimqa.output","/Users/doppler/Documents/Github/CacheBlend/outputs/202604211911_wikimqa.output","example/blend_wikimqa.py","wikimqa","Yi-6B",0.6,13,10,"query_aware","Query-Aware",0,1.13365691799982,1.02759062099994,3733,TRUE,"2WikiMQA","2WikiMQA (F1)","Yi-6B","0.60"
"202604211911_wikimqa.output","/Users/doppler/Documents/Github/CacheBlend/outputs/202604211911_wikimqa.output","example/blend_wikimqa.py","wikimqa","Yi-6B",0.6,13,10,"full_prefill","Full Prefill",0,1.43588712300016,1.29531541000006,NA,NA,"2WikiMQA","2WikiMQA (F1)","Yi-6B","0.60"
"202604211911_wikimqa.output","/Users/doppler/Documents/Github/CacheBlend/outputs/202604211911_wikimqa.output","example/blend_wikimqa.py","wikimqa","Yi-6B",0.6,14,10,"full_reuse","Full Reuse",0.363636363636364,0.51418399899967,0.30364491399996,NA,NA,"2WikiMQA","2WikiMQA (F1)","Yi-6B","0.60"
"202604211911_wikimqa.output","/Users/doppler/Documents/Github/CacheBlend/outputs/202604211911_wikimqa.output","example/blend_wikimqa.py","wikimqa","Yi-6B",0.6,14,10,"query_aware","Query-Aware",0.181818181818182,1.31240169700004,1.10938730899989,4018,TRUE,"2WikiMQA","2WikiMQA (F1)","Yi-6B","0.60"
"202604211911_wikimqa.output","/Users/doppler/Documents/Github/CacheBlend/outputs/202604211911_wikimqa.output","example/blend_wikimqa.py","wikimqa","Yi-6B",0.6,14,10,"full_prefill","Full Prefill",0.181818181818182,1.605629271,1.40032076299985,NA,NA,"2WikiMQA","2WikiMQA (F1)","Yi-6B","0.60"
"202604211911_wikimqa.output","/Users/doppler/Documents/Github/CacheBlend/outputs/202604211911_wikimqa.output","example/blend_wikimqa.py","wikimqa","Yi-6B",0.6,15,10,"full_reuse","Full Reuse",0,0.394940422000218,0.290889167999921,NA,NA,"2WikiMQA","2WikiMQA (F1)","Yi-6B","0.60"
"202604211911_wikimqa.output","/Users/doppler/Documents/Github/CacheBlend/outputs/202604211911_wikimqa.output","example/blend_wikimqa.py","wikimqa","Yi-6B",0.6,15,10,"query_aware","Query-Aware",0,1.09822815999996,1.02512123499992,3733,TRUE,"2WikiMQA","2WikiMQA (F1)","Yi-6B","0.60"
"202604211911_wikimqa.output","/Users/doppler/Documents/Github/CacheBlend/outputs/202604211911_wikimqa.output","example/blend_wikimqa.py","wikimqa","Yi-6B",0.6,15,10,"full_prefill","Full Prefill",0,1.40874648699992,1.30054594600006,NA,NA,"2WikiMQA","2WikiMQA (F1)","Yi-6B","0.60"
"202604211911_wikimqa.output","/Users/doppler/Documents/Github/CacheBlend/outputs/202604211911_wikimqa.output","example/blend_wikimqa.py","wikimqa","Yi-6B",0.6,16,10,"full_reuse","Full Reuse",0,0.525877170000058,0.294273198000155,NA,NA,"2WikiMQA","2WikiMQA (F1)","Yi-6B","0.60"
"202604211911_wikimqa.output","/Users/doppler/Documents/Github/CacheBlend/outputs/202604211911_wikimqa.output","example/blend_wikimqa.py","wikimqa","Yi-6B",0.6,16,10,"query_aware","Query-Aware",0,1.23543118799989,1.09920849199989,3972,TRUE,"2WikiMQA","2WikiMQA (F1)","Yi-6B","0.60"
"202604211911_wikimqa.output","/Users/doppler/Documents/Github/CacheBlend/outputs/202604211911_wikimqa.output","example/blend_wikimqa.py","wikimqa","Yi-6B",0.6,16,10,"full_prefill","Full Prefill",0,1.56953008799974,1.40028425699984,NA,NA,"2WikiMQA","2WikiMQA (F1)","Yi-6B","0.60"
"202604211911_wikimqa.output","/Users/doppler/Documents/Github/CacheBlend/outputs/202604211911_wikimqa.output","example/blend_wikimqa.py","wikimqa","Yi-6B",0.6,17,10,"full_reuse","Full Reuse",0,0.542966681000053,0.283599303999836,NA,NA,"2WikiMQA","2WikiMQA (F1)","Yi-6B","0.60"
"202604211911_wikimqa.output","/Users/doppler/Documents/Github/CacheBlend/outputs/202604211911_wikimqa.output","example/blend_wikimqa.py","wikimqa","Yi-6B",0.6,17,10,"query_aware","Query-Aware",0,1.29959830300004,1.04061280400038,3825,TRUE,"2WikiMQA","2WikiMQA (F1)","Yi-6B","0.60"
"202604211911_wikimqa.output","/Users/doppler/Documents/Github/CacheBlend/outputs/202604211911_wikimqa.output","example/blend_wikimqa.py","wikimqa","Yi-6B",0.6,17,10,"full_prefill","Full Prefill",0,1.59782933999986,1.32137697400003,NA,NA,"2WikiMQA","2WikiMQA (F1)","Yi-6B","0.60"
"202604211911_wikimqa.output","/Users/doppler/Documents/Github/CacheBlend/outputs/202604211911_wikimqa.output","example/blend_wikimqa.py","wikimqa","Yi-6B",0.6,18,10,"full_reuse","Full Reuse",0,0.444655650000186,0.305574112000158,NA,NA,"2WikiMQA","2WikiMQA (F1)","Yi-6B","0.60"
"202604211911_wikimqa.output","/Users/doppler/Documents/Github/CacheBlend/outputs/202604211911_wikimqa.output","example/blend_wikimqa.py","wikimqa","Yi-6B",0.6,18,10,"query_aware","Query-Aware",1,1.11741665999989,1.04312672600008,3771,TRUE,"2WikiMQA","2WikiMQA (F1)","Yi-6B","0.60"
"202604211911_wikimqa.output","/Users/doppler/Documents/Github/CacheBlend/outputs/202604211911_wikimqa.output","example/blend_wikimqa.py","wikimqa","Yi-6B",0.6,18,10,"full_prefill","Full Prefill",1,1.3835653000001,1.30752675899976,NA,NA,"2WikiMQA","2WikiMQA (F1)","Yi-6B","0.60"
"202604211911_wikimqa.output","/Users/doppler/Documents/Github/CacheBlend/outputs/202604211911_wikimqa.output","example/blend_wikimqa.py","wikimqa","Yi-6B",0.6,19,10,"full_reuse","Full Reuse",1,0.419658822000201,0.341045901000143,NA,NA,"2WikiMQA","2WikiMQA (F1)","Yi-6B","0.60"
"202604211911_wikimqa.output","/Users/doppler/Documents/Github/CacheBlend/outputs/202604211911_wikimqa.output","example/blend_wikimqa.py","wikimqa","Yi-6B",0.6,19,10,"query_aware","Query-Aware",1,1.09508093199975,1.01958605800019,3456,TRUE,"2WikiMQA","2WikiMQA (F1)","Yi-6B","0.60"
"202604211911_wikimqa.output","/Users/doppler/Documents/Github/CacheBlend/outputs/202604211911_wikimqa.output","example/blend_wikimqa.py","wikimqa","Yi-6B",0.6,19,10,"full_prefill","Full Prefill",1,1.26207947100011,1.18435024100017,NA,NA,"2WikiMQA","2WikiMQA (F1)","Yi-6B","0.60"
"202604211911_wikimqa.output","/Users/doppler/Documents/Github/CacheBlend/outputs/202604211911_wikimqa.output","example/blend_wikimqa.py","wikimqa","Yi-6B",0.6,20,10,"full_reuse","Full Reuse",0,0.421134248000271,0.28821591499991,NA,NA,"2WikiMQA","2WikiMQA (F1)","Yi-6B","0.60"
"202604211911_wikimqa.output","/Users/doppler/Documents/Github/CacheBlend/outputs/202604211911_wikimqa.output","example/blend_wikimqa.py","wikimqa","Yi-6B",0.6,20,10,"query_aware","Query-Aware",0,2.0483206670001,1.01854507600001,3728,TRUE,"2WikiMQA","2WikiMQA (F1)","Yi-6B","0.60"
"202604211911_wikimqa.output","/Users/doppler/Documents/Github/CacheBlend/outputs/202604211911_wikimqa.output","example/blend_wikimqa.py","wikimqa","Yi-6B",0.6,20,10,"full_prefill","Full Prefill",0,1.64859597800023,1.30012558599992,NA,NA,"2WikiMQA","2WikiMQA (F1)","Yi-6B","0.60"
"202604211911_wikimqa.output","/Users/doppler/Documents/Github/CacheBlend/outputs/202604211911_wikimqa.output","example/blend_wikimqa.py","wikimqa","Yi-6B",0.6,21,10,"full_reuse","Full Reuse",0,0.387671284000135,0.286146779999854,NA,NA,"2WikiMQA","2WikiMQA (F1)","Yi-6B","0.60"
"202604211911_wikimqa.output","/Users/doppler/Documents/Github/CacheBlend/outputs/202604211911_wikimqa.output","example/blend_wikimqa.py","wikimqa","Yi-6B",0.6,21,10,"query_aware","Query-Aware",0,1.15121570000019,1.01851286900001,3696,TRUE,"2WikiMQA","2WikiMQA (F1)","Yi-6B","0.60"
"202604211911_wikimqa.output","/Users/doppler/Documents/Github/CacheBlend/outputs/202604211911_wikimqa.output","example/blend_wikimqa.py","wikimqa","Yi-6B",0.6,21,10,"full_prefill","Full Prefill",0,1.44859490999988,1.27867012099978,NA,NA,"2WikiMQA","2WikiMQA (F1)","Yi-6B","0.60"
"202604211911_wikimqa.output","/Users/doppler/Documents/Github/CacheBlend/outputs/202604211911_wikimqa.output","example/blend_wikimqa.py","wikimqa","Yi-6B",0.6,22,10,"full_reuse","Full Reuse",0,0.478880198000297,0.284327368000049,NA,NA,"2WikiMQA","2WikiMQA (F1)","Yi-6B","0.60"
"202604211911_wikimqa.output","/Users/doppler/Documents/Github/CacheBlend/outputs/202604211911_wikimqa.output","example/blend_wikimqa.py","wikimqa","Yi-6B",0.6,22,10,"query_aware","Query-Aware",0,1.34195910100016,1.02204131799999,3771,TRUE,"2WikiMQA","2WikiMQA (F1)","Yi-6B","0.60"
"202604211911_wikimqa.output","/Users/doppler/Documents/Github/CacheBlend/outputs/202604211911_wikimqa.output","example/blend_wikimqa.py","wikimqa","Yi-6B",0.6,22,10,"full_prefill","Full Prefill",0.142857142857143,1.53495928799975,1.30669820000003,NA,NA,"2WikiMQA","2WikiMQA (F1)","Yi-6B","0.60"
"202604211911_wikimqa.output","/Users/doppler/Documents/Github/CacheBlend/outputs/202604211911_wikimqa.output","example/blend_wikimqa.py","wikimqa","Yi-6B",0.6,23,10,"full_reuse","Full Reuse",1,0.488653653999791,0.290885106999667,NA,NA,"2WikiMQA","2WikiMQA (F1)","Yi-6B","0.60"
"202604211911_wikimqa.output","/Users/doppler/Documents/Github/CacheBlend/outputs/202604211911_wikimqa.output","example/blend_wikimqa.py","wikimqa","Yi-6B",0.6,23,10,"query_aware","Query-Aware",1,1.28313613199998,1.08507581799995,3874,TRUE,"2WikiMQA","2WikiMQA (F1)","Yi-6B","0.60"
"202604211911_wikimqa.output","/Users/doppler/Documents/Github/CacheBlend/outputs/202604211911_wikimqa.output","example/blend_wikimqa.py","wikimqa","Yi-6B",0.6,23,10,"full_prefill","Full Prefill",1,1.585467247,1.38612956199995,NA,NA,"2WikiMQA","2WikiMQA (F1)","Yi-6B","0.60"
"202604211911_wikimqa.output","/Users/doppler/Documents/Github/CacheBlend/outputs/202604211911_wikimqa.output","example/blend_wikimqa.py","wikimqa","Yi-6B",0.6,24,10,"full_reuse","Full Reuse",1,0.523504313000103,0.289819798000281,NA,NA,"2WikiMQA","2WikiMQA (F1)","Yi-6B","0.60"
"202604211911_wikimqa.output","/Users/doppler/Documents/Github/CacheBlend/outputs/202604211911_wikimqa.output","example/blend_wikimqa.py","wikimqa","Yi-6B",0.6,24,10,"query_aware","Query-Aware",1,1.30901308800003,1.10647126000003,4069,TRUE,"2WikiMQA","2WikiMQA (F1)","Yi-6B","0.60"
"202604211911_wikimqa.output","/Users/doppler/Documents/Github/CacheBlend/outputs/202604211911_wikimqa.output","example/blend_wikimqa.py","wikimqa","Yi-6B",0.6,24,10,"full_prefill","Full Prefill",1,1.63776182699985,1.43452766000019,NA,NA,"2WikiMQA","2WikiMQA (F1)","Yi-6B","0.60"
"202604211911_wikimqa.output","/Users/doppler/Documents/Github/CacheBlend/outputs/202604211911_wikimqa.output","example/blend_wikimqa.py","wikimqa","Yi-6B",0.6,25,10,"full_reuse","Full Reuse",1,0.450943684999856,0.285365085999729,NA,NA,"2WikiMQA","2WikiMQA (F1)","Yi-6B","0.60"
"202604211911_wikimqa.output","/Users/doppler/Documents/Github/CacheBlend/outputs/202604211911_wikimqa.output","example/blend_wikimqa.py","wikimqa","Yi-6B",0.6,25,10,"query_aware","Query-Aware",1,1.26355325900022,1.0862767550002,3895,TRUE,"2WikiMQA","2WikiMQA (F1)","Yi-6B","0.60"
"202604211911_wikimqa.output","/Users/doppler/Documents/Github/CacheBlend/outputs/202604211911_wikimqa.output","example/blend_wikimqa.py","wikimqa","Yi-6B",0.6,25,10,"full_prefill","Full Prefill",1,1.560834677,1.38843093900005,NA,NA,"2WikiMQA","2WikiMQA (F1)","Yi-6B","0.60"
"202604211911_wikimqa.output","/Users/doppler/Documents/Github/CacheBlend/outputs/202604211911_wikimqa.output","example/blend_wikimqa.py","wikimqa","Yi-6B",0.6,26,10,"full_reuse","Full Reuse",0,0.368946985000093,0.295790604000103,NA,NA,"2WikiMQA","2WikiMQA (F1)","Yi-6B","0.60"
"202604211911_wikimqa.output","/Users/doppler/Documents/Github/CacheBlend/outputs/202604211911_wikimqa.output","example/blend_wikimqa.py","wikimqa","Yi-6B",0.6,26,10,"query_aware","Query-Aware",0,1.25184995000018,1.05105375700032,3832,TRUE,"2WikiMQA","2WikiMQA (F1)","Yi-6B","0.60"
"202604211911_wikimqa.output","/Users/doppler/Documents/Github/CacheBlend/outputs/202604211911_wikimqa.output","example/blend_wikimqa.py","wikimqa","Yi-6B",0.6,26,10,"full_prefill","Full Prefill",0,1.40319512399992,1.32703954099998,NA,NA,"2WikiMQA","2WikiMQA (F1)","Yi-6B","0.60"
"202604211911_wikimqa.output","/Users/doppler/Documents/Github/CacheBlend/outputs/202604211911_wikimqa.output","example/blend_wikimqa.py","wikimqa","Yi-6B",0.6,27,10,"full_reuse","Full Reuse",1,0.472100360999775,0.298677795000003,NA,NA,"2WikiMQA","2WikiMQA (F1)","Yi-6B","0.60"
"202604211911_wikimqa.output","/Users/doppler/Documents/Github/CacheBlend/outputs/202604211911_wikimqa.output","example/blend_wikimqa.py","wikimqa","Yi-6B",0.6,27,10,"query_aware","Query-Aware",0,1.29260890200021,1.05635151800016,3796,TRUE,"2WikiMQA","2WikiMQA (F1)","Yi-6B","0.60"
"202604211911_wikimqa.output","/Users/doppler/Documents/Github/CacheBlend/outputs/202604211911_wikimqa.output","example/blend_wikimqa.py","wikimqa","Yi-6B",0.6,27,10,"full_prefill","Full Prefill",0,1.56148186900009,1.32272124500014,NA,NA,"2WikiMQA","2WikiMQA (F1)","Yi-6B","0.60"
"202604211911_wikimqa.output","/Users/doppler/Documents/Github/CacheBlend/outputs/202604211911_wikimqa.output","example/blend_wikimqa.py","wikimqa","Yi-6B",0.6,28,10,"full_reuse","Full Reuse",1,0.368420255000274,0.297066151999843,NA,NA,"2WikiMQA","2WikiMQA (F1)","Yi-6B","0.60"
"202604211911_wikimqa.output","/Users/doppler/Documents/Github/CacheBlend/outputs/202604211911_wikimqa.output","example/blend_wikimqa.py","wikimqa","Yi-6B",0.6,28,10,"query_aware","Query-Aware",1,1.06230811400019,0.990409868999905,3530,TRUE,"2WikiMQA","2WikiMQA (F1)","Yi-6B","0.60"
"202604211911_wikimqa.output","/Users/doppler/Documents/Github/CacheBlend/outputs/202604211911_wikimqa.output","example/blend_wikimqa.py","wikimqa","Yi-6B",0.6,28,10,"full_prefill","Full Prefill",1,1.31028993500013,1.2364887560002,NA,NA,"2WikiMQA","2WikiMQA (F1)","Yi-6B","0.60"
"202604211911_wikimqa.output","/Users/doppler/Documents/Github/CacheBlend/outputs/202604211911_wikimqa.output","example/blend_wikimqa.py","wikimqa","Yi-6B",0.6,29,10,"full_reuse","Full Reuse",0,0.511263404999681,0.306808794999597,NA,NA,"2WikiMQA","2WikiMQA (F1)","Yi-6B","0.60"
"202604211911_wikimqa.output","/Users/doppler/Documents/Github/CacheBlend/outputs/202604211911_wikimqa.output","example/blend_wikimqa.py","wikimqa","Yi-6B",0.6,29,10,"query_aware","Query-Aware",0,1.20662709900034,1.10096851300023,3990,TRUE,"2WikiMQA","2WikiMQA (F1)","Yi-6B","0.60"
"202604211911_wikimqa.output","/Users/doppler/Documents/Github/CacheBlend/outputs/202604211911_wikimqa.output","example/blend_wikimqa.py","wikimqa","Yi-6B",0.6,29,10,"full_prefill","Full Prefill",0,1.75928256900033,1.40866329800019,NA,NA,"2WikiMQA","2WikiMQA (F1)","Yi-6B","0.60"
"202604211911_wikimqa.output","/Users/doppler/Documents/Github/CacheBlend/outputs/202604211911_wikimqa.output","example/blend_wikimqa.py","wikimqa","Yi-6B",0.6,30,10,"full_reuse","Full Reuse",0,0.416541533999862,0.285603018000074,NA,NA,"2WikiMQA","2WikiMQA (F1)","Yi-6B","0.60"
"202604211911_wikimqa.output","/Users/doppler/Documents/Github/CacheBlend/outputs/202604211911_wikimqa.output","example/blend_wikimqa.py","wikimqa","Yi-6B",0.6,30,10,"query_aware","Query-Aware",0,1.207497805,1.0129246030001,3630,TRUE,"2WikiMQA","2WikiMQA (F1)","Yi-6B","0.60"
"202604211911_wikimqa.output","/Users/doppler/Documents/Github/CacheBlend/outputs/202604211911_wikimqa.output","example/blend_wikimqa.py","wikimqa","Yi-6B",0.6,30,10,"full_prefill","Full Prefill",0,1.61084842299988,1.26471842699993,NA,NA,"2WikiMQA","2WikiMQA (F1)","Yi-6B","0.60"
"202604211916_samsum.output","/Users/doppler/Documents/Github/CacheBlend/outputs/202604211916_samsum.output","example/blend_samsum.py","samsum","Yi-6B",0.6,1,53,"full_reuse","Full Reuse",NA,1.42728118600007,1.12198853200016,NA,NA,"SAMSum","SAMSum (Rouge-L)","Yi-6B","0.60"
"202604211916_samsum.output","/Users/doppler/Documents/Github/CacheBlend/outputs/202604211916_samsum.output","example/blend_samsum.py","samsum","Yi-6B",0.6,1,53,"query_aware","Query-Aware",NA,5.20462676600027,2.60757100399996,6582,TRUE,"SAMSum","SAMSum (Rouge-L)","Yi-6B","0.60"
"202604211916_samsum.output","/Users/doppler/Documents/Github/CacheBlend/outputs/202604211916_samsum.output","example/blend_samsum.py","samsum","Yi-6B",0.6,1,53,"full_prefill","Full Prefill",NA,5.05974260400035,2.43842653500042,NA,NA,"SAMSum","SAMSum (Rouge-L)","Yi-6B","0.60"
"202604211916_samsum.output","/Users/doppler/Documents/Github/CacheBlend/outputs/202604211916_samsum.output","example/blend_samsum.py","samsum","Yi-6B",0.6,2,14,"full_reuse","Full Reuse",NA,1.75311600199984,0.342418453999926,NA,NA,"SAMSum","SAMSum (Rouge-L)","Yi-6B","0.60"
"202604211916_samsum.output","/Users/doppler/Documents/Github/CacheBlend/outputs/202604211916_samsum.output","example/blend_samsum.py","samsum","Yi-6B",0.6,2,14,"query_aware","Query-Aware",NA,2.73939629899996,0.719723305000116,1729,TRUE,"SAMSum","SAMSum (Rouge-L)","Yi-6B","0.60"
"202604211916_samsum.output","/Users/doppler/Documents/Github/CacheBlend/outputs/202604211916_samsum.output","example/blend_samsum.py","samsum","Yi-6B",0.6,2,14,"full_prefill","Full Prefill",NA,2.61466092799992,0.618673756000135,NA,NA,"SAMSum","SAMSum (Rouge-L)","Yi-6B","0.60"
"202604211916_samsum.output","/Users/doppler/Documents/Github/CacheBlend/outputs/202604211916_samsum.output","example/blend_samsum.py","samsum","Yi-6B",0.6,3,76,"full_reuse","Full Reuse",NA,1.75608006500033,1.60677203600017,NA,NA,"SAMSum","SAMSum (Rouge-L)","Yi-6B","0.60"
"202604211916_samsum.output","/Users/doppler/Documents/Github/CacheBlend/outputs/202604211916_samsum.output","example/blend_samsum.py","samsum","Yi-6B",0.6,3,76,"query_aware","Query-Aware",NA,7.03122069900019,3.5756649609998,9094,TRUE,"SAMSum","SAMSum (Rouge-L)","Yi-6B","0.60"
"202604211916_samsum.output","/Users/doppler/Documents/Github/CacheBlend/outputs/202604211916_samsum.output","example/blend_samsum.py","samsum","Yi-6B",0.6,3,76,"full_prefill","Full Prefill",NA,7.1538047439999,3.7079905239998,NA,NA,"SAMSum","SAMSum (Rouge-L)","Yi-6B","0.60"
"202604211916_samsum.output","/Users/doppler/Documents/Github/CacheBlend/outputs/202604211916_samsum.output","example/blend_samsum.py","samsum","Yi-6B",0.6,4,59,"full_reuse","Full Reuse",NA,1.68355833900023,1.28514436800015,NA,NA,"SAMSum","SAMSum (Rouge-L)","Yi-6B","0.60"
"202604211916_samsum.output","/Users/doppler/Documents/Github/CacheBlend/outputs/202604211916_samsum.output","example/blend_samsum.py","samsum","Yi-6B",0.6,4,59,"query_aware","Query-Aware",NA,5.04754581600037,2.45389117900004,5787,TRUE,"SAMSum","SAMSum (Rouge-L)","Yi-6B","0.60"
"202604211916_samsum.output","/Users/doppler/Documents/Github/CacheBlend/outputs/202604211916_samsum.output","example/blend_samsum.py","samsum","Yi-6B",0.6,4,59,"full_prefill","Full Prefill",NA,4.62824472600005,2.17366802800007,NA,NA,"SAMSum","SAMSum (Rouge-L)","Yi-6B","0.60"
"202604211916_samsum.output","/Users/doppler/Documents/Github/CacheBlend/outputs/202604211916_samsum.output","example/blend_samsum.py","samsum","Yi-6B",0.6,5,53,"full_reuse","Full Reuse",NA,1.96664285199995,1.47975728400024,NA,NA,"SAMSum","SAMSum (Rouge-L)","Yi-6B","0.60"
"202604211916_samsum.output","/Users/doppler/Documents/Github/CacheBlend/outputs/202604211916_samsum.output","example/blend_samsum.py","samsum","Yi-6B",0.6,5,53,"query_aware","Query-Aware",NA,5.39196272399977,2.69140864899964,6590,TRUE,"SAMSum","SAMSum (Rouge-L)","Yi-6B","0.60"
"202604211916_samsum.output","/Users/doppler/Documents/Github/CacheBlend/outputs/202604211916_samsum.output","example/blend_samsum.py","samsum","Yi-6B",0.6,5,53,"full_prefill","Full Prefill",NA,5.40460922300008,2.68542538700012,NA,NA,"SAMSum","SAMSum (Rouge-L)","Yi-6B","0.60"
"202604211916_samsum.output","/Users/doppler/Documents/Github/CacheBlend/outputs/202604211916_samsum.output","example/blend_samsum.py","samsum","Yi-6B",0.6,6,82,"full_reuse","Full Reuse",NA,2.66504369299992,1.77610280299996,NA,NA,"SAMSum","SAMSum (Rouge-L)","Yi-6B","0.60"
"202604211916_samsum.output","/Users/doppler/Documents/Github/CacheBlend/outputs/202604211916_samsum.output","example/blend_samsum.py","samsum","Yi-6B",0.6,6,82,"query_aware","Query-Aware",NA,4.09187754999994,3.9304017139998,9830,TRUE,"SAMSum","SAMSum (Rouge-L)","Yi-6B","0.60"
"202604211916_samsum.output","/Users/doppler/Documents/Github/CacheBlend/outputs/202604211916_samsum.output","example/blend_samsum.py","samsum","Yi-6B",0.6,6,82,"full_prefill","Full Prefill",NA,7.83683026500012,4.1623975790003,NA,NA,"SAMSum","SAMSum (Rouge-L)","Yi-6B","0.60"
"202604211916_samsum.output","/Users/doppler/Documents/Github/CacheBlend/outputs/202604211916_samsum.output","example/blend_samsum.py","samsum","Yi-6B",0.6,7,91,"full_reuse","Full Reuse",NA,3.2523067889997,2.12215356099978,NA,NA,"SAMSum","SAMSum (Rouge-L)","Yi-6B","0.60"
"202604211916_samsum.output","/Users/doppler/Documents/Github/CacheBlend/outputs/202604211916_samsum.output","example/blend_samsum.py","samsum","Yi-6B",0.6,7,91,"query_aware","Query-Aware",NA,8.87204854599986,4.77209352999989,11674,TRUE,"SAMSum","SAMSum (Rouge-L)","Yi-6B","0.60"
"202604211916_samsum.output","/Users/doppler/Documents/Github/CacheBlend/outputs/202604211916_samsum.output","example/blend_samsum.py","samsum","Yi-6B",0.6,7,91,"full_prefill","Full Prefill",NA,9.31374670000014,5.20311695700002,NA,NA,"SAMSum","SAMSum (Rouge-L)","Yi-6B","0.60"
"202604211916_samsum.output","/Users/doppler/Documents/Github/CacheBlend/outputs/202604211916_samsum.output","example/blend_samsum.py","samsum","Yi-6B",0.6,8,98,"full_reuse","Full Reuse",NA,2.37471616500034,2.19092586600027,NA,NA,"SAMSum","SAMSum (Rouge-L)","Yi-6B","0.60"
"202604211916_samsum.output","/Users/doppler/Documents/Github/CacheBlend/outputs/202604211916_samsum.output","example/blend_samsum.py","samsum","Yi-6B",0.6,8,98,"query_aware","Query-Aware",NA,8.88094085800003,4.80455239899993,11623,TRUE,"SAMSum","SAMSum (Rouge-L)","Yi-6B","0.60"
"202604211916_samsum.output","/Users/doppler/Documents/Github/CacheBlend/outputs/202604211916_samsum.output","example/blend_samsum.py","samsum","Yi-6B",0.6,8,98,"full_prefill","Full Prefill",NA,9.20599382,5.12216323800021,NA,NA,"SAMSum","SAMSum (Rouge-L)","Yi-6B","0.60"
"202604211916_samsum.output","/Users/doppler/Documents/Github/CacheBlend/outputs/202604211916_samsum.output","example/blend_samsum.py","samsum","Yi-6B",0.6,9,72,"full_reuse","Full Reuse",NA,1.79327050100028,1.60707821000005,NA,NA,"SAMSum","SAMSum (Rouge-L)","Yi-6B","0.60"
"202604211916_samsum.output","/Users/doppler/Documents/Github/CacheBlend/outputs/202604211916_samsum.output","example/blend_samsum.py","samsum","Yi-6B",0.6,9,72,"query_aware","Query-Aware",NA,6.43016690299964,3.25731822399985,8113,TRUE,"SAMSum","SAMSum (Rouge-L)","Yi-6B","0.60"
"202604211916_samsum.output","/Users/doppler/Documents/Github/CacheBlend/outputs/202604211916_samsum.output","example/blend_samsum.py","samsum","Yi-6B",0.6,9,72,"full_prefill","Full Prefill",NA,6.40601546800008,3.22533967700019,NA,NA,"SAMSum","SAMSum (Rouge-L)","Yi-6B","0.60"
"202604211916_samsum.output","/Users/doppler/Documents/Github/CacheBlend/outputs/202604211916_samsum.output","example/blend_samsum.py","samsum","Yi-6B",0.6,10,15,"full_reuse","Full Reuse",NA,0.525148136000098,0.410171205000097,NA,NA,"SAMSum","SAMSum (Rouge-L)","Yi-6B","0.60"
"202604211916_samsum.output","/Users/doppler/Documents/Github/CacheBlend/outputs/202604211916_samsum.output","example/blend_samsum.py","samsum","Yi-6B",0.6,10,15,"query_aware","Query-Aware",NA,2.80767566299983,0.808477577999838,1988,TRUE,"SAMSum","SAMSum (Rouge-L)","Yi-6B","0.60"
"202604211916_samsum.output","/Users/doppler/Documents/Github/CacheBlend/outputs/202604211916_samsum.output","example/blend_samsum.py","samsum","Yi-6B",0.6,10,15,"full_prefill","Full Prefill",NA,2.81075138000006,0.777295879000121,NA,NA,"SAMSum","SAMSum (Rouge-L)","Yi-6B","0.60"
"202604211916_samsum.output","/Users/doppler/Documents/Github/CacheBlend/outputs/202604211916_samsum.output","example/blend_samsum.py","samsum","Yi-6B",0.6,11,58,"full_reuse","Full Reuse",NA,1.3443495749998,1.22854986699986,NA,NA,"SAMSum","SAMSum (Rouge-L)","Yi-6B","0.60"
"202604211916_samsum.output","/Users/doppler/Documents/Github/CacheBlend/outputs/202604211916_samsum.output","example/blend_samsum.py","samsum","Yi-6B",0.6,11,58,"query_aware","Query-Aware",NA,5.37458057699996,2.66567909899959,6866,TRUE,"SAMSum","SAMSum (Rouge-L)","Yi-6B","0.60"
"202604211916_samsum.output","/Users/doppler/Documents/Github/CacheBlend/outputs/202604211916_samsum.output","example/blend_samsum.py","samsum","Yi-6B",0.6,11,58,"full_prefill","Full Prefill",NA,5.3358374999998,2.6237423739999,NA,NA,"SAMSum","SAMSum (Rouge-L)","Yi-6B","0.60"
"202604211916_samsum.output","/Users/doppler/Documents/Github/CacheBlend/outputs/202604211916_samsum.output","example/blend_samsum.py","samsum","Yi-6B",0.6,12,53,"full_reuse","Full Reuse",NA,1.66588675399998,1.15005946199972,NA,NA,"SAMSum","SAMSum (Rouge-L)","Yi-6B","0.60"
"202604211916_samsum.output","/Users/doppler/Documents/Github/CacheBlend/outputs/202604211916_samsum.output","example/blend_samsum.py","samsum","Yi-6B",0.6,12,53,"query_aware","Query-Aware",NA,2.66835247800009,2.55631129799986,6706,TRUE,"SAMSum","SAMSum (Rouge-L)","Yi-6B","0.60"
"202604211916_samsum.output","/Users/doppler/Documents/Github/CacheBlend/outputs/202604211916_samsum.output","example/blend_samsum.py","samsum","Yi-6B",0.6,12,53,"full_prefill","Full Prefill",NA,5.26410750800005,2.60265446199992,NA,NA,"SAMSum","SAMSum (Rouge-L)","Yi-6B","0.60"
"202604211916_samsum.output","/Users/doppler/Documents/Github/CacheBlend/outputs/202604211916_samsum.output","example/blend_samsum.py","samsum","Yi-6B",0.6,13,31,"full_reuse","Full Reuse",NA,1.60736967799994,0.695401517999926,NA,NA,"SAMSum","SAMSum (Rouge-L)","Yi-6B","0.60"
"202604211916_samsum.output","/Users/doppler/Documents/Github/CacheBlend/outputs/202604211916_samsum.output","example/blend_samsum.py","samsum","Yi-6B",0.6,13,31,"query_aware","Query-Aware",NA,3.35330071299995,1.35847336500001,3434,TRUE,"SAMSum","SAMSum (Rouge-L)","Yi-6B","0.60"
"202604211916_samsum.output","/Users/doppler/Documents/Github/CacheBlend/outputs/202604211916_samsum.output","example/blend_samsum.py","samsum","Yi-6B",0.6,13,31,"full_prefill","Full Prefill",NA,3.2972455879999,1.24986526500015,NA,NA,"SAMSum","SAMSum (Rouge-L)","Yi-6B","0.60"
"202604211916_samsum.output","/Users/doppler/Documents/Github/CacheBlend/outputs/202604211916_samsum.output","example/blend_samsum.py","samsum","Yi-6B",0.6,14,79,"full_reuse","Full Reuse",NA,1.8213977649998,1.6185472369998,NA,NA,"SAMSum","SAMSum (Rouge-L)","Yi-6B","0.60"
"202604211916_samsum.output","/Users/doppler/Documents/Github/CacheBlend/outputs/202604211916_samsum.output","example/blend_samsum.py","samsum","Yi-6B",0.6,14,79,"query_aware","Query-Aware",NA,7.02878843400003,3.56724652299999,9081,TRUE,"SAMSum","SAMSum (Rouge-L)","Yi-6B","0.60"
"202604211916_samsum.output","/Users/doppler/Documents/Github/CacheBlend/outputs/202604211916_samsum.output","example/blend_samsum.py","samsum","Yi-6B",0.6,14,79,"full_prefill","Full Prefill",NA,7.20373839399963,3.74860826699978,NA,NA,"SAMSum","SAMSum (Rouge-L)","Yi-6B","0.60"
"202604211916_samsum.output","/Users/doppler/Documents/Github/CacheBlend/outputs/202604211916_samsum.output","example/blend_samsum.py","samsum","Yi-6B",0.6,15,51,"full_reuse","Full Reuse",NA,4.11286130500002,1.13068665100036,NA,NA,"SAMSum","SAMSum (Rouge-L)","Yi-6B","0.60"
"202604211916_samsum.output","/Users/doppler/Documents/Github/CacheBlend/outputs/202604211916_samsum.output","example/blend_samsum.py","samsum","Yi-6B",0.6,15,51,"query_aware","Query-Aware",NA,5.71589853600017,2.72959041600006,7580,TRUE,"SAMSum","SAMSum (Rouge-L)","Yi-6B","0.60"
"202604211916_samsum.output","/Users/doppler/Documents/Github/CacheBlend/outputs/202604211916_samsum.output","example/blend_samsum.py","samsum","Yi-6B",0.6,15,51,"full_prefill","Full Prefill",NA,5.97825981100004,2.98607738600003,NA,NA,"SAMSum","SAMSum (Rouge-L)","Yi-6B","0.60"
"202604211916_samsum.output","/Users/doppler/Documents/Github/CacheBlend/outputs/202604211916_samsum.output","example/blend_samsum.py","samsum","Yi-6B",0.6,16,56,"full_reuse","Full Reuse",NA,1.32157284599998,1.206343887,NA,NA,"SAMSum","SAMSum (Rouge-L)","Yi-6B","0.60"
"202604211916_samsum.output","/Users/doppler/Documents/Github/CacheBlend/outputs/202604211916_samsum.output","example/blend_samsum.py","samsum","Yi-6B",0.6,16,56,"query_aware","Query-Aware",NA,5.3443898139999,2.63042885599998,6894,TRUE,"SAMSum","SAMSum (Rouge-L)","Yi-6B","0.60"
"202604211916_samsum.output","/Users/doppler/Documents/Github/CacheBlend/outputs/202604211916_samsum.output","example/blend_samsum.py","samsum","Yi-6B",0.6,16,56,"full_prefill","Full Prefill",NA,5.35369667100031,2.63584169000023,NA,NA,"SAMSum","SAMSum (Rouge-L)","Yi-6B","0.60"
"202604211916_samsum.output","/Users/doppler/Documents/Github/CacheBlend/outputs/202604211916_samsum.output","example/blend_samsum.py","samsum","Yi-6B",0.6,17,26,"full_reuse","Full Reuse",NA,0.73061423099989,0.571630494000146,NA,NA,"SAMSum","SAMSum (Rouge-L)","Yi-6B","0.60"
"202604211916_samsum.output","/Users/doppler/Documents/Github/CacheBlend/outputs/202604211916_samsum.output","example/blend_samsum.py","samsum","Yi-6B",0.6,17,26,"query_aware","Query-Aware",NA,3.19025784199994,1.1711302460003,3057,TRUE,"SAMSum","SAMSum (Rouge-L)","Yi-6B","0.60"
"202604211916_samsum.output","/Users/doppler/Documents/Github/CacheBlend/outputs/202604211916_samsum.output","example/blend_samsum.py","samsum","Yi-6B",0.6,17,26,"full_prefill","Full Prefill",NA,3.11522563100016,1.08816140500039,NA,NA,"SAMSum","SAMSum (Rouge-L)","Yi-6B","0.60"
"202604211916_samsum.output","/Users/doppler/Documents/Github/CacheBlend/outputs/202604211916_samsum.output","example/blend_samsum.py","samsum","Yi-6B",0.6,18,21,"full_reuse","Full Reuse",NA,0.989700569999968,0.472264731999985,NA,NA,"SAMSum","SAMSum (Rouge-L)","Yi-6B","0.60"
"202604211916_samsum.output","/Users/doppler/Documents/Github/CacheBlend/outputs/202604211916_samsum.output","example/blend_samsum.py","samsum","Yi-6B",0.6,18,21,"query_aware","Query-Aware",NA,2.96667536599989,0.899155875999895,2133,TRUE,"SAMSum","SAMSum (Rouge-L)","Yi-6B","0.60"
"202604211916_samsum.output","/Users/doppler/Documents/Github/CacheBlend/outputs/202604211916_samsum.output","example/blend_samsum.py","samsum","Yi-6B",0.6,18,21,"full_prefill","Full Prefill",NA,2.83988578400022,0.737350674000027,NA,NA,"SAMSum","SAMSum (Rouge-L)","Yi-6B","0.60"
"202604211916_samsum.output","/Users/doppler/Documents/Github/CacheBlend/outputs/202604211916_samsum.output","example/blend_samsum.py","samsum","Yi-6B",0.6,19,95,"full_reuse","Full Reuse",NA,2.77855036099982,1.98725259599996,NA,NA,"SAMSum","SAMSum (Rouge-L)","Yi-6B","0.60"
"202604211916_samsum.output","/Users/doppler/Documents/Github/CacheBlend/outputs/202604211916_samsum.output","example/blend_samsum.py","samsum","Yi-6B",0.6,19,95,"query_aware","Query-Aware",NA,7.95159182299994,4.21486882499994,10163,TRUE,"SAMSum","SAMSum (Rouge-L)","Yi-6B","0.60"
"202604211916_samsum.output","/Users/doppler/Documents/Github/CacheBlend/outputs/202604211916_samsum.output","example/blend_samsum.py","samsum","Yi-6B",0.6,19,95,"full_prefill","Full Prefill",NA,8.08828965199973,4.33918973699974,NA,NA,"SAMSum","SAMSum (Rouge-L)","Yi-6B","0.60"
"202604211916_samsum.output","/Users/doppler/Documents/Github/CacheBlend/outputs/202604211916_samsum.output","example/blend_samsum.py","samsum","Yi-6B",0.6,20,30,"full_reuse","Full Reuse",NA,1.19089792700015,0.62607620000017,NA,NA,"SAMSum","SAMSum (Rouge-L)","Yi-6B","0.60"
"202604211916_samsum.output","/Users/doppler/Documents/Github/CacheBlend/outputs/202604211916_samsum.output","example/blend_samsum.py","samsum","Yi-6B",0.6,20,30,"query_aware","Query-Aware",NA,3.44206764,1.26593310699991,3288,TRUE,"SAMSum","SAMSum (Rouge-L)","Yi-6B","0.60"
"202604211916_samsum.output","/Users/doppler/Documents/Github/CacheBlend/outputs/202604211916_samsum.output","example/blend_samsum.py","samsum","Yi-6B",0.6,20,30,"full_prefill","Full Prefill",NA,3.13521834299991,1.14093663700032,NA,NA,"SAMSum","SAMSum (Rouge-L)","Yi-6B","0.60"
"202604211916_samsum.output","/Users/doppler/Documents/Github/CacheBlend/outputs/202604211916_samsum.output","example/blend_samsum.py","samsum","Yi-6B",0.6,21,93,"full_reuse","Full Reuse",NA,2.18769381899983,1.94665102499994,NA,NA,"SAMSum","SAMSum (Rouge-L)","Yi-6B","0.60"
"202604211916_samsum.output","/Users/doppler/Documents/Github/CacheBlend/outputs/202604211916_samsum.output","example/blend_samsum.py","samsum","Yi-6B",0.6,21,93,"query_aware","Query-Aware",NA,8.49044395700002,4.51417091700023,11272,TRUE,"SAMSum","SAMSum (Rouge-L)","Yi-6B","0.60"
"202604211916_samsum.output","/Users/doppler/Documents/Github/CacheBlend/outputs/202604211916_samsum.output","example/blend_samsum.py","samsum","Yi-6B",0.6,21,93,"full_prefill","Full Prefill",NA,8.86293463399988,4.88520381099988,NA,NA,"SAMSum","SAMSum (Rouge-L)","Yi-6B","0.60"
"202604211916_samsum.output","/Users/doppler/Documents/Github/CacheBlend/outputs/202604211916_samsum.output","example/blend_samsum.py","samsum","Yi-6B",0.6,22,97,"full_reuse","Full Reuse",NA,2.25355337700012,2.07194214900028,NA,NA,"SAMSum","SAMSum (Rouge-L)","Yi-6B","0.60"
"202604211916_samsum.output","/Users/doppler/Documents/Github/CacheBlend/outputs/202604211916_samsum.output","example/blend_samsum.py","samsum","Yi-6B",0.6,22,97,"query_aware","Query-Aware",NA,8.5977477739998,4.63979329099993,11148,TRUE,"SAMSum","SAMSum (Rouge-L)","Yi-6B","0.60"
"202604211916_samsum.output","/Users/doppler/Documents/Github/CacheBlend/outputs/202604211916_samsum.output","example/blend_samsum.py","samsum","Yi-6B",0.6,22,97,"full_prefill","Full Prefill",NA,8.82724341899984,4.85965253699987,NA,NA,"SAMSum","SAMSum (Rouge-L)","Yi-6B","0.60"
"202604211916_samsum.output","/Users/doppler/Documents/Github/CacheBlend/outputs/202604211916_samsum.output","example/blend_samsum.py","samsum","Yi-6B",0.6,23,18,"full_reuse","Full Reuse",NA,0.588176088000182,0.468619392000164,NA,NA,"SAMSum","SAMSum (Rouge-L)","Yi-6B","0.60"
"202604211916_samsum.output","/Users/doppler/Documents/Github/CacheBlend/outputs/202604211916_samsum.output","example/blend_samsum.py","samsum","Yi-6B",0.6,23,18,"query_aware","Query-Aware",NA,2.86476216400024,0.897669993999898,2143,TRUE,"SAMSum","SAMSum (Rouge-L)","Yi-6B","0.60"
"202604211916_samsum.output","/Users/doppler/Documents/Github/CacheBlend/outputs/202604211916_samsum.output","example/blend_samsum.py","samsum","Yi-6B",0.6,23,18,"full_prefill","Full Prefill",NA,2.86280309099993,0.845261158000085,NA,NA,"SAMSum","SAMSum (Rouge-L)","Yi-6B","0.60"
"202604211916_samsum.output","/Users/doppler/Documents/Github/CacheBlend/outputs/202604211916_samsum.output","example/blend_samsum.py","samsum","Yi-6B",0.6,24,34,"full_reuse","Full Reuse",NA,1.0088724860002,0.818657452000025,NA,NA,"SAMSum","SAMSum (Rouge-L)","Yi-6B","0.60"
"202604211916_samsum.output","/Users/doppler/Documents/Github/CacheBlend/outputs/202604211916_samsum.output","example/blend_samsum.py","samsum","Yi-6B",0.6,24,34,"query_aware","Query-Aware",NA,4.03230401300016,1.7818814530001,4703,TRUE,"SAMSum","SAMSum (Rouge-L)","Yi-6B","0.60"
"202604211916_samsum.output","/Users/doppler/Documents/Github/CacheBlend/outputs/202604211916_samsum.output","example/blend_samsum.py","samsum","Yi-6B",0.6,24,34,"full_prefill","Full Prefill",NA,4.06407552099972,1.8119502339996,NA,NA,"SAMSum","SAMSum (Rouge-L)","Yi-6B","0.60"
"202604211916_samsum.output","/Users/doppler/Documents/Github/CacheBlend/outputs/202604211916_samsum.output","example/blend_samsum.py","samsum","Yi-6B",0.6,25,79,"full_reuse","Full Reuse",NA,2.62678799600008,1.68972109600008,NA,NA,"SAMSum","SAMSum (Rouge-L)","Yi-6B","0.60"
"202604211916_samsum.output","/Users/doppler/Documents/Github/CacheBlend/outputs/202604211916_samsum.output","example/blend_samsum.py","samsum","Yi-6B",0.6,25,79,"query_aware","Query-Aware",NA,7.49220821500012,3.84405221599991,9799,TRUE,"SAMSum","SAMSum (Rouge-L)","Yi-6B","0.60"
"202604211916_samsum.output","/Users/doppler/Documents/Github/CacheBlend/outputs/202604211916_samsum.output","example/blend_samsum.py","samsum","Yi-6B",0.6,25,79,"full_prefill","Full Prefill",NA,7.78343636300042,4.1388993190003,NA,NA,"SAMSum","SAMSum (Rouge-L)","Yi-6B","0.60"
"202604211916_samsum.output","/Users/doppler/Documents/Github/CacheBlend/outputs/202604211916_samsum.output","example/blend_samsum.py","samsum","Yi-6B",0.6,26,21,"full_reuse","Full Reuse",NA,0.709597063999809,0.547710714999994,NA,NA,"SAMSum","SAMSum (Rouge-L)","Yi-6B","0.60"
"202604211916_samsum.output","/Users/doppler/Documents/Github/CacheBlend/outputs/202604211916_samsum.output","example/blend_samsum.py","samsum","Yi-6B",0.6,26,21,"query_aware","Query-Aware",NA,3.17707375400005,1.19469076999985,3138,TRUE,"SAMSum","SAMSum (Rouge-L)","Yi-6B","0.60"
"202604211916_samsum.output","/Users/doppler/Documents/Github/CacheBlend/outputs/202604211916_samsum.output","example/blend_samsum.py","samsum","Yi-6B",0.6,26,21,"full_prefill","Full Prefill",NA,3.15630253000018,1.19872243000009,NA,NA,"SAMSum","SAMSum (Rouge-L)","Yi-6B","0.60"
"202604211916_samsum.output","/Users/doppler/Documents/Github/CacheBlend/outputs/202604211916_samsum.output","example/blend_samsum.py","samsum","Yi-6B",0.6,27,60,"full_reuse","Full Reuse",NA,1.33275160299991,1.21314606099986,NA,NA,"SAMSum","SAMSum (Rouge-L)","Yi-6B","0.60"
"202604211916_samsum.output","/Users/doppler/Documents/Github/CacheBlend/outputs/202604211916_samsum.output","example/blend_samsum.py","samsum","Yi-6B",0.6,27,60,"query_aware","Query-Aware",NA,5.56811193299973,2.74962430999994,7245,TRUE,"SAMSum","SAMSum (Rouge-L)","Yi-6B","0.60"
"202604211916_samsum.output","/Users/doppler/Documents/Github/CacheBlend/outputs/202604211916_samsum.output","example/blend_samsum.py","samsum","Yi-6B",0.6,27,60,"full_prefill","Full Prefill",NA,5.611250251,2.79056946899982,NA,NA,"SAMSum","SAMSum (Rouge-L)","Yi-6B","0.60"
"202604211916_samsum.output","/Users/doppler/Documents/Github/CacheBlend/outputs/202604211916_samsum.output","example/blend_samsum.py","samsum","Yi-6B",0.6,28,86,"full_reuse","Full Reuse",NA,1.9034970419998,1.74806955999975,NA,NA,"SAMSum","SAMSum (Rouge-L)","Yi-6B","0.60"
"202604211916_samsum.output","/Users/doppler/Documents/Github/CacheBlend/outputs/202604211916_samsum.output","example/blend_samsum.py","samsum","Yi-6B",0.6,28,86,"query_aware","Query-Aware",NA,7.41254066500005,3.84694868799988,9528,TRUE,"SAMSum","SAMSum (Rouge-L)","Yi-6B","0.60"
"202604211916_samsum.output","/Users/doppler/Documents/Github/CacheBlend/outputs/202604211916_samsum.output","example/blend_samsum.py","samsum","Yi-6B",0.6,28,86,"full_prefill","Full Prefill",NA,7.53351808400021,3.96458955000026,NA,NA,"SAMSum","SAMSum (Rouge-L)","Yi-6B","0.60"
"202604211916_samsum.output","/Users/doppler/Documents/Github/CacheBlend/outputs/202604211916_samsum.output","example/blend_samsum.py","samsum","Yi-6B",0.6,29,56,"full_reuse","Full Reuse",NA,1.35929126300016,1.24865030899991,NA,NA,"SAMSum","SAMSum (Rouge-L)","Yi-6B","0.60"
"202604211916_samsum.output","/Users/doppler/Documents/Github/CacheBlend/outputs/202604211916_samsum.output","example/blend_samsum.py","samsum","Yi-6B",0.6,29,56,"query_aware","Query-Aware",NA,2.70411525200007,2.5929842229998,6439,TRUE,"SAMSum","SAMSum (Rouge-L)","Yi-6B","0.60"
"202604211916_samsum.output","/Users/doppler/Documents/Github/CacheBlend/outputs/202604211916_samsum.output","example/blend_samsum.py","samsum","Yi-6B",0.6,29,56,"full_prefill","Full Prefill",NA,5.16241595100018,2.54197984199982,NA,NA,"SAMSum","SAMSum (Rouge-L)","Yi-6B","0.60"
"202604211916_samsum.output","/Users/doppler/Documents/Github/CacheBlend/outputs/202604211916_samsum.output","example/blend_samsum.py","samsum","Yi-6B",0.6,30,98,"full_reuse","Full Reuse",NA,2.30345874300019,2.10268005600028,NA,NA,"SAMSum","SAMSum (Rouge-L)","Yi-6B","0.60"
"202604211916_samsum.output","/Users/doppler/Documents/Github/CacheBlend/outputs/202604211916_samsum.output","example/blend_samsum.py","samsum","Yi-6B",0.6,30,98,"query_aware","Query-Aware",NA,9.46380808999993,5.13643079999974,12672,TRUE,"SAMSum","SAMSum (Rouge-L)","Yi-6B","0.60"
"202604211916_samsum.output","/Users/doppler/Documents/Github/CacheBlend/outputs/202604211916_samsum.output","example/blend_samsum.py","samsum","Yi-6B",0.6,30,98,"full_prefill","Full Prefill",NA,10.3058862939997,5.9789207509998,NA,NA,"SAMSum","SAMSum (Rouge-L)","Yi-6B","0.60"
"202604212222_musique.output","/Users/doppler/Documents/Github/CacheBlend/outputs/202604212222_musique.output","example/blend_musique.py","musique","Qwen2.5-1.5B",0.6,1,10,"full_reuse","Full Reuse",0.666666666666667,0.457949579998967,0.268275312999322,NA,NA,"Musique","Musique (F1)","Qwen2.5-1.5B","0.60"
"202604212222_musique.output","/Users/doppler/Documents/Github/CacheBlend/outputs/202604212222_musique.output","example/blend_musique.py","musique","Qwen2.5-1.5B",0.6,1,10,"query_aware","Query-Aware",0.571428571428572,1.59182802299983,0.598548831998414,3579,TRUE,"Musique","Musique (F1)","Qwen2.5-1.5B","0.60"
"202604212222_musique.output","/Users/doppler/Documents/Github/CacheBlend/outputs/202604212222_musique.output","example/blend_musique.py","musique","Qwen2.5-1.5B",0.6,1,10,"full_prefill","Full Prefill",0.333333333333333,0.804208159001064,0.354456913000831,NA,NA,"Musique","Musique (F1)","Qwen2.5-1.5B","0.60"
"202604212222_musique.output","/Users/doppler/Documents/Github/CacheBlend/outputs/202604212222_musique.output","example/blend_musique.py","musique","Qwen2.5-1.5B",0.6,2,10,"full_reuse","Full Reuse",0.2,1.2881627429997,0.266704829999071,NA,NA,"Musique","Musique (F1)","Qwen2.5-1.5B","0.60"
"202604212222_musique.output","/Users/doppler/Documents/Github/CacheBlend/outputs/202604212222_musique.output","example/blend_musique.py","musique","Qwen2.5-1.5B",0.6,2,10,"query_aware","Query-Aware",1,1.46150223499899,0.466453961000298,3469,TRUE,"Musique","Musique (F1)","Qwen2.5-1.5B","0.60"
"202604212222_musique.output","/Users/doppler/Documents/Github/CacheBlend/outputs/202604212222_musique.output","example/blend_musique.py","musique","Qwen2.5-1.5B",0.6,2,10,"full_prefill","Full Prefill",1,0.470745405000343,0.341156114000114,NA,NA,"Musique","Musique (F1)","Qwen2.5-1.5B","0.60"
"202604212222_musique.output","/Users/doppler/Documents/Github/CacheBlend/outputs/202604212222_musique.output","example/blend_musique.py","musique","Qwen2.5-1.5B",0.6,3,10,"full_reuse","Full Reuse",0,1.25946634499996,0.269450417001281,NA,NA,"Musique","Musique (F1)","Qwen2.5-1.5B","0.60"
"202604212222_musique.output","/Users/doppler/Documents/Github/CacheBlend/outputs/202604212222_musique.output","example/blend_musique.py","musique","Qwen2.5-1.5B",0.6,3,10,"query_aware","Query-Aware",0,1.58141694899859,0.48986534299911,3538,TRUE,"Musique","Musique (F1)","Qwen2.5-1.5B","0.60"
"202604212222_musique.output","/Users/doppler/Documents/Github/CacheBlend/outputs/202604212222_musique.output","example/blend_musique.py","musique","Qwen2.5-1.5B",0.6,3,10,"full_prefill","Full Prefill",0.206896551724138,1.39347521999844,0.34946486699846,NA,NA,"Musique","Musique (F1)","Qwen2.5-1.5B","0.60"
"202604212222_musique.output","/Users/doppler/Documents/Github/CacheBlend/outputs/202604212222_musique.output","example/blend_musique.py","musique","Qwen2.5-1.5B",0.6,4,10,"full_reuse","Full Reuse",0,0.509229048000634,0.298010847000114,NA,NA,"Musique","Musique (F1)","Qwen2.5-1.5B","0.60"
"202604212222_musique.output","/Users/doppler/Documents/Github/CacheBlend/outputs/202604212222_musique.output","example/blend_musique.py","musique","Qwen2.5-1.5B",0.6,4,10,"query_aware","Query-Aware",0,0.606989460000477,0.500300444000459,3528,TRUE,"Musique","Musique (F1)","Qwen2.5-1.5B","0.60"
"202604212222_musique.output","/Users/doppler/Documents/Github/CacheBlend/outputs/202604212222_musique.output","example/blend_musique.py","musique","Qwen2.5-1.5B",0.6,4,10,"full_prefill","Full Prefill",0,0.456308278999131,0.348990702999799,NA,NA,"Musique","Musique (F1)","Qwen2.5-1.5B","0.60"
"202604212222_musique.output","/Users/doppler/Documents/Github/CacheBlend/outputs/202604212222_musique.output","example/blend_musique.py","musique","Qwen2.5-1.5B",0.6,5,10,"full_reuse","Full Reuse",0.285714285714286,0.928237829000864,0.298621040001308,NA,NA,"Musique","Musique (F1)","Qwen2.5-1.5B","0.60"
"202604212222_musique.output","/Users/doppler/Documents/Github/CacheBlend/outputs/202604212222_musique.output","example/blend_musique.py","musique","Qwen2.5-1.5B",0.6,5,10,"query_aware","Query-Aware",0,1.6493497090014,0.501205735001349,3543,TRUE,"Musique","Musique (F1)","Qwen2.5-1.5B","0.60"
"202604212222_musique.output","/Users/doppler/Documents/Github/CacheBlend/outputs/202604212222_musique.output","example/blend_musique.py","musique","Qwen2.5-1.5B",0.6,5,10,"full_prefill","Full Prefill",0,0.561952395000844,0.34925690000091,NA,NA,"Musique","Musique (F1)","Qwen2.5-1.5B","0.60"
"202604212222_musique.output","/Users/doppler/Documents/Github/CacheBlend/outputs/202604212222_musique.output","example/blend_musique.py","musique","Qwen2.5-1.5B",0.6,6,10,"full_reuse","Full Reuse",0,1.43601712599957,0.298820130999957,NA,NA,"Musique","Musique (F1)","Qwen2.5-1.5B","0.60"
"202604212222_musique.output","/Users/doppler/Documents/Github/CacheBlend/outputs/202604212222_musique.output","example/blend_musique.py","musique","Qwen2.5-1.5B",0.6,6,10,"query_aware","Query-Aware",0,1.62674950600012,0.489609206999376,3424,TRUE,"Musique","Musique (F1)","Qwen2.5-1.5B","0.60"
"202604212222_musique.output","/Users/doppler/Documents/Github/CacheBlend/outputs/202604212222_musique.output","example/blend_musique.py","musique","Qwen2.5-1.5B",0.6,6,10,"full_prefill","Full Prefill",0,0.618347072000688,0.33865416899971,NA,NA,"Musique","Musique (F1)","Qwen2.5-1.5B","0.60"
"202604212222_musique.output","/Users/doppler/Documents/Github/CacheBlend/outputs/202604212222_musique.output","example/blend_musique.py","musique","Qwen2.5-1.5B",0.6,7,10,"full_reuse","Full Reuse",0,0.373223664999387,0.301019542999711,NA,NA,"Musique","Musique (F1)","Qwen2.5-1.5B","0.60"
"202604212222_musique.output","/Users/doppler/Documents/Github/CacheBlend/outputs/202604212222_musique.output","example/blend_musique.py","musique","Qwen2.5-1.5B",0.6,7,10,"query_aware","Query-Aware",0,1.63655383099831,0.480675106999115,3444,TRUE,"Musique","Musique (F1)","Qwen2.5-1.5B","0.60"
"202604212222_musique.output","/Users/doppler/Documents/Github/CacheBlend/outputs/202604212222_musique.output","example/blend_musique.py","musique","Qwen2.5-1.5B",0.6,7,10,"full_prefill","Full Prefill",0,0.412705790000473,0.340549546001057,NA,NA,"Musique","Musique (F1)","Qwen2.5-1.5B","0.60"
"202604212222_musique.output","/Users/doppler/Documents/Github/CacheBlend/outputs/202604212222_musique.output","example/blend_musique.py","musique","Qwen2.5-1.5B",0.6,8,10,"full_reuse","Full Reuse",0,1.01577042199824,0.306415863999064,NA,NA,"Musique","Musique (F1)","Qwen2.5-1.5B","0.60"
"202604212222_musique.output","/Users/doppler/Documents/Github/CacheBlend/outputs/202604212222_musique.output","example/blend_musique.py","musique","Qwen2.5-1.5B",0.6,8,10,"query_aware","Query-Aware",0,1.70441622200087,0.523846993000916,3514,TRUE,"Musique","Musique (F1)","Qwen2.5-1.5B","0.60"
"202604212222_musique.output","/Users/doppler/Documents/Github/CacheBlend/outputs/202604212222_musique.output","example/blend_musique.py","musique","Qwen2.5-1.5B",0.6,8,10,"full_prefill","Full Prefill",0,1.51741899899935,0.348463360000096,NA,NA,"Musique","Musique (F1)","Qwen2.5-1.5B","0.60"
"202604212222_musique.output","/Users/doppler/Documents/Github/CacheBlend/outputs/202604212222_musique.output","example/blend_musique.py","musique","Qwen2.5-1.5B",0.6,9,10,"full_reuse","Full Reuse",0.571428571428571,0.762087218001398,0.304500086000189,NA,NA,"Musique","Musique (F1)","Qwen2.5-1.5B","0.60"
"202604212222_musique.output","/Users/doppler/Documents/Github/CacheBlend/outputs/202604212222_musique.output","example/blend_musique.py","musique","Qwen2.5-1.5B",0.6,9,10,"query_aware","Query-Aware",0.571428571428571,1.65877967500091,0.505361816000004,3575,TRUE,"Musique","Musique (F1)","Qwen2.5-1.5B","0.60"
"202604212222_musique.output","/Users/doppler/Documents/Github/CacheBlend/outputs/202604212222_musique.output","example/blend_musique.py","musique","Qwen2.5-1.5B",0.6,9,10,"full_prefill","Full Prefill",0.307692307692308,0.496745218000797,0.353405841000495,NA,NA,"Musique","Musique (F1)","Qwen2.5-1.5B","0.60"
"202604212222_musique.output","/Users/doppler/Documents/Github/CacheBlend/outputs/202604212222_musique.output","example/blend_musique.py","musique","Qwen2.5-1.5B",0.6,10,10,"full_reuse","Full Reuse",0,0.868721056998766,0.302195541999026,NA,NA,"Musique","Musique (F1)","Qwen2.5-1.5B","0.60"
"202604212222_musique.output","/Users/doppler/Documents/Github/CacheBlend/outputs/202604212222_musique.output","example/blend_musique.py","musique","Qwen2.5-1.5B",0.6,10,10,"query_aware","Query-Aware",0,1.65956948500025,0.500981612000032,3506,TRUE,"Musique","Musique (F1)","Qwen2.5-1.5B","0.60"
"202604212222_musique.output","/Users/doppler/Documents/Github/CacheBlend/outputs/202604212222_musique.output","example/blend_musique.py","musique","Qwen2.5-1.5B",0.6,10,10,"full_prefill","Full Prefill",0.333333333333333,0.493290835000153,0.349259780001375,NA,NA,"Musique","Musique (F1)","Qwen2.5-1.5B","0.60"
"202604212222_musique.output","/Users/doppler/Documents/Github/CacheBlend/outputs/202604212222_musique.output","example/blend_musique.py","musique","Qwen2.5-1.5B",0.6,11,10,"full_reuse","Full Reuse",0,0.96576368299975,0.300317364999501,NA,NA,"Musique","Musique (F1)","Qwen2.5-1.5B","0.60"
"202604212222_musique.output","/Users/doppler/Documents/Github/CacheBlend/outputs/202604212222_musique.output","example/blend_musique.py","musique","Qwen2.5-1.5B",0.6,11,10,"query_aware","Query-Aware",0,0.6816710410003,0.505034279000029,3489,TRUE,"Musique","Musique (F1)","Qwen2.5-1.5B","0.60"
"202604212222_musique.output","/Users/doppler/Documents/Github/CacheBlend/outputs/202604212222_musique.output","example/blend_musique.py","musique","Qwen2.5-1.5B",0.6,11,10,"full_prefill","Full Prefill",0,0.562167993999537,0.348533812000824,NA,NA,"Musique","Musique (F1)","Qwen2.5-1.5B","0.60"
"202604212222_musique.output","/Users/doppler/Documents/Github/CacheBlend/outputs/202604212222_musique.output","example/blend_musique.py","musique","Qwen2.5-1.5B",0.6,12,10,"full_reuse","Full Reuse",0.4,0.450624496999808,0.30731649900008,NA,NA,"Musique","Musique (F1)","Qwen2.5-1.5B","0.60"
"202604212222_musique.output","/Users/doppler/Documents/Github/CacheBlend/outputs/202604212222_musique.output","example/blend_musique.py","musique","Qwen2.5-1.5B",0.6,12,10,"query_aware","Query-Aware",0.4,0.660543480000342,0.51150853999934,3554,TRUE,"Musique","Musique (F1)","Qwen2.5-1.5B","0.60"
"202604212222_musique.output","/Users/doppler/Documents/Github/CacheBlend/outputs/202604212222_musique.output","example/blend_musique.py","musique","Qwen2.5-1.5B",0.6,12,10,"full_prefill","Full Prefill",0.4,0.49615113300024,0.351797815001191,NA,NA,"Musique","Musique (F1)","Qwen2.5-1.5B","0.60"
"202604212222_musique.output","/Users/doppler/Documents/Github/CacheBlend/outputs/202604212222_musique.output","example/blend_musique.py","musique","Qwen2.5-1.5B",0.6,13,10,"full_reuse","Full Reuse",0,1.15608610100026,0.246394712999972,NA,NA,"Musique","Musique (F1)","Qwen2.5-1.5B","0.60"
"202604212222_musique.output","/Users/doppler/Documents/Github/CacheBlend/outputs/202604212222_musique.output","example/blend_musique.py","musique","Qwen2.5-1.5B",0.6,13,10,"query_aware","Query-Aware",0,1.36037866900006,0.456004559999201,3585,TRUE,"Musique","Musique (F1)","Qwen2.5-1.5B","0.60"
"202604212222_musique.output","/Users/doppler/Documents/Github/CacheBlend/outputs/202604212222_musique.output","example/blend_musique.py","musique","Qwen2.5-1.5B",0.6,13,10,"full_prefill","Full Prefill",0.461538461538462,1.2722151830003,0.355343257000641,NA,NA,"Musique","Musique (F1)","Qwen2.5-1.5B","0.60"
"202604212222_musique.output","/Users/doppler/Documents/Github/CacheBlend/outputs/202604212222_musique.output","example/blend_musique.py","musique","Qwen2.5-1.5B",0.6,14,10,"full_reuse","Full Reuse",0,1.1488763010002,0.242199131000234,NA,NA,"Musique","Musique (F1)","Qwen2.5-1.5B","0.60"
"202604212222_musique.output","/Users/doppler/Documents/Github/CacheBlend/outputs/202604212222_musique.output","example/blend_musique.py","musique","Qwen2.5-1.5B",0.6,14,10,"query_aware","Query-Aware",1,0.509356075999676,0.419323504998829,3324,TRUE,"Musique","Musique (F1)","Qwen2.5-1.5B","0.60"
"202604212222_musique.output","/Users/doppler/Documents/Github/CacheBlend/outputs/202604212222_musique.output","example/blend_musique.py","musique","Qwen2.5-1.5B",0.6,14,10,"full_prefill","Full Prefill",1,0.421406051998929,0.330285227999411,NA,NA,"Musique","Musique (F1)","Qwen2.5-1.5B","0.60"
"202604212222_musique.output","/Users/doppler/Documents/Github/CacheBlend/outputs/202604212222_musique.output","example/blend_musique.py","musique","Qwen2.5-1.5B",0.6,15,10,"full_reuse","Full Reuse",0,0.93780814999991,0.243486605999351,NA,NA,"Musique","Musique (F1)","Qwen2.5-1.5B","0.60"
"202604212222_musique.output","/Users/doppler/Documents/Github/CacheBlend/outputs/202604212222_musique.output","example/blend_musique.py","musique","Qwen2.5-1.5B",0.6,15,10,"query_aware","Query-Aware",0,0.51356947000022,0.422711953999169,3448,TRUE,"Musique","Musique (F1)","Qwen2.5-1.5B","0.60"
"202604212222_musique.output","/Users/doppler/Documents/Github/CacheBlend/outputs/202604212222_musique.output","example/blend_musique.py","musique","Qwen2.5-1.5B",0.6,15,10,"full_prefill","Full Prefill",0,0.489830509999592,0.342614443999992,NA,NA,"Musique","Musique (F1)","Qwen2.5-1.5B","0.60"
"202604212222_musique.output","/Users/doppler/Documents/Github/CacheBlend/outputs/202604212222_musique.output","example/blend_musique.py","musique","Qwen2.5-1.5B",0.6,16,10,"full_reuse","Full Reuse",0.222222222222222,1.17032866199952,0.246429404000082,NA,NA,"Musique","Musique (F1)","Qwen2.5-1.5B","0.60"
"202604212222_musique.output","/Users/doppler/Documents/Github/CacheBlend/outputs/202604212222_musique.output","example/blend_musique.py","musique","Qwen2.5-1.5B",0.6,16,10,"query_aware","Query-Aware",0,1.37038039700019,0.455464459000723,3620,TRUE,"Musique","Musique (F1)","Qwen2.5-1.5B","0.60"
"202604212222_musique.output","/Users/doppler/Documents/Github/CacheBlend/outputs/202604212222_musique.output","example/blend_musique.py","musique","Qwen2.5-1.5B",0.6,16,10,"full_prefill","Full Prefill",0.333333333333333,1.28063308200035,0.35710275800011,NA,NA,"Musique","Musique (F1)","Qwen2.5-1.5B","0.60"
"202604212222_musique.output","/Users/doppler/Documents/Github/CacheBlend/outputs/202604212222_musique.output","example/blend_musique.py","musique","Qwen2.5-1.5B",0.6,17,10,"full_reuse","Full Reuse",0.285714285714286,1.15625255099985,0.245099926998591,NA,NA,"Musique","Musique (F1)","Qwen2.5-1.5B","0.60"
"202604212222_musique.output","/Users/doppler/Documents/Github/CacheBlend/outputs/202604212222_musique.output","example/blend_musique.py","musique","Qwen2.5-1.5B",0.6,17,10,"query_aware","Query-Aware",0,0.622966180000731,0.448337891000847,3583,TRUE,"Musique","Musique (F1)","Qwen2.5-1.5B","0.60"
"202604212222_musique.output","/Users/doppler/Documents/Github/CacheBlend/outputs/202604212222_musique.output","example/blend_musique.py","musique","Qwen2.5-1.5B",0.6,17,10,"full_prefill","Full Prefill",0,0.531542695000098,0.355885770000896,NA,NA,"Musique","Musique (F1)","Qwen2.5-1.5B","0.60"
"202604212222_musique.output","/Users/doppler/Documents/Github/CacheBlend/outputs/202604212222_musique.output","example/blend_musique.py","musique","Qwen2.5-1.5B",0.6,18,10,"full_reuse","Full Reuse",0,1.16221797700018,0.244967265000014,NA,NA,"Musique","Musique (F1)","Qwen2.5-1.5B","0.60"
"202604212222_musique.output","/Users/doppler/Documents/Github/CacheBlend/outputs/202604212222_musique.output","example/blend_musique.py","musique","Qwen2.5-1.5B",0.6,18,10,"query_aware","Query-Aware",0,0.543751413999416,0.449368072999278,3563,TRUE,"Musique","Musique (F1)","Qwen2.5-1.5B","0.60"
"202604212222_musique.output","/Users/doppler/Documents/Github/CacheBlend/outputs/202604212222_musique.output","example/blend_musique.py","musique","Qwen2.5-1.5B",0.6,18,10,"full_prefill","Full Prefill",0.5,0.476103256998613,0.354487023998445,NA,NA,"Musique","Musique (F1)","Qwen2.5-1.5B","0.60"
"202604212222_musique.output","/Users/doppler/Documents/Github/CacheBlend/outputs/202604212222_musique.output","example/blend_musique.py","musique","Qwen2.5-1.5B",0.6,19,10,"full_reuse","Full Reuse",0,0.647275982999417,0.259923562998665,NA,NA,"Musique","Musique (F1)","Qwen2.5-1.5B","0.60"
"202604212222_musique.output","/Users/doppler/Documents/Github/CacheBlend/outputs/202604212222_musique.output","example/blend_musique.py","musique","Qwen2.5-1.5B",0.6,19,10,"query_aware","Query-Aware",0,1.42770368199854,0.469025004998912,3598,TRUE,"Musique","Musique (F1)","Qwen2.5-1.5B","0.60"
"202604212222_musique.output","/Users/doppler/Documents/Github/CacheBlend/outputs/202604212222_musique.output","example/blend_musique.py","musique","Qwen2.5-1.5B",0.6,19,10,"full_prefill","Full Prefill",0.0740740740740741,1.32381552900006,0.35637166000015,NA,NA,"Musique","Musique (F1)","Qwen2.5-1.5B","0.60"
"202604212222_musique.output","/Users/doppler/Documents/Github/CacheBlend/outputs/202604212222_musique.output","example/blend_musique.py","musique","Qwen2.5-1.5B",0.6,20,10,"full_reuse","Full Reuse",0,0.536220660000254,0.250229207000302,NA,NA,"Musique","Musique (F1)","Qwen2.5-1.5B","0.60"
"202604212222_musique.output","/Users/doppler/Documents/Github/CacheBlend/outputs/202604212222_musique.output","example/blend_musique.py","musique","Qwen2.5-1.5B",0.6,20,10,"query_aware","Query-Aware",0,0.550659050000831,0.456760929999291,3651,TRUE,"Musique","Musique (F1)","Qwen2.5-1.5B","0.60"
"202604212222_musique.output","/Users/doppler/Documents/Github/CacheBlend/outputs/202604212222_musique.output","example/blend_musique.py","musique","Qwen2.5-1.5B",0.6,20,10,"full_prefill","Full Prefill",1,0.487309590000223,0.360813022000002,NA,NA,"Musique","Musique (F1)","Qwen2.5-1.5B","0.60"
"202604212222_musique.output","/Users/doppler/Documents/Github/CacheBlend/outputs/202604212222_musique.output","example/blend_musique.py","musique","Qwen2.5-1.5B",0.6,21,10,"full_reuse","Full Reuse",0,0.419864756000607,0.245143321000796,NA,NA,"Musique","Musique (F1)","Qwen2.5-1.5B","0.60"
"202604212222_musique.output","/Users/doppler/Documents/Github/CacheBlend/outputs/202604212222_musique.output","example/blend_musique.py","musique","Qwen2.5-1.5B",0.6,21,10,"query_aware","Query-Aware",0,1.36352550499942,0.446227847000046,3457,TRUE,"Musique","Musique (F1)","Qwen2.5-1.5B","0.60"
"202604212222_musique.output","/Users/doppler/Documents/Github/CacheBlend/outputs/202604212222_musique.output","example/blend_musique.py","musique","Qwen2.5-1.5B",0.6,21,10,"full_prefill","Full Prefill",0,0.408415077001337,0.342801713000881,NA,NA,"Musique","Musique (F1)","Qwen2.5-1.5B","0.60"
"202604212222_musique.output","/Users/doppler/Documents/Github/CacheBlend/outputs/202604212222_musique.output","example/blend_musique.py","musique","Qwen2.5-1.5B",0.6,22,10,"full_reuse","Full Reuse",0.4,0.558568342999934,0.246879440999692,NA,NA,"Musique","Musique (F1)","Qwen2.5-1.5B","0.60"
"202604212222_musique.output","/Users/doppler/Documents/Github/CacheBlend/outputs/202604212222_musique.output","example/blend_musique.py","musique","Qwen2.5-1.5B",0.6,22,10,"query_aware","Query-Aware",0,1.36786147699968,0.457554546999745,3592,TRUE,"Musique","Musique (F1)","Qwen2.5-1.5B","0.60"
"202604212222_musique.output","/Users/doppler/Documents/Github/CacheBlend/outputs/202604212222_musique.output","example/blend_musique.py","musique","Qwen2.5-1.5B",0.6,22,10,"full_prefill","Full Prefill",0.266666666666667,0.811081456999091,0.355630698999448,NA,NA,"Musique","Musique (F1)","Qwen2.5-1.5B","0.60"
"202604212222_musique.output","/Users/doppler/Documents/Github/CacheBlend/outputs/202604212222_musique.output","example/blend_musique.py","musique","Qwen2.5-1.5B",0.6,23,10,"full_reuse","Full Reuse",0,1.2329039640008,0.264293672000349,NA,NA,"Musique","Musique (F1)","Qwen2.5-1.5B","0.60"
"202604212222_musique.output","/Users/doppler/Documents/Github/CacheBlend/outputs/202604212222_musique.output","example/blend_musique.py","musique","Qwen2.5-1.5B",0.6,23,10,"query_aware","Query-Aware",0,1.45809820799877,0.489780126999904,3724,TRUE,"Musique","Musique (F1)","Qwen2.5-1.5B","0.60"
"202604212222_musique.output","/Users/doppler/Documents/Github/CacheBlend/outputs/202604212222_musique.output","example/blend_musique.py","musique","Qwen2.5-1.5B",0.6,23,10,"full_prefill","Full Prefill",0,1.34343751900087,0.369488829001057,NA,NA,"Musique","Musique (F1)","Qwen2.5-1.5B","0.60"
"202604212222_musique.output","/Users/doppler/Documents/Github/CacheBlend/outputs/202604212222_musique.output","example/blend_musique.py","musique","Qwen2.5-1.5B",0.6,24,10,"full_reuse","Full Reuse",0,1.14583428100013,0.242584655999963,NA,NA,"Musique","Musique (F1)","Qwen2.5-1.5B","0.60"
"202604212222_musique.output","/Users/doppler/Documents/Github/CacheBlend/outputs/202604212222_musique.output","example/blend_musique.py","musique","Qwen2.5-1.5B",0.6,24,10,"query_aware","Query-Aware",0,0.546755188999668,0.426017379000768,3448,TRUE,"Musique","Musique (F1)","Qwen2.5-1.5B","0.60"
"202604212222_musique.output","/Users/doppler/Documents/Github/CacheBlend/outputs/202604212222_musique.output","example/blend_musique.py","musique","Qwen2.5-1.5B",0.6,24,10,"full_prefill","Full Prefill",0,0.435893006999322,0.343239799000003,NA,NA,"Musique","Musique (F1)","Qwen2.5-1.5B","0.60"
"202604212222_musique.output","/Users/doppler/Documents/Github/CacheBlend/outputs/202604212222_musique.output","example/blend_musique.py","musique","Qwen2.5-1.5B",0.6,25,10,"full_reuse","Full Reuse",0,0.532462938001117,0.244391723001172,NA,NA,"Musique","Musique (F1)","Qwen2.5-1.5B","0.60"
"202604212222_musique.output","/Users/doppler/Documents/Github/CacheBlend/outputs/202604212222_musique.output","example/blend_musique.py","musique","Qwen2.5-1.5B",0.6,25,10,"query_aware","Query-Aware",0.4,1.35439683599907,0.446578649000003,3522,TRUE,"Musique","Musique (F1)","Qwen2.5-1.5B","0.60"
"202604212222_musique.output","/Users/doppler/Documents/Github/CacheBlend/outputs/202604212222_musique.output","example/blend_musique.py","musique","Qwen2.5-1.5B",0.6,25,10,"full_prefill","Full Prefill",0,0.500525553999978,0.352759102999698,NA,NA,"Musique","Musique (F1)","Qwen2.5-1.5B","0.60"
"202604212222_musique.output","/Users/doppler/Documents/Github/CacheBlend/outputs/202604212222_musique.output","example/blend_musique.py","musique","Qwen2.5-1.5B",0.6,26,10,"full_reuse","Full Reuse",0.0869565217391304,1.15552648999983,0.24457369800075,NA,NA,"Musique","Musique (F1)","Qwen2.5-1.5B","0.60"
"202604212222_musique.output","/Users/doppler/Documents/Github/CacheBlend/outputs/202604212222_musique.output","example/blend_musique.py","musique","Qwen2.5-1.5B",0.6,26,10,"query_aware","Query-Aware",0,1.36671385199952,0.458978785998625,3745,TRUE,"Musique","Musique (F1)","Qwen2.5-1.5B","0.60"
"202604212222_musique.output","/Users/doppler/Documents/Github/CacheBlend/outputs/202604212222_musique.output","example/blend_musique.py","musique","Qwen2.5-1.5B",0.6,26,10,"full_prefill","Full Prefill",0.6,0.602032249000331,0.369077026000014,NA,NA,"Musique","Musique (F1)","Qwen2.5-1.5B","0.60"
"202604212222_musique.output","/Users/doppler/Documents/Github/CacheBlend/outputs/202604212222_musique.output","example/blend_musique.py","musique","Qwen2.5-1.5B",0.6,27,10,"full_reuse","Full Reuse",0,1.15758979900056,0.244100731000799,NA,NA,"Musique","Musique (F1)","Qwen2.5-1.5B","0.60"
"202604212222_musique.output","/Users/doppler/Documents/Github/CacheBlend/outputs/202604212222_musique.output","example/blend_musique.py","musique","Qwen2.5-1.5B",0.6,27,10,"query_aware","Query-Aware",0,1.35841985299885,0.446850263999295,3466,TRUE,"Musique","Musique (F1)","Qwen2.5-1.5B","0.60"
"202604212222_musique.output","/Users/doppler/Documents/Github/CacheBlend/outputs/202604212222_musique.output","example/blend_musique.py","musique","Qwen2.5-1.5B",0.6,27,10,"full_prefill","Full Prefill",0,1.25582942199981,0.34245290599938,NA,NA,"Musique","Musique (F1)","Qwen2.5-1.5B","0.60"
"202604212222_musique.output","/Users/doppler/Documents/Github/CacheBlend/outputs/202604212222_musique.output","example/blend_musique.py","musique","Qwen2.5-1.5B",0.6,28,10,"full_reuse","Full Reuse",0,1.15903164100018,0.24625801000002,NA,NA,"Musique","Musique (F1)","Qwen2.5-1.5B","0.60"
"202604212222_musique.output","/Users/doppler/Documents/Github/CacheBlend/outputs/202604212222_musique.output","example/blend_musique.py","musique","Qwen2.5-1.5B",0.6,28,10,"query_aware","Query-Aware",1,1.37829229800082,0.45970920200125,3669,TRUE,"Musique","Musique (F1)","Qwen2.5-1.5B","0.60"
"202604212222_musique.output","/Users/doppler/Documents/Github/CacheBlend/outputs/202604212222_musique.output","example/blend_musique.py","musique","Qwen2.5-1.5B",0.6,28,10,"full_prefill","Full Prefill",1,1.27456197100037,0.36058117399989,NA,NA,"Musique","Musique (F1)","Qwen2.5-1.5B","0.60"
"202604212222_musique.output","/Users/doppler/Documents/Github/CacheBlend/outputs/202604212222_musique.output","example/blend_musique.py","musique","Qwen2.5-1.5B",0.6,29,10,"full_reuse","Full Reuse",0,1.15107445099966,0.245949406998989,NA,NA,"Musique","Musique (F1)","Qwen2.5-1.5B","0.60"
"202604212222_musique.output","/Users/doppler/Documents/Github/CacheBlend/outputs/202604212222_musique.output","example/blend_musique.py","musique","Qwen2.5-1.5B",0.6,29,10,"query_aware","Query-Aware",0,1.33521107100023,0.42477763900024,3443,TRUE,"Musique","Musique (F1)","Qwen2.5-1.5B","0.60"
"202604212222_musique.output","/Users/doppler/Documents/Github/CacheBlend/outputs/202604212222_musique.output","example/blend_musique.py","musique","Qwen2.5-1.5B",0.6,29,10,"full_prefill","Full Prefill",0,0.462018760001229,0.342553483000302,NA,NA,"Musique","Musique (F1)","Qwen2.5-1.5B","0.60"
"202604212222_musique.output","/Users/doppler/Documents/Github/CacheBlend/outputs/202604212222_musique.output","example/blend_musique.py","musique","Qwen2.5-1.5B",0.6,30,10,"full_reuse","Full Reuse",0,1.1607190499999,0.245526897999298,NA,NA,"Musique","Musique (F1)","Qwen2.5-1.5B","0.60"
"202604212222_musique.output","/Users/doppler/Documents/Github/CacheBlend/outputs/202604212222_musique.output","example/blend_musique.py","musique","Qwen2.5-1.5B",0.6,30,10,"query_aware","Query-Aware",0,1.36037806000058,0.448265942999569,3577,TRUE,"Musique","Musique (F1)","Qwen2.5-1.5B","0.60"
"202604212222_musique.output","/Users/doppler/Documents/Github/CacheBlend/outputs/202604212222_musique.output","example/blend_musique.py","musique","Qwen2.5-1.5B",0.6,30,10,"full_prefill","Full Prefill",0,0.641255858001387,0.355437154001265,NA,NA,"Musique","Musique (F1)","Qwen2.5-1.5B","0.60"
"202604212222_musique.output","/Users/doppler/Documents/Github/CacheBlend/outputs/202604212222_musique.output","example/blend_musique.py","musique","Qwen2.5-1.5B",0.6,31,10,"full_reuse","Full Reuse",0.1,1.05017523300012,0.245666262000668,NA,NA,"Musique","Musique (F1)","Qwen2.5-1.5B","0.60"
"202604212222_musique.output","/Users/doppler/Documents/Github/CacheBlend/outputs/202604212222_musique.output","example/blend_musique.py","musique","Qwen2.5-1.5B",0.6,31,10,"query_aware","Query-Aware",0,1.37566855300065,0.449715954000567,3541,TRUE,"Musique","Musique (F1)","Qwen2.5-1.5B","0.60"
"202604212222_musique.output","/Users/doppler/Documents/Github/CacheBlend/outputs/202604212222_musique.output","example/blend_musique.py","musique","Qwen2.5-1.5B",0.6,31,10,"full_prefill","Full Prefill",0.0833333333333333,1.27026423300049,0.352403356999275,NA,NA,"Musique","Musique (F1)","Qwen2.5-1.5B","0.60"
"202604212222_musique.output","/Users/doppler/Documents/Github/CacheBlend/outputs/202604212222_musique.output","example/blend_musique.py","musique","Qwen2.5-1.5B",0.6,32,10,"full_reuse","Full Reuse",0,0.722211334999884,0.245096225999077,NA,NA,"Musique","Musique (F1)","Qwen2.5-1.5B","0.60"
"202604212222_musique.output","/Users/doppler/Documents/Github/CacheBlend/outputs/202604212222_musique.output","example/blend_musique.py","musique","Qwen2.5-1.5B",0.6,32,10,"query_aware","Query-Aware",0,1.35368969400042,0.449474197999734,3526,TRUE,"Musique","Musique (F1)","Qwen2.5-1.5B","0.60"
"202604212222_musique.output","/Users/doppler/Documents/Github/CacheBlend/outputs/202604212222_musique.output","example/blend_musique.py","musique","Qwen2.5-1.5B",0.6,32,10,"full_prefill","Full Prefill",0.363636363636364,0.72172803399917,0.353188088000024,NA,NA,"Musique","Musique (F1)","Qwen2.5-1.5B","0.60"
"202604212222_musique.output","/Users/doppler/Documents/Github/CacheBlend/outputs/202604212222_musique.output","example/blend_musique.py","musique","Qwen2.5-1.5B",0.6,33,10,"full_reuse","Full Reuse",0.0909090909090909,0.938154677000057,0.244276022998747,NA,NA,"Musique","Musique (F1)","Qwen2.5-1.5B","0.60"
"202604212222_musique.output","/Users/doppler/Documents/Github/CacheBlend/outputs/202604212222_musique.output","example/blend_musique.py","musique","Qwen2.5-1.5B",0.6,33,10,"query_aware","Query-Aware",0,0.674517430999913,0.445918642999459,3492,TRUE,"Musique","Musique (F1)","Qwen2.5-1.5B","0.60"
"202604212222_musique.output","/Users/doppler/Documents/Github/CacheBlend/outputs/202604212222_musique.output","example/blend_musique.py","musique","Qwen2.5-1.5B",0.6,33,10,"full_prefill","Full Prefill",0,0.525151235999147,0.35010890599915,NA,NA,"Musique","Musique (F1)","Qwen2.5-1.5B","0.60"
"202604212222_musique.output","/Users/doppler/Documents/Github/CacheBlend/outputs/202604212222_musique.output","example/blend_musique.py","musique","Qwen2.5-1.5B",0.6,34,10,"full_reuse","Full Reuse",0,0.360111632000553,0.242421494000155,NA,NA,"Musique","Musique (F1)","Qwen2.5-1.5B","0.60"
"202604212222_musique.output","/Users/doppler/Documents/Github/CacheBlend/outputs/202604212222_musique.output","example/blend_musique.py","musique","Qwen2.5-1.5B",0.6,34,10,"query_aware","Query-Aware",0,1.32533641000009,0.419590864999918,3269,TRUE,"Musique","Musique (F1)","Qwen2.5-1.5B","0.60"
"202604212222_musique.output","/Users/doppler/Documents/Github/CacheBlend/outputs/202604212222_musique.output","example/blend_musique.py","musique","Qwen2.5-1.5B",0.6,34,10,"full_prefill","Full Prefill",1,0.446449864999522,0.328516408000723,NA,NA,"Musique","Musique (F1)","Qwen2.5-1.5B","0.60"
"202604212222_musique.output","/Users/doppler/Documents/Github/CacheBlend/outputs/202604212222_musique.output","example/blend_musique.py","musique","Qwen2.5-1.5B",0.6,35,10,"full_reuse","Full Reuse",0,0.72448813200026,0.245900555999469,NA,NA,"Musique","Musique (F1)","Qwen2.5-1.5B","0.60"
"202604212222_musique.output","/Users/doppler/Documents/Github/CacheBlend/outputs/202604212222_musique.output","example/blend_musique.py","musique","Qwen2.5-1.5B",0.6,35,10,"query_aware","Query-Aware",0,1.3596907709998,0.446008097000231,3518,TRUE,"Musique","Musique (F1)","Qwen2.5-1.5B","0.60"
"202604212222_musique.output","/Users/doppler/Documents/Github/CacheBlend/outputs/202604212222_musique.output","example/blend_musique.py","musique","Qwen2.5-1.5B",0.6,35,10,"full_prefill","Full Prefill",0.6,0.583135528000639,0.350642277000588,NA,NA,"Musique","Musique (F1)","Qwen2.5-1.5B","0.60"
"202604212222_musique.output","/Users/doppler/Documents/Github/CacheBlend/outputs/202604212222_musique.output","example/blend_musique.py","musique","Qwen2.5-1.5B",0.6,36,10,"full_reuse","Full Reuse",0,0.578806162000546,0.256574768000064,NA,NA,"Musique","Musique (F1)","Qwen2.5-1.5B","0.60"
"202604212222_musique.output","/Users/doppler/Documents/Github/CacheBlend/outputs/202604212222_musique.output","example/blend_musique.py","musique","Qwen2.5-1.5B",0.6,36,10,"query_aware","Query-Aware",0,1.37413140799981,0.458686322999711,3552,TRUE,"Musique","Musique (F1)","Qwen2.5-1.5B","0.60"
"202604212222_musique.output","/Users/doppler/Documents/Github/CacheBlend/outputs/202604212222_musique.output","example/blend_musique.py","musique","Qwen2.5-1.5B",0.6,36,10,"full_prefill","Full Prefill",0,0.74667054100064,0.353356338000594,NA,NA,"Musique","Musique (F1)","Qwen2.5-1.5B","0.60"
"202604212222_musique.output","/Users/doppler/Documents/Github/CacheBlend/outputs/202604212222_musique.output","example/blend_musique.py","musique","Qwen2.5-1.5B",0.6,37,10,"full_reuse","Full Reuse",0,0.55836250900029,0.247819951000565,NA,NA,"Musique","Musique (F1)","Qwen2.5-1.5B","0.60"
"202604212222_musique.output","/Users/doppler/Documents/Github/CacheBlend/outputs/202604212222_musique.output","example/blend_musique.py","musique","Qwen2.5-1.5B",0.6,37,10,"query_aware","Query-Aware",0.5,1.36752162300036,0.457932665000044,3622,TRUE,"Musique","Musique (F1)","Qwen2.5-1.5B","0.60"
"202604212222_musique.output","/Users/doppler/Documents/Github/CacheBlend/outputs/202604212222_musique.output","example/blend_musique.py","musique","Qwen2.5-1.5B",0.6,37,10,"full_prefill","Full Prefill",0.5,0.453365704001044,0.359117862000858,NA,NA,"Musique","Musique (F1)","Qwen2.5-1.5B","0.60"
"202604212222_musique.output","/Users/doppler/Documents/Github/CacheBlend/outputs/202604212222_musique.output","example/blend_musique.py","musique","Qwen2.5-1.5B",0.6,38,10,"full_reuse","Full Reuse",0,1.15913760699914,0.249182178999035,NA,NA,"Musique","Musique (F1)","Qwen2.5-1.5B","0.60"
"202604212222_musique.output","/Users/doppler/Documents/Github/CacheBlend/outputs/202604212222_musique.output","example/blend_musique.py","musique","Qwen2.5-1.5B",0.6,38,10,"query_aware","Query-Aware",0,1.36800161800056,0.458095957999831,3661,TRUE,"Musique","Musique (F1)","Qwen2.5-1.5B","0.60"
"202604212222_musique.output","/Users/doppler/Documents/Github/CacheBlend/outputs/202604212222_musique.output","example/blend_musique.py","musique","Qwen2.5-1.5B",0.6,38,10,"full_prefill","Full Prefill",0,0.512387162001687,0.361552615000619,NA,NA,"Musique","Musique (F1)","Qwen2.5-1.5B","0.60"
"202604212222_musique.output","/Users/doppler/Documents/Github/CacheBlend/outputs/202604212222_musique.output","example/blend_musique.py","musique","Qwen2.5-1.5B",0.6,39,10,"full_reuse","Full Reuse",0,1.15650981399995,0.246157998999479,NA,NA,"Musique","Musique (F1)","Qwen2.5-1.5B","0.60"
"202604212222_musique.output","/Users/doppler/Documents/Github/CacheBlend/outputs/202604212222_musique.output","example/blend_musique.py","musique","Qwen2.5-1.5B",0.6,39,10,"query_aware","Query-Aware",0.571428571428572,1.38562365899998,0.448172276999685,3544,TRUE,"Musique","Musique (F1)","Qwen2.5-1.5B","0.60"
"202604212222_musique.output","/Users/doppler/Documents/Github/CacheBlend/outputs/202604212222_musique.output","example/blend_musique.py","musique","Qwen2.5-1.5B",0.6,39,10,"full_prefill","Full Prefill",0,0.884190889999445,0.353997051999613,NA,NA,"Musique","Musique (F1)","Qwen2.5-1.5B","0.60"
"202604212222_musique.output","/Users/doppler/Documents/Github/CacheBlend/outputs/202604212222_musique.output","example/blend_musique.py","musique","Qwen2.5-1.5B",0.6,40,10,"full_reuse","Full Reuse",0,1.15766401800101,0.245707079000567,NA,NA,"Musique","Musique (F1)","Qwen2.5-1.5B","0.60"
"202604212222_musique.output","/Users/doppler/Documents/Github/CacheBlend/outputs/202604212222_musique.output","example/blend_musique.py","musique","Qwen2.5-1.5B",0.6,40,10,"query_aware","Query-Aware",0,0.650183526999172,0.449620734998462,3510,TRUE,"Musique","Musique (F1)","Qwen2.5-1.5B","0.60"
"202604212222_musique.output","/Users/doppler/Documents/Github/CacheBlend/outputs/202604212222_musique.output","example/blend_musique.py","musique","Qwen2.5-1.5B",0.6,40,10,"full_prefill","Full Prefill",0,1.26770030999978,0.354732137999235,NA,NA,"Musique","Musique (F1)","Qwen2.5-1.5B","0.60"
"202604212222_musique.output","/Users/doppler/Documents/Github/CacheBlend/outputs/202604212222_musique.output","example/blend_musique.py","musique","Qwen2.5-1.5B",0.6,41,10,"full_reuse","Full Reuse",0,1.14825918799943,0.245586111999728,NA,NA,"Musique","Musique (F1)","Qwen2.5-1.5B","0.60"
"202604212222_musique.output","/Users/doppler/Documents/Github/CacheBlend/outputs/202604212222_musique.output","example/blend_musique.py","musique","Qwen2.5-1.5B",0.6,41,10,"query_aware","Query-Aware",0,1.35362165600054,0.450482189000468,3541,TRUE,"Musique","Musique (F1)","Qwen2.5-1.5B","0.60"
"202604212222_musique.output","/Users/doppler/Documents/Github/CacheBlend/outputs/202604212222_musique.output","example/blend_musique.py","musique","Qwen2.5-1.5B",0.6,41,10,"full_prefill","Full Prefill",0.37037037037037,1.26200268100001,0.355372871999862,NA,NA,"Musique","Musique (F1)","Qwen2.5-1.5B","0.60"
"202604212222_musique.output","/Users/doppler/Documents/Github/CacheBlend/outputs/202604212222_musique.output","example/blend_musique.py","musique","Qwen2.5-1.5B",0.6,42,10,"full_reuse","Full Reuse",0.285714285714286,1.17142860400054,0.252620244000354,NA,NA,"Musique","Musique (F1)","Qwen2.5-1.5B","0.60"
"202604212222_musique.output","/Users/doppler/Documents/Github/CacheBlend/outputs/202604212222_musique.output","example/blend_musique.py","musique","Qwen2.5-1.5B",0.6,42,10,"query_aware","Query-Aware",0.25,0.657441024999571,0.478386478000175,4033,TRUE,"Musique","Musique (F1)","Qwen2.5-1.5B","0.60"
"202604212222_musique.output","/Users/doppler/Documents/Github/CacheBlend/outputs/202604212222_musique.output","example/blend_musique.py","musique","Qwen2.5-1.5B",0.6,42,10,"full_prefill","Full Prefill",0,1.3213386970001,0.399360720000914,NA,NA,"Musique","Musique (F1)","Qwen2.5-1.5B","0.60"
"202604212222_musique.output","/Users/doppler/Documents/Github/CacheBlend/outputs/202604212222_musique.output","example/blend_musique.py","musique","Qwen2.5-1.5B",0.6,43,10,"full_reuse","Full Reuse",0,0.866930860000139,0.247436170000583,NA,NA,"Musique","Musique (F1)","Qwen2.5-1.5B","0.60"
"202604212222_musique.output","/Users/doppler/Documents/Github/CacheBlend/outputs/202604212222_musique.output","example/blend_musique.py","musique","Qwen2.5-1.5B",0.6,43,10,"query_aware","Query-Aware",0,1.34755480900094,0.427875441000651,3373,TRUE,"Musique","Musique (F1)","Qwen2.5-1.5B","0.60"
"202604212222_musique.output","/Users/doppler/Documents/Github/CacheBlend/outputs/202604212222_musique.output","example/blend_musique.py","musique","Qwen2.5-1.5B",0.6,43,10,"full_prefill","Full Prefill",0,1.25159611899835,0.341014874999019,NA,NA,"Musique","Musique (F1)","Qwen2.5-1.5B","0.60"
"202604212222_musique.output","/Users/doppler/Documents/Github/CacheBlend/outputs/202604212222_musique.output","example/blend_musique.py","musique","Qwen2.5-1.5B",0.6,44,10,"full_reuse","Full Reuse",0.4,0.761840187000416,0.25896515400018,NA,NA,"Musique","Musique (F1)","Qwen2.5-1.5B","0.60"
"202604212222_musique.output","/Users/doppler/Documents/Github/CacheBlend/outputs/202604212222_musique.output","example/blend_musique.py","musique","Qwen2.5-1.5B",0.6,44,10,"query_aware","Query-Aware",0.285714285714286,0.574760161998711,0.427581309999368,3432,TRUE,"Musique","Musique (F1)","Qwen2.5-1.5B","0.60"
"202604212222_musique.output","/Users/doppler/Documents/Github/CacheBlend/outputs/202604212222_musique.output","example/blend_musique.py","musique","Qwen2.5-1.5B",0.6,44,10,"full_prefill","Full Prefill",0.333333333333333,0.468084623000323,0.344634409999344,NA,NA,"Musique","Musique (F1)","Qwen2.5-1.5B","0.60"
"202604212222_musique.output","/Users/doppler/Documents/Github/CacheBlend/outputs/202604212222_musique.output","example/blend_musique.py","musique","Qwen2.5-1.5B",0.6,45,10,"full_reuse","Full Reuse",0.375,0.418080833000204,0.245260829000472,NA,NA,"Musique","Musique (F1)","Qwen2.5-1.5B","0.60"
"202604212222_musique.output","/Users/doppler/Documents/Github/CacheBlend/outputs/202604212222_musique.output","example/blend_musique.py","musique","Qwen2.5-1.5B",0.6,45,10,"query_aware","Query-Aware",0.25,1.3382701520004,0.424548957000297,3378,TRUE,"Musique","Musique (F1)","Qwen2.5-1.5B","0.60"
"202604212222_musique.output","/Users/doppler/Documents/Github/CacheBlend/outputs/202604212222_musique.output","example/blend_musique.py","musique","Qwen2.5-1.5B",0.6,45,10,"full_prefill","Full Prefill",0.333333333333333,0.544778781000787,0.342247344000498,NA,NA,"Musique","Musique (F1)","Qwen2.5-1.5B","0.60"
"202604212222_musique.output","/Users/doppler/Documents/Github/CacheBlend/outputs/202604212222_musique.output","example/blend_musique.py","musique","Qwen2.5-1.5B",0.6,46,10,"full_reuse","Full Reuse",0.25,0.423787374000312,0.248592179999832,NA,NA,"Musique","Musique (F1)","Qwen2.5-1.5B","0.60"
"202604212222_musique.output","/Users/doppler/Documents/Github/CacheBlend/outputs/202604212222_musique.output","example/blend_musique.py","musique","Qwen2.5-1.5B",0.6,46,10,"query_aware","Query-Aware",0.25,0.626951282998562,0.452892638999401,3525,TRUE,"Musique","Musique (F1)","Qwen2.5-1.5B","0.60"
"202604212222_musique.output","/Users/doppler/Documents/Github/CacheBlend/outputs/202604212222_musique.output","example/blend_musique.py","musique","Qwen2.5-1.5B",0.6,46,10,"full_prefill","Full Prefill",0.25,0.504287195999495,0.355518935999498,NA,NA,"Musique","Musique (F1)","Qwen2.5-1.5B","0.60"
"202604212222_musique.output","/Users/doppler/Documents/Github/CacheBlend/outputs/202604212222_musique.output","example/blend_musique.py","musique","Qwen2.5-1.5B",0.6,47,10,"full_reuse","Full Reuse",0.25,0.422693556000013,0.248092574998736,NA,NA,"Musique","Musique (F1)","Qwen2.5-1.5B","0.60"
"202604212222_musique.output","/Users/doppler/Documents/Github/CacheBlend/outputs/202604212222_musique.output","example/blend_musique.py","musique","Qwen2.5-1.5B",0.6,47,10,"query_aware","Query-Aware",0.25,1.36579568500019,0.453385363998677,3568,TRUE,"Musique","Musique (F1)","Qwen2.5-1.5B","0.60"
"202604212222_musique.output","/Users/doppler/Documents/Github/CacheBlend/outputs/202604212222_musique.output","example/blend_musique.py","musique","Qwen2.5-1.5B",0.6,47,10,"full_prefill","Full Prefill",0.25,0.535712276001505,0.359020872001565,NA,NA,"Musique","Musique (F1)","Qwen2.5-1.5B","0.60"
"202604212222_musique.output","/Users/doppler/Documents/Github/CacheBlend/outputs/202604212222_musique.output","example/blend_musique.py","musique","Qwen2.5-1.5B",0.6,48,10,"full_reuse","Full Reuse",0,0.842315506999512,0.264167684999848,NA,NA,"Musique","Musique (F1)","Qwen2.5-1.5B","0.60"
"202604212222_musique.output","/Users/doppler/Documents/Github/CacheBlend/outputs/202604212222_musique.output","example/blend_musique.py","musique","Qwen2.5-1.5B",0.6,48,10,"query_aware","Query-Aware",0,1.36116430999937,0.451320223999573,3558,TRUE,"Musique","Musique (F1)","Qwen2.5-1.5B","0.60"
"202604212222_musique.output","/Users/doppler/Documents/Github/CacheBlend/outputs/202604212222_musique.output","example/blend_musique.py","musique","Qwen2.5-1.5B",0.6,48,10,"full_prefill","Full Prefill",0,0.481968251999206,0.354709138999169,NA,NA,"Musique","Musique (F1)","Qwen2.5-1.5B","0.60"
"202604212222_musique.output","/Users/doppler/Documents/Github/CacheBlend/outputs/202604212222_musique.output","example/blend_musique.py","musique","Qwen2.5-1.5B",0.6,49,10,"full_reuse","Full Reuse",0,0.782383314999606,0.2475616669999,NA,NA,"Musique","Musique (F1)","Qwen2.5-1.5B","0.60"
"202604212222_musique.output","/Users/doppler/Documents/Github/CacheBlend/outputs/202604212222_musique.output","example/blend_musique.py","musique","Qwen2.5-1.5B",0.6,49,10,"query_aware","Query-Aware",0,1.38380931400025,0.45505332600078,3476,TRUE,"Musique","Musique (F1)","Qwen2.5-1.5B","0.60"
"202604212222_musique.output","/Users/doppler/Documents/Github/CacheBlend/outputs/202604212222_musique.output","example/blend_musique.py","musique","Qwen2.5-1.5B",0.6,49,10,"full_prefill","Full Prefill",0,0.550853099999586,0.346624445000998,NA,NA,"Musique","Musique (F1)","Qwen2.5-1.5B","0.60"
"202604212222_musique.output","/Users/doppler/Documents/Github/CacheBlend/outputs/202604212222_musique.output","example/blend_musique.py","musique","Qwen2.5-1.5B",0.6,50,10,"full_reuse","Full Reuse",0,1.15891256400027,0.247537674000341,NA,NA,"Musique","Musique (F1)","Qwen2.5-1.5B","0.60"
"202604212222_musique.output","/Users/doppler/Documents/Github/CacheBlend/outputs/202604212222_musique.output","example/blend_musique.py","musique","Qwen2.5-1.5B",0.6,50,10,"query_aware","Query-Aware",0,1.36989952900149,0.459572236000895,3615,TRUE,"Musique","Musique (F1)","Qwen2.5-1.5B","0.60"
"202604212222_musique.output","/Users/doppler/Documents/Github/CacheBlend/outputs/202604212222_musique.output","example/blend_musique.py","musique","Qwen2.5-1.5B",0.6,50,10,"full_prefill","Full Prefill",0,1.27058019600008,0.360881661999883,NA,NA,"Musique","Musique (F1)","Qwen2.5-1.5B","0.60"
