dataset,reason,sample_id,sample_idx
musique,"CUDA out of memory. Tried to allocate 4.91 GiB. GPU 0 has a total capacity of 23.56 GiB of which 4.13 GiB is free. Including non-PyTorch memory, this process has 19.42 GiB memory in use. Of the allocated memory 18.99 GiB is allocated by PyTorch, and 117.81 MiB is reserved by PyTorch but unallocated. If reserved but unallocated memory is large try setting PYTORCH_CUDA_ALLOC_CONF=expandable_segments:True to avoid fragmentation.  See documentation for Memory Management  (https://pytorch.org/docs/stable/notes/cuda.html#environment-variables)",1,1
musique,"CUDA out of memory. Tried to allocate 4.60 GiB. GPU 0 has a total capacity of 23.56 GiB of which 4.13 GiB is free. Including non-PyTorch memory, this process has 19.42 GiB memory in use. Of the allocated memory 18.51 GiB is allocated by PyTorch, and 617.78 MiB is reserved by PyTorch but unallocated. If reserved but unallocated memory is large try setting PYTORCH_CUDA_ALLOC_CONF=expandable_segments:True to avoid fragmentation.  See documentation for Memory Management  (https://pytorch.org/docs/stable/notes/cuda.html#environment-variables)",2,2
musique,"CUDA out of memory. Tried to allocate 4.67 GiB. GPU 0 has a total capacity of 23.56 GiB of which 4.13 GiB is free. Including non-PyTorch memory, this process has 19.42 GiB memory in use. Of the allocated memory 18.62 GiB is allocated by PyTorch, and 502.82 MiB is reserved by PyTorch but unallocated. If reserved but unallocated memory is large try setting PYTORCH_CUDA_ALLOC_CONF=expandable_segments:True to avoid fragmentation.  See documentation for Memory Management  (https://pytorch.org/docs/stable/notes/cuda.html#environment-variables)",3,3
musique,"CUDA out of memory. Tried to allocate 4.59 GiB. GPU 0 has a total capacity of 23.56 GiB of which 4.13 GiB is free. Including non-PyTorch memory, this process has 19.42 GiB memory in use. Of the allocated memory 18.49 GiB is allocated by PyTorch, and 636.46 MiB is reserved by PyTorch but unallocated. If reserved but unallocated memory is large try setting PYTORCH_CUDA_ALLOC_CONF=expandable_segments:True to avoid fragmentation.  See documentation for Memory Management  (https://pytorch.org/docs/stable/notes/cuda.html#environment-variables)",4,4
musique,"CUDA out of memory. Tried to allocate 4.84 GiB. GPU 0 has a total capacity of 23.56 GiB of which 4.13 GiB is free. Including non-PyTorch memory, this process has 19.42 GiB memory in use. Of the allocated memory 18.88 GiB is allocated by PyTorch, and 231.52 MiB is reserved by PyTorch but unallocated. If reserved but unallocated memory is large try setting PYTORCH_CUDA_ALLOC_CONF=expandable_segments:True to avoid fragmentation.  See documentation for Memory Management  (https://pytorch.org/docs/stable/notes/cuda.html#environment-variables)",5,5
musique,"CUDA out of memory. Tried to allocate 4.66 GiB. GPU 0 has a total capacity of 23.56 GiB of which 4.13 GiB is free. Including non-PyTorch memory, this process has 19.42 GiB memory in use. Of the allocated memory 18.61 GiB is allocated by PyTorch, and 514.59 MiB is reserved by PyTorch but unallocated. If reserved but unallocated memory is large try setting PYTORCH_CUDA_ALLOC_CONF=expandable_segments:True to avoid fragmentation.  See documentation for Memory Management  (https://pytorch.org/docs/stable/notes/cuda.html#environment-variables)",6,6
musique,"CUDA out of memory. Tried to allocate 4.46 GiB. GPU 0 has a total capacity of 23.56 GiB of which 4.13 GiB is free. Including non-PyTorch memory, this process has 19.42 GiB memory in use. Of the allocated memory 18.29 GiB is allocated by PyTorch, and 839.13 MiB is reserved by PyTorch but unallocated. If reserved but unallocated memory is large try setting PYTORCH_CUDA_ALLOC_CONF=expandable_segments:True to avoid fragmentation.  See documentation for Memory Management  (https://pytorch.org/docs/stable/notes/cuda.html#environment-variables)",7,7
musique,"CUDA out of memory. Tried to allocate 4.73 GiB. GPU 0 has a total capacity of 23.56 GiB of which 4.13 GiB is free. Including non-PyTorch memory, this process has 19.42 GiB memory in use. Of the allocated memory 18.72 GiB is allocated by PyTorch, and 403.58 MiB is reserved by PyTorch but unallocated. If reserved but unallocated memory is large try setting PYTORCH_CUDA_ALLOC_CONF=expandable_segments:True to avoid fragmentation.  See documentation for Memory Management  (https://pytorch.org/docs/stable/notes/cuda.html#environment-variables)",8,8
musique,"CUDA out of memory. Tried to allocate 4.87 GiB. GPU 0 has a total capacity of 23.56 GiB of which 4.13 GiB is free. Including non-PyTorch memory, this process has 19.42 GiB memory in use. Of the allocated memory 18.92 GiB is allocated by PyTorch, and 190.98 MiB is reserved by PyTorch but unallocated. If reserved but unallocated memory is large try setting PYTORCH_CUDA_ALLOC_CONF=expandable_segments:True to avoid fragmentation.  See documentation for Memory Management  (https://pytorch.org/docs/stable/notes/cuda.html#environment-variables)",9,9
musique,"CUDA out of memory. Tried to allocate 4.58 GiB. GPU 0 has a total capacity of 23.56 GiB of which 4.13 GiB is free. Including non-PyTorch memory, this process has 19.42 GiB memory in use. Of the allocated memory 18.48 GiB is allocated by PyTorch, and 643.46 MiB is reserved by PyTorch but unallocated. If reserved but unallocated memory is large try setting PYTORCH_CUDA_ALLOC_CONF=expandable_segments:True to avoid fragmentation.  See documentation for Memory Management  (https://pytorch.org/docs/stable/notes/cuda.html#environment-variables)",10,10
musique,"CUDA out of memory. Tried to allocate 4.64 GiB. GPU 0 has a total capacity of 23.56 GiB of which 4.13 GiB is free. Including non-PyTorch memory, this process has 19.42 GiB memory in use. Of the allocated memory 18.57 GiB is allocated by PyTorch, and 549.85 MiB is reserved by PyTorch but unallocated. If reserved but unallocated memory is large try setting PYTORCH_CUDA_ALLOC_CONF=expandable_segments:True to avoid fragmentation.  See documentation for Memory Management  (https://pytorch.org/docs/stable/notes/cuda.html#environment-variables)",11,11
musique,"CUDA out of memory. Tried to allocate 4.74 GiB. GPU 0 has a total capacity of 23.56 GiB of which 4.13 GiB is free. Including non-PyTorch memory, this process has 19.42 GiB memory in use. Of the allocated memory 18.72 GiB is allocated by PyTorch, and 398.84 MiB is reserved by PyTorch but unallocated. If reserved but unallocated memory is large try setting PYTORCH_CUDA_ALLOC_CONF=expandable_segments:True to avoid fragmentation.  See documentation for Memory Management  (https://pytorch.org/docs/stable/notes/cuda.html#environment-variables)",12,12
musique,"CUDA out of memory. Tried to allocate 4.98 GiB. GPU 0 has a total capacity of 23.56 GiB of which 1.61 GiB is free. Including non-PyTorch memory, this process has 21.94 GiB memory in use. Of the allocated memory 19.10 GiB is allocated by PyTorch, and 2.54 GiB is reserved by PyTorch but unallocated. If reserved but unallocated memory is large try setting PYTORCH_CUDA_ALLOC_CONF=expandable_segments:True to avoid fragmentation.  See documentation for Memory Management  (https://pytorch.org/docs/stable/notes/cuda.html#environment-variables)",13,13
musique,"CUDA out of memory. Tried to allocate 4.12 GiB. GPU 0 has a total capacity of 23.56 GiB of which 1.61 GiB is free. Including non-PyTorch memory, this process has 21.94 GiB memory in use. Of the allocated memory 17.77 GiB is allocated by PyTorch, and 3.87 GiB is reserved by PyTorch but unallocated. If reserved but unallocated memory is large try setting PYTORCH_CUDA_ALLOC_CONF=expandable_segments:True to avoid fragmentation.  See documentation for Memory Management  (https://pytorch.org/docs/stable/notes/cuda.html#environment-variables)",14,14
musique,"CUDA out of memory. Tried to allocate 4.53 GiB. GPU 0 has a total capacity of 23.56 GiB of which 1.61 GiB is free. Including non-PyTorch memory, this process has 21.94 GiB memory in use. Of the allocated memory 18.40 GiB is allocated by PyTorch, and 3.23 GiB is reserved by PyTorch but unallocated. If reserved but unallocated memory is large try setting PYTORCH_CUDA_ALLOC_CONF=expandable_segments:True to avoid fragmentation.  See documentation for Memory Management  (https://pytorch.org/docs/stable/notes/cuda.html#environment-variables)",15,15
musique,"CUDA out of memory. Tried to allocate 4.90 GiB. GPU 0 has a total capacity of 23.56 GiB of which 1.61 GiB is free. Including non-PyTorch memory, this process has 21.94 GiB memory in use. Of the allocated memory 18.97 GiB is allocated by PyTorch, and 2.67 GiB is reserved by PyTorch but unallocated. If reserved but unallocated memory is large try setting PYTORCH_CUDA_ALLOC_CONF=expandable_segments:True to avoid fragmentation.  See documentation for Memory Management  (https://pytorch.org/docs/stable/notes/cuda.html#environment-variables)",16,16
musique,"CUDA out of memory. Tried to allocate 4.83 GiB. GPU 0 has a total capacity of 23.56 GiB of which 1.61 GiB is free. Including non-PyTorch memory, this process has 21.94 GiB memory in use. Of the allocated memory 18.87 GiB is allocated by PyTorch, and 2.77 GiB is reserved by PyTorch but unallocated. If reserved but unallocated memory is large try setting PYTORCH_CUDA_ALLOC_CONF=expandable_segments:True to avoid fragmentation.  See documentation for Memory Management  (https://pytorch.org/docs/stable/notes/cuda.html#environment-variables)",17,17
musique,"CUDA out of memory. Tried to allocate 4.79 GiB. GPU 0 has a total capacity of 23.56 GiB of which 1.61 GiB is free. Including non-PyTorch memory, this process has 21.94 GiB memory in use. Of the allocated memory 18.79 GiB is allocated by PyTorch, and 2.84 GiB is reserved by PyTorch but unallocated. If reserved but unallocated memory is large try setting PYTORCH_CUDA_ALLOC_CONF=expandable_segments:True to avoid fragmentation.  See documentation for Memory Management  (https://pytorch.org/docs/stable/notes/cuda.html#environment-variables)",18,18
musique,"CUDA out of memory. Tried to allocate 4.83 GiB. GPU 0 has a total capacity of 23.56 GiB of which 1.61 GiB is free. Including non-PyTorch memory, this process has 21.94 GiB memory in use. Of the allocated memory 18.86 GiB is allocated by PyTorch, and 2.77 GiB is reserved by PyTorch but unallocated. If reserved but unallocated memory is large try setting PYTORCH_CUDA_ALLOC_CONF=expandable_segments:True to avoid fragmentation.  See documentation for Memory Management  (https://pytorch.org/docs/stable/notes/cuda.html#environment-variables)",19,19
musique,"CUDA out of memory. Tried to allocate 4.97 GiB. GPU 0 has a total capacity of 23.56 GiB of which 1.55 GiB is free. Including non-PyTorch memory, this process has 22.00 GiB memory in use. Of the allocated memory 19.08 GiB is allocated by PyTorch, and 2.61 GiB is reserved by PyTorch but unallocated. If reserved but unallocated memory is large try setting PYTORCH_CUDA_ALLOC_CONF=expandable_segments:True to avoid fragmentation.  See documentation for Memory Management  (https://pytorch.org/docs/stable/notes/cuda.html#environment-variables)",20,20
musique,"CUDA out of memory. Tried to allocate 4.60 GiB. GPU 0 has a total capacity of 23.56 GiB of which 1.55 GiB is free. Including non-PyTorch memory, this process has 22.00 GiB memory in use. Of the allocated memory 18.50 GiB is allocated by PyTorch, and 3.19 GiB is reserved by PyTorch but unallocated. If reserved but unallocated memory is large try setting PYTORCH_CUDA_ALLOC_CONF=expandable_segments:True to avoid fragmentation.  See documentation for Memory Management  (https://pytorch.org/docs/stable/notes/cuda.html#environment-variables)",21,21
musique,"CUDA out of memory. Tried to allocate 5.00 GiB. GPU 0 has a total capacity of 23.56 GiB of which 1.54 GiB is free. Including non-PyTorch memory, this process has 22.01 GiB memory in use. Of the allocated memory 19.13 GiB is allocated by PyTorch, and 2.58 GiB is reserved by PyTorch but unallocated. If reserved but unallocated memory is large try setting PYTORCH_CUDA_ALLOC_CONF=expandable_segments:True to avoid fragmentation.  See documentation for Memory Management  (https://pytorch.org/docs/stable/notes/cuda.html#environment-variables)",22,22
musique,"CUDA out of memory. Tried to allocate 5.32 GiB. GPU 0 has a total capacity of 23.56 GiB of which 1.22 GiB is free. Including non-PyTorch memory, this process has 22.33 GiB memory in use. Of the allocated memory 19.61 GiB is allocated by PyTorch, and 2.41 GiB is reserved by PyTorch but unallocated. If reserved but unallocated memory is large try setting PYTORCH_CUDA_ALLOC_CONF=expandable_segments:True to avoid fragmentation.  See documentation for Memory Management  (https://pytorch.org/docs/stable/notes/cuda.html#environment-variables)",23,23
musique,"CUDA out of memory. Tried to allocate 4.50 GiB. GPU 0 has a total capacity of 23.56 GiB of which 1.22 GiB is free. Including non-PyTorch memory, this process has 22.33 GiB memory in use. Of the allocated memory 18.36 GiB is allocated by PyTorch, and 3.67 GiB is reserved by PyTorch but unallocated. If reserved but unallocated memory is large try setting PYTORCH_CUDA_ALLOC_CONF=expandable_segments:True to avoid fragmentation.  See documentation for Memory Management  (https://pytorch.org/docs/stable/notes/cuda.html#environment-variables)",24,24
musique,"CUDA out of memory. Tried to allocate 4.55 GiB. GPU 0 has a total capacity of 23.56 GiB of which 1.22 GiB is free. Including non-PyTorch memory, this process has 22.33 GiB memory in use. Of the allocated memory 18.43 GiB is allocated by PyTorch, and 3.60 GiB is reserved by PyTorch but unallocated. If reserved but unallocated memory is large try setting PYTORCH_CUDA_ALLOC_CONF=expandable_segments:True to avoid fragmentation.  See documentation for Memory Management  (https://pytorch.org/docs/stable/notes/cuda.html#environment-variables)",25,25
musique,"CUDA out of memory. Tried to allocate 5.37 GiB. GPU 0 has a total capacity of 23.56 GiB of which 1.17 GiB is free. Including non-PyTorch memory, this process has 22.38 GiB memory in use. Of the allocated memory 19.70 GiB is allocated by PyTorch, and 2.38 GiB is reserved by PyTorch but unallocated. If reserved but unallocated memory is large try setting PYTORCH_CUDA_ALLOC_CONF=expandable_segments:True to avoid fragmentation.  See documentation for Memory Management  (https://pytorch.org/docs/stable/notes/cuda.html#environment-variables)",26,26
musique,"CUDA out of memory. Tried to allocate 4.45 GiB. GPU 0 has a total capacity of 23.56 GiB of which 1.17 GiB is free. Including non-PyTorch memory, this process has 22.38 GiB memory in use. Of the allocated memory 18.28 GiB is allocated by PyTorch, and 3.80 GiB is reserved by PyTorch but unallocated. If reserved but unallocated memory is large try setting PYTORCH_CUDA_ALLOC_CONF=expandable_segments:True to avoid fragmentation.  See documentation for Memory Management  (https://pytorch.org/docs/stable/notes/cuda.html#environment-variables)",27,27
musique,"CUDA out of memory. Tried to allocate 5.12 GiB. GPU 0 has a total capacity of 23.56 GiB of which 1.17 GiB is free. Including non-PyTorch memory, this process has 22.38 GiB memory in use. Of the allocated memory 14.19 GiB is allocated by PyTorch, and 7.89 GiB is reserved by PyTorch but unallocated. If reserved but unallocated memory is large try setting PYTORCH_CUDA_ALLOC_CONF=expandable_segments:True to avoid fragmentation.  See documentation for Memory Management  (https://pytorch.org/docs/stable/notes/cuda.html#environment-variables)",28,28
musique,"CUDA out of memory. Tried to allocate 4.49 GiB. GPU 0 has a total capacity of 23.56 GiB of which 1.17 GiB is free. Including non-PyTorch memory, this process has 22.38 GiB memory in use. Of the allocated memory 18.34 GiB is allocated by PyTorch, and 3.74 GiB is reserved by PyTorch but unallocated. If reserved but unallocated memory is large try setting PYTORCH_CUDA_ALLOC_CONF=expandable_segments:True to avoid fragmentation.  See documentation for Memory Management  (https://pytorch.org/docs/stable/notes/cuda.html#environment-variables)",29,29
musique,"CUDA out of memory. Tried to allocate 4.80 GiB. GPU 0 has a total capacity of 23.56 GiB of which 1.17 GiB is free. Including non-PyTorch memory, this process has 22.38 GiB memory in use. Of the allocated memory 18.82 GiB is allocated by PyTorch, and 3.26 GiB is reserved by PyTorch but unallocated. If reserved but unallocated memory is large try setting PYTORCH_CUDA_ALLOC_CONF=expandable_segments:True to avoid fragmentation.  See documentation for Memory Management  (https://pytorch.org/docs/stable/notes/cuda.html#environment-variables)",30,30
musique,"CUDA out of memory. Tried to allocate 4.59 GiB. GPU 0 has a total capacity of 23.56 GiB of which 1.17 GiB is free. Including non-PyTorch memory, this process has 22.38 GiB memory in use. Of the allocated memory 18.49 GiB is allocated by PyTorch, and 3.59 GiB is reserved by PyTorch but unallocated. If reserved but unallocated memory is large try setting PYTORCH_CUDA_ALLOC_CONF=expandable_segments:True to avoid fragmentation.  See documentation for Memory Management  (https://pytorch.org/docs/stable/notes/cuda.html#environment-variables)",31,31
musique,"CUDA out of memory. Tried to allocate 4.66 GiB. GPU 0 has a total capacity of 23.56 GiB of which 1.17 GiB is free. Including non-PyTorch memory, this process has 22.38 GiB memory in use. Of the allocated memory 18.60 GiB is allocated by PyTorch, and 3.48 GiB is reserved by PyTorch but unallocated. If reserved but unallocated memory is large try setting PYTORCH_CUDA_ALLOC_CONF=expandable_segments:True to avoid fragmentation.  See documentation for Memory Management  (https://pytorch.org/docs/stable/notes/cuda.html#environment-variables)",32,32
musique,"CUDA out of memory. Tried to allocate 4.55 GiB. GPU 0 has a total capacity of 23.56 GiB of which 1.17 GiB is free. Including non-PyTorch memory, this process has 22.38 GiB memory in use. Of the allocated memory 18.44 GiB is allocated by PyTorch, and 3.64 GiB is reserved by PyTorch but unallocated. If reserved but unallocated memory is large try setting PYTORCH_CUDA_ALLOC_CONF=expandable_segments:True to avoid fragmentation.  See documentation for Memory Management  (https://pytorch.org/docs/stable/notes/cuda.html#environment-variables)",33,33
musique,"CUDA out of memory. Tried to allocate 4.02 GiB. GPU 0 has a total capacity of 23.56 GiB of which 1.17 GiB is free. Including non-PyTorch memory, this process has 22.38 GiB memory in use. Of the allocated memory 17.62 GiB is allocated by PyTorch, and 4.46 GiB is reserved by PyTorch but unallocated. If reserved but unallocated memory is large try setting PYTORCH_CUDA_ALLOC_CONF=expandable_segments:True to avoid fragmentation.  See documentation for Memory Management  (https://pytorch.org/docs/stable/notes/cuda.html#environment-variables)",34,34
musique,"CUDA out of memory. Tried to allocate 4.75 GiB. GPU 0 has a total capacity of 23.56 GiB of which 1.17 GiB is free. Including non-PyTorch memory, this process has 22.38 GiB memory in use. Of the allocated memory 18.74 GiB is allocated by PyTorch, and 3.34 GiB is reserved by PyTorch but unallocated. If reserved but unallocated memory is large try setting PYTORCH_CUDA_ALLOC_CONF=expandable_segments:True to avoid fragmentation.  See documentation for Memory Management  (https://pytorch.org/docs/stable/notes/cuda.html#environment-variables)",35,35
musique,"CUDA out of memory. Tried to allocate 4.68 GiB. GPU 0 has a total capacity of 23.56 GiB of which 1.17 GiB is free. Including non-PyTorch memory, this process has 22.38 GiB memory in use. Of the allocated memory 18.63 GiB is allocated by PyTorch, and 3.45 GiB is reserved by PyTorch but unallocated. If reserved but unallocated memory is large try setting PYTORCH_CUDA_ALLOC_CONF=expandable_segments:True to avoid fragmentation.  See documentation for Memory Management  (https://pytorch.org/docs/stable/notes/cuda.html#environment-variables)",36,36
musique,"CUDA out of memory. Tried to allocate 4.89 GiB. GPU 0 has a total capacity of 23.56 GiB of which 1.17 GiB is free. Including non-PyTorch memory, this process has 22.38 GiB memory in use. Of the allocated memory 18.96 GiB is allocated by PyTorch, and 3.12 GiB is reserved by PyTorch but unallocated. If reserved but unallocated memory is large try setting PYTORCH_CUDA_ALLOC_CONF=expandable_segments:True to avoid fragmentation.  See documentation for Memory Management  (https://pytorch.org/docs/stable/notes/cuda.html#environment-variables)",37,37
musique,"CUDA out of memory. Tried to allocate 5.06 GiB. GPU 0 has a total capacity of 23.56 GiB of which 1.07 GiB is free. Including non-PyTorch memory, this process has 22.48 GiB memory in use. Of the allocated memory 19.22 GiB is allocated by PyTorch, and 2.95 GiB is reserved by PyTorch but unallocated. If reserved but unallocated memory is large try setting PYTORCH_CUDA_ALLOC_CONF=expandable_segments:True to avoid fragmentation.  See documentation for Memory Management  (https://pytorch.org/docs/stable/notes/cuda.html#environment-variables)",38,38
musique,"CUDA out of memory. Tried to allocate 4.77 GiB. GPU 0 has a total capacity of 23.56 GiB of which 1.07 GiB is free. Including non-PyTorch memory, this process has 22.48 GiB memory in use. Of the allocated memory 18.77 GiB is allocated by PyTorch, and 3.40 GiB is reserved by PyTorch but unallocated. If reserved but unallocated memory is large try setting PYTORCH_CUDA_ALLOC_CONF=expandable_segments:True to avoid fragmentation.  See documentation for Memory Management  (https://pytorch.org/docs/stable/notes/cuda.html#environment-variables)",39,39
musique,"CUDA out of memory. Tried to allocate 4.68 GiB. GPU 0 has a total capacity of 23.56 GiB of which 1.07 GiB is free. Including non-PyTorch memory, this process has 22.48 GiB memory in use. Of the allocated memory 18.63 GiB is allocated by PyTorch, and 3.54 GiB is reserved by PyTorch but unallocated. If reserved but unallocated memory is large try setting PYTORCH_CUDA_ALLOC_CONF=expandable_segments:True to avoid fragmentation.  See documentation for Memory Management  (https://pytorch.org/docs/stable/notes/cuda.html#environment-variables)",40,40
musique,"CUDA out of memory. Tried to allocate 4.77 GiB. GPU 0 has a total capacity of 23.56 GiB of which 1.07 GiB is free. Including non-PyTorch memory, this process has 22.48 GiB memory in use. Of the allocated memory 18.77 GiB is allocated by PyTorch, and 3.40 GiB is reserved by PyTorch but unallocated. If reserved but unallocated memory is large try setting PYTORCH_CUDA_ALLOC_CONF=expandable_segments:True to avoid fragmentation.  See documentation for Memory Management  (https://pytorch.org/docs/stable/notes/cuda.html#environment-variables)",41,41
musique,"CUDA out of memory. Tried to allocate 5.90 GiB. GPU 0 has a total capacity of 23.56 GiB of which 557.25 MiB is free. Including non-PyTorch memory, this process has 23.01 GiB memory in use. Of the allocated memory 20.51 GiB is allocated by PyTorch, and 2.19 GiB is reserved by PyTorch but unallocated. If reserved but unallocated memory is large try setting PYTORCH_CUDA_ALLOC_CONF=expandable_segments:True to avoid fragmentation.  See documentation for Memory Management  (https://pytorch.org/docs/stable/notes/cuda.html#environment-variables)",42,42
musique,"CUDA out of memory. Tried to allocate 4.44 GiB. GPU 0 has a total capacity of 23.56 GiB of which 557.25 MiB is free. Including non-PyTorch memory, this process has 23.01 GiB memory in use. Of the allocated memory 18.26 GiB is allocated by PyTorch, and 4.44 GiB is reserved by PyTorch but unallocated. If reserved but unallocated memory is large try setting PYTORCH_CUDA_ALLOC_CONF=expandable_segments:True to avoid fragmentation.  See documentation for Memory Management  (https://pytorch.org/docs/stable/notes/cuda.html#environment-variables)",43,43
musique,"CUDA out of memory. Tried to allocate 4.42 GiB. GPU 0 has a total capacity of 23.56 GiB of which 557.25 MiB is free. Including non-PyTorch memory, this process has 23.01 GiB memory in use. Of the allocated memory 18.23 GiB is allocated by PyTorch, and 4.47 GiB is reserved by PyTorch but unallocated. If reserved but unallocated memory is large try setting PYTORCH_CUDA_ALLOC_CONF=expandable_segments:True to avoid fragmentation.  See documentation for Memory Management  (https://pytorch.org/docs/stable/notes/cuda.html#environment-variables)",44,44
musique,"CUDA out of memory. Tried to allocate 4.37 GiB. GPU 0 has a total capacity of 23.56 GiB of which 557.25 MiB is free. Including non-PyTorch memory, this process has 23.01 GiB memory in use. Of the allocated memory 18.15 GiB is allocated by PyTorch, and 4.55 GiB is reserved by PyTorch but unallocated. If reserved but unallocated memory is large try setting PYTORCH_CUDA_ALLOC_CONF=expandable_segments:True to avoid fragmentation.  See documentation for Memory Management  (https://pytorch.org/docs/stable/notes/cuda.html#environment-variables)",45,45
musique,"CUDA out of memory. Tried to allocate 4.63 GiB. GPU 0 has a total capacity of 23.56 GiB of which 557.25 MiB is free. Including non-PyTorch memory, this process has 23.01 GiB memory in use. Of the allocated memory 18.56 GiB is allocated by PyTorch, and 4.14 GiB is reserved by PyTorch but unallocated. If reserved but unallocated memory is large try setting PYTORCH_CUDA_ALLOC_CONF=expandable_segments:True to avoid fragmentation.  See documentation for Memory Management  (https://pytorch.org/docs/stable/notes/cuda.html#environment-variables)",46,46
musique,"CUDA out of memory. Tried to allocate 4.74 GiB. GPU 0 has a total capacity of 23.56 GiB of which 557.25 MiB is free. Including non-PyTorch memory, this process has 23.01 GiB memory in use. Of the allocated memory 18.72 GiB is allocated by PyTorch, and 3.98 GiB is reserved by PyTorch but unallocated. If reserved but unallocated memory is large try setting PYTORCH_CUDA_ALLOC_CONF=expandable_segments:True to avoid fragmentation.  See documentation for Memory Management  (https://pytorch.org/docs/stable/notes/cuda.html#environment-variables)",47,47
musique,"CUDA out of memory. Tried to allocate 4.65 GiB. GPU 0 has a total capacity of 23.56 GiB of which 557.25 MiB is free. Including non-PyTorch memory, this process has 23.01 GiB memory in use. Of the allocated memory 18.59 GiB is allocated by PyTorch, and 4.11 GiB is reserved by PyTorch but unallocated. If reserved but unallocated memory is large try setting PYTORCH_CUDA_ALLOC_CONF=expandable_segments:True to avoid fragmentation.  See documentation for Memory Management  (https://pytorch.org/docs/stable/notes/cuda.html#environment-variables)",48,48
musique,"CUDA out of memory. Tried to allocate 4.51 GiB. GPU 0 has a total capacity of 23.56 GiB of which 557.25 MiB is free. Including non-PyTorch memory, this process has 23.01 GiB memory in use. Of the allocated memory 18.38 GiB is allocated by PyTorch, and 4.32 GiB is reserved by PyTorch but unallocated. If reserved but unallocated memory is large try setting PYTORCH_CUDA_ALLOC_CONF=expandable_segments:True to avoid fragmentation.  See documentation for Memory Management  (https://pytorch.org/docs/stable/notes/cuda.html#environment-variables)",49,49
musique,"CUDA out of memory. Tried to allocate 4.98 GiB. GPU 0 has a total capacity of 23.56 GiB of which 557.25 MiB is free. Including non-PyTorch memory, this process has 23.01 GiB memory in use. Of the allocated memory 19.10 GiB is allocated by PyTorch, and 3.60 GiB is reserved by PyTorch but unallocated. If reserved but unallocated memory is large try setting PYTORCH_CUDA_ALLOC_CONF=expandable_segments:True to avoid fragmentation.  See documentation for Memory Management  (https://pytorch.org/docs/stable/notes/cuda.html#environment-variables)",50,50
musique,"CUDA out of memory. Tried to allocate 4.44 GiB. GPU 0 has a total capacity of 23.56 GiB of which 557.25 MiB is free. Including non-PyTorch memory, this process has 23.01 GiB memory in use. Of the allocated memory 18.25 GiB is allocated by PyTorch, and 4.45 GiB is reserved by PyTorch but unallocated. If reserved but unallocated memory is large try setting PYTORCH_CUDA_ALLOC_CONF=expandable_segments:True to avoid fragmentation.  See documentation for Memory Management  (https://pytorch.org/docs/stable/notes/cuda.html#environment-variables)",51,51
musique,"CUDA out of memory. Tried to allocate 5.02 GiB. GPU 0 has a total capacity of 23.56 GiB of which 557.25 MiB is free. Including non-PyTorch memory, this process has 23.01 GiB memory in use. Of the allocated memory 19.16 GiB is allocated by PyTorch, and 3.54 GiB is reserved by PyTorch but unallocated. If reserved but unallocated memory is large try setting PYTORCH_CUDA_ALLOC_CONF=expandable_segments:True to avoid fragmentation.  See documentation for Memory Management  (https://pytorch.org/docs/stable/notes/cuda.html#environment-variables)",52,52
musique,"CUDA out of memory. Tried to allocate 4.86 GiB. GPU 0 has a total capacity of 23.56 GiB of which 557.25 MiB is free. Including non-PyTorch memory, this process has 23.01 GiB memory in use. Of the allocated memory 18.92 GiB is allocated by PyTorch, and 3.78 GiB is reserved by PyTorch but unallocated. If reserved but unallocated memory is large try setting PYTORCH_CUDA_ALLOC_CONF=expandable_segments:True to avoid fragmentation.  See documentation for Memory Management  (https://pytorch.org/docs/stable/notes/cuda.html#environment-variables)",53,53
musique,"CUDA out of memory. Tried to allocate 4.00 GiB. GPU 0 has a total capacity of 23.56 GiB of which 557.25 MiB is free. Including non-PyTorch memory, this process has 23.01 GiB memory in use. Of the allocated memory 17.58 GiB is allocated by PyTorch, and 5.12 GiB is reserved by PyTorch but unallocated. If reserved but unallocated memory is large try setting PYTORCH_CUDA_ALLOC_CONF=expandable_segments:True to avoid fragmentation.  See documentation for Memory Management  (https://pytorch.org/docs/stable/notes/cuda.html#environment-variables)",54,54
musique,"CUDA out of memory. Tried to allocate 4.51 GiB. GPU 0 has a total capacity of 23.56 GiB of which 557.25 MiB is free. Including non-PyTorch memory, this process has 23.01 GiB memory in use. Of the allocated memory 18.37 GiB is allocated by PyTorch, and 4.32 GiB is reserved by PyTorch but unallocated. If reserved but unallocated memory is large try setting PYTORCH_CUDA_ALLOC_CONF=expandable_segments:True to avoid fragmentation.  See documentation for Memory Management  (https://pytorch.org/docs/stable/notes/cuda.html#environment-variables)",55,55
musique,"CUDA out of memory. Tried to allocate 4.85 GiB. GPU 0 has a total capacity of 23.56 GiB of which 557.25 MiB is free. Including non-PyTorch memory, this process has 23.01 GiB memory in use. Of the allocated memory 18.89 GiB is allocated by PyTorch, and 3.81 GiB is reserved by PyTorch but unallocated. If reserved but unallocated memory is large try setting PYTORCH_CUDA_ALLOC_CONF=expandable_segments:True to avoid fragmentation.  See documentation for Memory Management  (https://pytorch.org/docs/stable/notes/cuda.html#environment-variables)",56,56
musique,"CUDA out of memory. Tried to allocate 4.59 GiB. GPU 0 has a total capacity of 23.56 GiB of which 557.25 MiB is free. Including non-PyTorch memory, this process has 23.01 GiB memory in use. Of the allocated memory 18.49 GiB is allocated by PyTorch, and 4.21 GiB is reserved by PyTorch but unallocated. If reserved but unallocated memory is large try setting PYTORCH_CUDA_ALLOC_CONF=expandable_segments:True to avoid fragmentation.  See documentation for Memory Management  (https://pytorch.org/docs/stable/notes/cuda.html#environment-variables)",57,57
musique,"CUDA out of memory. Tried to allocate 4.75 GiB. GPU 0 has a total capacity of 23.56 GiB of which 557.25 MiB is free. Including non-PyTorch memory, this process has 23.01 GiB memory in use. Of the allocated memory 18.75 GiB is allocated by PyTorch, and 3.95 GiB is reserved by PyTorch but unallocated. If reserved but unallocated memory is large try setting PYTORCH_CUDA_ALLOC_CONF=expandable_segments:True to avoid fragmentation.  See documentation for Memory Management  (https://pytorch.org/docs/stable/notes/cuda.html#environment-variables)",58,58
musique,"CUDA out of memory. Tried to allocate 4.64 GiB. GPU 0 has a total capacity of 23.56 GiB of which 557.25 MiB is free. Including non-PyTorch memory, this process has 23.01 GiB memory in use. Of the allocated memory 18.58 GiB is allocated by PyTorch, and 4.12 GiB is reserved by PyTorch but unallocated. If reserved but unallocated memory is large try setting PYTORCH_CUDA_ALLOC_CONF=expandable_segments:True to avoid fragmentation.  See documentation for Memory Management  (https://pytorch.org/docs/stable/notes/cuda.html#environment-variables)",59,59
musique,"CUDA out of memory. Tried to allocate 5.09 GiB. GPU 0 has a total capacity of 23.56 GiB of which 557.25 MiB is free. Including non-PyTorch memory, this process has 23.01 GiB memory in use. Of the allocated memory 14.17 GiB is allocated by PyTorch, and 8.53 GiB is reserved by PyTorch but unallocated. If reserved but unallocated memory is large try setting PYTORCH_CUDA_ALLOC_CONF=expandable_segments:True to avoid fragmentation.  See documentation for Memory Management  (https://pytorch.org/docs/stable/notes/cuda.html#environment-variables)",60,60
musique,"CUDA out of memory. Tried to allocate 4.15 GiB. GPU 0 has a total capacity of 23.56 GiB of which 557.25 MiB is free. Including non-PyTorch memory, this process has 23.01 GiB memory in use. Of the allocated memory 17.82 GiB is allocated by PyTorch, and 4.88 GiB is reserved by PyTorch but unallocated. If reserved but unallocated memory is large try setting PYTORCH_CUDA_ALLOC_CONF=expandable_segments:True to avoid fragmentation.  See documentation for Memory Management  (https://pytorch.org/docs/stable/notes/cuda.html#environment-variables)",61,61
musique,"CUDA out of memory. Tried to allocate 4.12 GiB. GPU 0 has a total capacity of 23.56 GiB of which 557.25 MiB is free. Including non-PyTorch memory, this process has 23.01 GiB memory in use. Of the allocated memory 17.77 GiB is allocated by PyTorch, and 4.93 GiB is reserved by PyTorch but unallocated. If reserved but unallocated memory is large try setting PYTORCH_CUDA_ALLOC_CONF=expandable_segments:True to avoid fragmentation.  See documentation for Memory Management  (https://pytorch.org/docs/stable/notes/cuda.html#environment-variables)",62,62
musique,"CUDA out of memory. Tried to allocate 4.87 GiB. GPU 0 has a total capacity of 23.56 GiB of which 557.25 MiB is free. Including non-PyTorch memory, this process has 23.01 GiB memory in use. Of the allocated memory 18.92 GiB is allocated by PyTorch, and 3.78 GiB is reserved by PyTorch but unallocated. If reserved but unallocated memory is large try setting PYTORCH_CUDA_ALLOC_CONF=expandable_segments:True to avoid fragmentation.  See documentation for Memory Management  (https://pytorch.org/docs/stable/notes/cuda.html#environment-variables)",63,63
musique,"CUDA out of memory. Tried to allocate 4.96 GiB. GPU 0 has a total capacity of 23.56 GiB of which 557.25 MiB is free. Including non-PyTorch memory, this process has 23.01 GiB memory in use. Of the allocated memory 19.06 GiB is allocated by PyTorch, and 3.64 GiB is reserved by PyTorch but unallocated. If reserved but unallocated memory is large try setting PYTORCH_CUDA_ALLOC_CONF=expandable_segments:True to avoid fragmentation.  See documentation for Memory Management  (https://pytorch.org/docs/stable/notes/cuda.html#environment-variables)",64,64
musique,"CUDA out of memory. Tried to allocate 4.55 GiB. GPU 0 has a total capacity of 23.56 GiB of which 557.25 MiB is free. Including non-PyTorch memory, this process has 23.01 GiB memory in use. Of the allocated memory 18.43 GiB is allocated by PyTorch, and 4.27 GiB is reserved by PyTorch but unallocated. If reserved but unallocated memory is large try setting PYTORCH_CUDA_ALLOC_CONF=expandable_segments:True to avoid fragmentation.  See documentation for Memory Management  (https://pytorch.org/docs/stable/notes/cuda.html#environment-variables)",65,65
musique,"CUDA out of memory. Tried to allocate 5.05 GiB. GPU 0 has a total capacity of 23.56 GiB of which 557.25 MiB is free. Including non-PyTorch memory, this process has 23.01 GiB memory in use. Of the allocated memory 19.21 GiB is allocated by PyTorch, and 3.49 GiB is reserved by PyTorch but unallocated. If reserved but unallocated memory is large try setting PYTORCH_CUDA_ALLOC_CONF=expandable_segments:True to avoid fragmentation.  See documentation for Memory Management  (https://pytorch.org/docs/stable/notes/cuda.html#environment-variables)",66,66
musique,"CUDA out of memory. Tried to allocate 4.35 GiB. GPU 0 has a total capacity of 23.56 GiB of which 557.25 MiB is free. Including non-PyTorch memory, this process has 23.01 GiB memory in use. Of the allocated memory 18.12 GiB is allocated by PyTorch, and 4.58 GiB is reserved by PyTorch but unallocated. If reserved but unallocated memory is large try setting PYTORCH_CUDA_ALLOC_CONF=expandable_segments:True to avoid fragmentation.  See documentation for Memory Management  (https://pytorch.org/docs/stable/notes/cuda.html#environment-variables)",67,67
musique,"CUDA out of memory. Tried to allocate 5.45 GiB. GPU 0 has a total capacity of 23.56 GiB of which 557.25 MiB is free. Including non-PyTorch memory, this process has 23.01 GiB memory in use. Of the allocated memory 14.37 GiB is allocated by PyTorch, and 8.33 GiB is reserved by PyTorch but unallocated. If reserved but unallocated memory is large try setting PYTORCH_CUDA_ALLOC_CONF=expandable_segments:True to avoid fragmentation.  See documentation for Memory Management  (https://pytorch.org/docs/stable/notes/cuda.html#environment-variables)",68,68
musique,"CUDA out of memory. Tried to allocate 4.67 GiB. GPU 0 has a total capacity of 23.56 GiB of which 557.25 MiB is free. Including non-PyTorch memory, this process has 23.01 GiB memory in use. Of the allocated memory 18.61 GiB is allocated by PyTorch, and 4.09 GiB is reserved by PyTorch but unallocated. If reserved but unallocated memory is large try setting PYTORCH_CUDA_ALLOC_CONF=expandable_segments:True to avoid fragmentation.  See documentation for Memory Management  (https://pytorch.org/docs/stable/notes/cuda.html#environment-variables)",69,69
musique,"CUDA out of memory. Tried to allocate 4.73 GiB. GPU 0 has a total capacity of 23.56 GiB of which 557.25 MiB is free. Including non-PyTorch memory, this process has 23.01 GiB memory in use. Of the allocated memory 18.71 GiB is allocated by PyTorch, and 3.99 GiB is reserved by PyTorch but unallocated. If reserved but unallocated memory is large try setting PYTORCH_CUDA_ALLOC_CONF=expandable_segments:True to avoid fragmentation.  See documentation for Memory Management  (https://pytorch.org/docs/stable/notes/cuda.html#environment-variables)",70,70
musique,"CUDA out of memory. Tried to allocate 3.93 GiB. GPU 0 has a total capacity of 23.56 GiB of which 557.25 MiB is free. Including non-PyTorch memory, this process has 23.01 GiB memory in use. Of the allocated memory 17.47 GiB is allocated by PyTorch, and 5.23 GiB is reserved by PyTorch but unallocated. If reserved but unallocated memory is large try setting PYTORCH_CUDA_ALLOC_CONF=expandable_segments:True to avoid fragmentation.  See documentation for Memory Management  (https://pytorch.org/docs/stable/notes/cuda.html#environment-variables)",71,71
musique,"CUDA out of memory. Tried to allocate 4.71 GiB. GPU 0 has a total capacity of 23.56 GiB of which 557.25 MiB is free. Including non-PyTorch memory, this process has 23.01 GiB memory in use. Of the allocated memory 18.68 GiB is allocated by PyTorch, and 4.02 GiB is reserved by PyTorch but unallocated. If reserved but unallocated memory is large try setting PYTORCH_CUDA_ALLOC_CONF=expandable_segments:True to avoid fragmentation.  See documentation for Memory Management  (https://pytorch.org/docs/stable/notes/cuda.html#environment-variables)",72,72
musique,"CUDA out of memory. Tried to allocate 4.70 GiB. GPU 0 has a total capacity of 23.56 GiB of which 557.25 MiB is free. Including non-PyTorch memory, this process has 23.01 GiB memory in use. Of the allocated memory 18.67 GiB is allocated by PyTorch, and 4.03 GiB is reserved by PyTorch but unallocated. If reserved but unallocated memory is large try setting PYTORCH_CUDA_ALLOC_CONF=expandable_segments:True to avoid fragmentation.  See documentation for Memory Management  (https://pytorch.org/docs/stable/notes/cuda.html#environment-variables)",73,73
musique,"CUDA out of memory. Tried to allocate 6.85 GiB. GPU 0 has a total capacity of 23.56 GiB of which 6.44 GiB is free. Including non-PyTorch memory, this process has 17.11 GiB memory in use. Of the allocated memory 15.12 GiB is allocated by PyTorch, and 1.68 GiB is reserved by PyTorch but unallocated. If reserved but unallocated memory is large try setting PYTORCH_CUDA_ALLOC_CONF=expandable_segments:True to avoid fragmentation.  See documentation for Memory Management  (https://pytorch.org/docs/stable/notes/cuda.html#environment-variables)",74,74
musique,"CUDA out of memory. Tried to allocate 6.60 GiB. GPU 0 has a total capacity of 23.56 GiB of which 6.44 GiB is free. Including non-PyTorch memory, this process has 17.11 GiB memory in use. Of the allocated memory 14.99 GiB is allocated by PyTorch, and 1.81 GiB is reserved by PyTorch but unallocated. If reserved but unallocated memory is large try setting PYTORCH_CUDA_ALLOC_CONF=expandable_segments:True to avoid fragmentation.  See documentation for Memory Management  (https://pytorch.org/docs/stable/notes/cuda.html#environment-variables)",75,75
musique,"CUDA out of memory. Tried to allocate 7.21 GiB. GPU 0 has a total capacity of 23.56 GiB of which 6.44 GiB is free. Including non-PyTorch memory, this process has 17.11 GiB memory in use. Of the allocated memory 15.32 GiB is allocated by PyTorch, and 1.49 GiB is reserved by PyTorch but unallocated. If reserved but unallocated memory is large try setting PYTORCH_CUDA_ALLOC_CONF=expandable_segments:True to avoid fragmentation.  See documentation for Memory Management  (https://pytorch.org/docs/stable/notes/cuda.html#environment-variables)",76,76
musique,"CUDA out of memory. Tried to allocate 4.61 GiB. GPU 0 has a total capacity of 23.56 GiB of which 1.83 GiB is free. Including non-PyTorch memory, this process has 21.72 GiB memory in use. Of the allocated memory 18.52 GiB is allocated by PyTorch, and 2.89 GiB is reserved by PyTorch but unallocated. If reserved but unallocated memory is large try setting PYTORCH_CUDA_ALLOC_CONF=expandable_segments:True to avoid fragmentation.  See documentation for Memory Management  (https://pytorch.org/docs/stable/notes/cuda.html#environment-variables)",77,77
musique,"CUDA out of memory. Tried to allocate 5.11 GiB. GPU 0 has a total capacity of 23.56 GiB of which 1.78 GiB is free. Including non-PyTorch memory, this process has 21.77 GiB memory in use. Of the allocated memory 19.30 GiB is allocated by PyTorch, and 2.16 GiB is reserved by PyTorch but unallocated. If reserved but unallocated memory is large try setting PYTORCH_CUDA_ALLOC_CONF=expandable_segments:True to avoid fragmentation.  See documentation for Memory Management  (https://pytorch.org/docs/stable/notes/cuda.html#environment-variables)",78,78
musique,"CUDA out of memory. Tried to allocate 4.45 GiB. GPU 0 has a total capacity of 23.56 GiB of which 1.78 GiB is free. Including non-PyTorch memory, this process has 21.77 GiB memory in use. Of the allocated memory 18.28 GiB is allocated by PyTorch, and 3.18 GiB is reserved by PyTorch but unallocated. If reserved but unallocated memory is large try setting PYTORCH_CUDA_ALLOC_CONF=expandable_segments:True to avoid fragmentation.  See documentation for Memory Management  (https://pytorch.org/docs/stable/notes/cuda.html#environment-variables)",79,79
musique,"CUDA out of memory. Tried to allocate 4.93 GiB. GPU 0 has a total capacity of 23.56 GiB of which 1.46 GiB is free. Including non-PyTorch memory, this process has 22.09 GiB memory in use. Of the allocated memory 19.02 GiB is allocated by PyTorch, and 2.76 GiB is reserved by PyTorch but unallocated. If reserved but unallocated memory is large try setting PYTORCH_CUDA_ALLOC_CONF=expandable_segments:True to avoid fragmentation.  See documentation for Memory Management  (https://pytorch.org/docs/stable/notes/cuda.html#environment-variables)",80,80
musique,"CUDA out of memory. Tried to allocate 4.54 GiB. GPU 0 has a total capacity of 23.56 GiB of which 1.46 GiB is free. Including non-PyTorch memory, this process has 22.09 GiB memory in use. Of the allocated memory 18.42 GiB is allocated by PyTorch, and 3.36 GiB is reserved by PyTorch but unallocated. If reserved but unallocated memory is large try setting PYTORCH_CUDA_ALLOC_CONF=expandable_segments:True to avoid fragmentation.  See documentation for Memory Management  (https://pytorch.org/docs/stable/notes/cuda.html#environment-variables)",81,81
musique,"CUDA out of memory. Tried to allocate 5.69 GiB. GPU 0 has a total capacity of 23.56 GiB of which 911.25 MiB is free. Including non-PyTorch memory, this process has 22.66 GiB memory in use. Of the allocated memory 20.18 GiB is allocated by PyTorch, and 2.17 GiB is reserved by PyTorch but unallocated. If reserved but unallocated memory is large try setting PYTORCH_CUDA_ALLOC_CONF=expandable_segments:True to avoid fragmentation.  See documentation for Memory Management  (https://pytorch.org/docs/stable/notes/cuda.html#environment-variables)",82,82
musique,"CUDA out of memory. Tried to allocate 5.04 GiB. GPU 0 has a total capacity of 23.56 GiB of which 801.25 MiB is free. Including non-PyTorch memory, this process has 22.77 GiB memory in use. Of the allocated memory 19.18 GiB is allocated by PyTorch, and 3.28 GiB is reserved by PyTorch but unallocated. If reserved but unallocated memory is large try setting PYTORCH_CUDA_ALLOC_CONF=expandable_segments:True to avoid fragmentation.  See documentation for Memory Management  (https://pytorch.org/docs/stable/notes/cuda.html#environment-variables)",83,83
musique,"CUDA out of memory. Tried to allocate 5.05 GiB. GPU 0 has a total capacity of 23.56 GiB of which 783.25 MiB is free. Including non-PyTorch memory, this process has 22.79 GiB memory in use. Of the allocated memory 19.21 GiB is allocated by PyTorch, and 3.27 GiB is reserved by PyTorch but unallocated. If reserved but unallocated memory is large try setting PYTORCH_CUDA_ALLOC_CONF=expandable_segments:True to avoid fragmentation.  See documentation for Memory Management  (https://pytorch.org/docs/stable/notes/cuda.html#environment-variables)",84,84
musique,"CUDA out of memory. Tried to allocate 4.63 GiB. GPU 0 has a total capacity of 23.56 GiB of which 783.25 MiB is free. Including non-PyTorch memory, this process has 22.79 GiB memory in use. Of the allocated memory 18.55 GiB is allocated by PyTorch, and 3.93 GiB is reserved by PyTorch but unallocated. If reserved but unallocated memory is large try setting PYTORCH_CUDA_ALLOC_CONF=expandable_segments:True to avoid fragmentation.  See documentation for Memory Management  (https://pytorch.org/docs/stable/notes/cuda.html#environment-variables)",85,85
musique,"CUDA out of memory. Tried to allocate 4.83 GiB. GPU 0 has a total capacity of 23.56 GiB of which 783.25 MiB is free. Including non-PyTorch memory, this process has 22.79 GiB memory in use. Of the allocated memory 18.86 GiB is allocated by PyTorch, and 3.62 GiB is reserved by PyTorch but unallocated. If reserved but unallocated memory is large try setting PYTORCH_CUDA_ALLOC_CONF=expandable_segments:True to avoid fragmentation.  See documentation for Memory Management  (https://pytorch.org/docs/stable/notes/cuda.html#environment-variables)",86,86
musique,"CUDA out of memory. Tried to allocate 4.64 GiB. GPU 0 has a total capacity of 23.56 GiB of which 783.25 MiB is free. Including non-PyTorch memory, this process has 22.79 GiB memory in use. Of the allocated memory 18.57 GiB is allocated by PyTorch, and 3.91 GiB is reserved by PyTorch but unallocated. If reserved but unallocated memory is large try setting PYTORCH_CUDA_ALLOC_CONF=expandable_segments:True to avoid fragmentation.  See documentation for Memory Management  (https://pytorch.org/docs/stable/notes/cuda.html#environment-variables)",87,87
musique,"CUDA out of memory. Tried to allocate 4.76 GiB. GPU 0 has a total capacity of 23.56 GiB of which 783.25 MiB is free. Including non-PyTorch memory, this process has 22.79 GiB memory in use. Of the allocated memory 18.75 GiB is allocated by PyTorch, and 3.72 GiB is reserved by PyTorch but unallocated. If reserved but unallocated memory is large try setting PYTORCH_CUDA_ALLOC_CONF=expandable_segments:True to avoid fragmentation.  See documentation for Memory Management  (https://pytorch.org/docs/stable/notes/cuda.html#environment-variables)",88,88
musique,"CUDA out of memory. Tried to allocate 6.32 GiB. GPU 0 has a total capacity of 23.56 GiB of which 131.25 MiB is free. Including non-PyTorch memory, this process has 23.42 GiB memory in use. Of the allocated memory 21.16 GiB is allocated by PyTorch, and 1.95 GiB is reserved by PyTorch but unallocated. If reserved but unallocated memory is large try setting PYTORCH_CUDA_ALLOC_CONF=expandable_segments:True to avoid fragmentation.  See documentation for Memory Management  (https://pytorch.org/docs/stable/notes/cuda.html#environment-variables)",89,89
musique,"CUDA out of memory. Tried to allocate 5.88 GiB. GPU 0 has a total capacity of 23.56 GiB of which 131.25 MiB is free. Including non-PyTorch memory, this process has 23.42 GiB memory in use. Of the allocated memory 14.60 GiB is allocated by PyTorch, and 8.51 GiB is reserved by PyTorch but unallocated. If reserved but unallocated memory is large try setting PYTORCH_CUDA_ALLOC_CONF=expandable_segments:True to avoid fragmentation.  See documentation for Memory Management  (https://pytorch.org/docs/stable/notes/cuda.html#environment-variables)",90,90
musique,"CUDA out of memory. Tried to allocate 6.41 GiB. GPU 0 has a total capacity of 23.56 GiB of which 39.25 MiB is free. Including non-PyTorch memory, this process has 23.51 GiB memory in use. Of the allocated memory 21.30 GiB is allocated by PyTorch, and 1.91 GiB is reserved by PyTorch but unallocated. If reserved but unallocated memory is large try setting PYTORCH_CUDA_ALLOC_CONF=expandable_segments:True to avoid fragmentation.  See documentation for Memory Management  (https://pytorch.org/docs/stable/notes/cuda.html#environment-variables)",91,91
musique,"CUDA out of memory. Tried to allocate 4.48 GiB. GPU 0 has a total capacity of 23.56 GiB of which 39.25 MiB is free. Including non-PyTorch memory, this process has 23.51 GiB memory in use. Of the allocated memory 18.32 GiB is allocated by PyTorch, and 4.89 GiB is reserved by PyTorch but unallocated. If reserved but unallocated memory is large try setting PYTORCH_CUDA_ALLOC_CONF=expandable_segments:True to avoid fragmentation.  See documentation for Memory Management  (https://pytorch.org/docs/stable/notes/cuda.html#environment-variables)",92,92
musique,"CUDA out of memory. Tried to allocate 4.61 GiB. GPU 0 has a total capacity of 23.56 GiB of which 39.25 MiB is free. Including non-PyTorch memory, this process has 23.51 GiB memory in use. Of the allocated memory 18.52 GiB is allocated by PyTorch, and 4.69 GiB is reserved by PyTorch but unallocated. If reserved but unallocated memory is large try setting PYTORCH_CUDA_ALLOC_CONF=expandable_segments:True to avoid fragmentation.  See documentation for Memory Management  (https://pytorch.org/docs/stable/notes/cuda.html#environment-variables)",93,93
musique,"CUDA out of memory. Tried to allocate 4.70 GiB. GPU 0 has a total capacity of 23.56 GiB of which 39.25 MiB is free. Including non-PyTorch memory, this process has 23.51 GiB memory in use. Of the allocated memory 18.67 GiB is allocated by PyTorch, and 4.54 GiB is reserved by PyTorch but unallocated. If reserved but unallocated memory is large try setting PYTORCH_CUDA_ALLOC_CONF=expandable_segments:True to avoid fragmentation.  See documentation for Memory Management  (https://pytorch.org/docs/stable/notes/cuda.html#environment-variables)",94,94
musique,"CUDA out of memory. Tried to allocate 4.37 GiB. GPU 0 has a total capacity of 23.56 GiB of which 39.25 MiB is free. Including non-PyTorch memory, this process has 23.51 GiB memory in use. Of the allocated memory 18.15 GiB is allocated by PyTorch, and 5.05 GiB is reserved by PyTorch but unallocated. If reserved but unallocated memory is large try setting PYTORCH_CUDA_ALLOC_CONF=expandable_segments:True to avoid fragmentation.  See documentation for Memory Management  (https://pytorch.org/docs/stable/notes/cuda.html#environment-variables)",95,95
musique,"CUDA out of memory. Tried to allocate 5.34 GiB. GPU 0 has a total capacity of 23.56 GiB of which 39.25 MiB is free. Including non-PyTorch memory, this process has 23.51 GiB memory in use. Of the allocated memory 14.31 GiB is allocated by PyTorch, and 8.89 GiB is reserved by PyTorch but unallocated. If reserved but unallocated memory is large try setting PYTORCH_CUDA_ALLOC_CONF=expandable_segments:True to avoid fragmentation.  See documentation for Memory Management  (https://pytorch.org/docs/stable/notes/cuda.html#environment-variables)",96,96
musique,"CUDA out of memory. Tried to allocate 5.57 GiB. GPU 0 has a total capacity of 23.56 GiB of which 39.25 MiB is free. Including non-PyTorch memory, this process has 23.51 GiB memory in use. Of the allocated memory 14.43 GiB is allocated by PyTorch, and 8.77 GiB is reserved by PyTorch but unallocated. If reserved but unallocated memory is large try setting PYTORCH_CUDA_ALLOC_CONF=expandable_segments:True to avoid fragmentation.  See documentation for Memory Management  (https://pytorch.org/docs/stable/notes/cuda.html#environment-variables)",97,97
musique,"CUDA out of memory. Tried to allocate 4.62 GiB. GPU 0 has a total capacity of 23.56 GiB of which 39.25 MiB is free. Including non-PyTorch memory, this process has 23.51 GiB memory in use. Of the allocated memory 18.53 GiB is allocated by PyTorch, and 4.67 GiB is reserved by PyTorch but unallocated. If reserved but unallocated memory is large try setting PYTORCH_CUDA_ALLOC_CONF=expandable_segments:True to avoid fragmentation.  See documentation for Memory Management  (https://pytorch.org/docs/stable/notes/cuda.html#environment-variables)",98,98
musique,"CUDA out of memory. Tried to allocate 4.70 GiB. GPU 0 has a total capacity of 23.56 GiB of which 39.25 MiB is free. Including non-PyTorch memory, this process has 23.51 GiB memory in use. Of the allocated memory 18.67 GiB is allocated by PyTorch, and 4.54 GiB is reserved by PyTorch but unallocated. If reserved but unallocated memory is large try setting PYTORCH_CUDA_ALLOC_CONF=expandable_segments:True to avoid fragmentation.  See documentation for Memory Management  (https://pytorch.org/docs/stable/notes/cuda.html#environment-variables)",99,99
musique,"CUDA out of memory. Tried to allocate 4.67 GiB. GPU 0 has a total capacity of 23.56 GiB of which 39.25 MiB is free. Including non-PyTorch memory, this process has 23.51 GiB memory in use. Of the allocated memory 18.62 GiB is allocated by PyTorch, and 4.58 GiB is reserved by PyTorch but unallocated. If reserved but unallocated memory is large try setting PYTORCH_CUDA_ALLOC_CONF=expandable_segments:True to avoid fragmentation.  See documentation for Memory Management  (https://pytorch.org/docs/stable/notes/cuda.html#environment-variables)",100,100
wikimqa,"CUDA out of memory. Tried to allocate 6.40 GiB. GPU 0 has a total capacity of 23.56 GiB of which 39.25 MiB is free. Including non-PyTorch memory, this process has 23.51 GiB memory in use. Of the allocated memory 14.88 GiB is allocated by PyTorch, and 8.32 GiB is reserved by PyTorch but unallocated. If reserved but unallocated memory is large try setting PYTORCH_CUDA_ALLOC_CONF=expandable_segments:True to avoid fragmentation.  See documentation for Memory Management  (https://pytorch.org/docs/stable/notes/cuda.html#environment-variables)",1,1
wikimqa,"CUDA out of memory. Tried to allocate 4.90 GiB. GPU 0 has a total capacity of 23.56 GiB of which 39.25 MiB is free. Including non-PyTorch memory, this process has 23.51 GiB memory in use. Of the allocated memory 18.98 GiB is allocated by PyTorch, and 4.23 GiB is reserved by PyTorch but unallocated. If reserved but unallocated memory is large try setting PYTORCH_CUDA_ALLOC_CONF=expandable_segments:True to avoid fragmentation.  See documentation for Memory Management  (https://pytorch.org/docs/stable/notes/cuda.html#environment-variables)",2,2
wikimqa,"CUDA out of memory. Tried to allocate 5.69 GiB. GPU 0 has a total capacity of 23.56 GiB of which 39.25 MiB is free. Including non-PyTorch memory, this process has 23.51 GiB memory in use. Of the allocated memory 14.50 GiB is allocated by PyTorch, and 8.71 GiB is reserved by PyTorch but unallocated. If reserved but unallocated memory is large try setting PYTORCH_CUDA_ALLOC_CONF=expandable_segments:True to avoid fragmentation.  See documentation for Memory Management  (https://pytorch.org/docs/stable/notes/cuda.html#environment-variables)",3,3
wikimqa,"CUDA out of memory. Tried to allocate 4.77 GiB. GPU 0 has a total capacity of 23.56 GiB of which 39.25 MiB is free. Including non-PyTorch memory, this process has 23.51 GiB memory in use. Of the allocated memory 18.77 GiB is allocated by PyTorch, and 4.44 GiB is reserved by PyTorch but unallocated. If reserved but unallocated memory is large try setting PYTORCH_CUDA_ALLOC_CONF=expandable_segments:True to avoid fragmentation.  See documentation for Memory Management  (https://pytorch.org/docs/stable/notes/cuda.html#environment-variables)",4,4
wikimqa,"CUDA out of memory. Tried to allocate 6.16 GiB. GPU 0 has a total capacity of 23.56 GiB of which 39.25 MiB is free. Including non-PyTorch memory, this process has 23.51 GiB memory in use. Of the allocated memory 14.75 GiB is allocated by PyTorch, and 8.45 GiB is reserved by PyTorch but unallocated. If reserved but unallocated memory is large try setting PYTORCH_CUDA_ALLOC_CONF=expandable_segments:True to avoid fragmentation.  See documentation for Memory Management  (https://pytorch.org/docs/stable/notes/cuda.html#environment-variables)",5,5
wikimqa,"CUDA out of memory. Tried to allocate 5.33 GiB. GPU 0 has a total capacity of 23.56 GiB of which 39.25 MiB is free. Including non-PyTorch memory, this process has 23.51 GiB memory in use. Of the allocated memory 14.31 GiB is allocated by PyTorch, and 8.90 GiB is reserved by PyTorch but unallocated. If reserved but unallocated memory is large try setting PYTORCH_CUDA_ALLOC_CONF=expandable_segments:True to avoid fragmentation.  See documentation for Memory Management  (https://pytorch.org/docs/stable/notes/cuda.html#environment-variables)",6,6
wikimqa,"CUDA out of memory. Tried to allocate 5.52 GiB. GPU 0 has a total capacity of 23.56 GiB of which 39.25 MiB is free. Including non-PyTorch memory, this process has 23.51 GiB memory in use. Of the allocated memory 14.41 GiB is allocated by PyTorch, and 8.80 GiB is reserved by PyTorch but unallocated. If reserved but unallocated memory is large try setting PYTORCH_CUDA_ALLOC_CONF=expandable_segments:True to avoid fragmentation.  See documentation for Memory Management  (https://pytorch.org/docs/stable/notes/cuda.html#environment-variables)",7,7
wikimqa,"CUDA out of memory. Tried to allocate 4.29 GiB. GPU 0 has a total capacity of 23.56 GiB of which 39.25 MiB is free. Including non-PyTorch memory, this process has 23.51 GiB memory in use. Of the allocated memory 18.03 GiB is allocated by PyTorch, and 5.17 GiB is reserved by PyTorch but unallocated. If reserved but unallocated memory is large try setting PYTORCH_CUDA_ALLOC_CONF=expandable_segments:True to avoid fragmentation.  See documentation for Memory Management  (https://pytorch.org/docs/stable/notes/cuda.html#environment-variables)",8,8
wikimqa,"CUDA out of memory. Tried to allocate 4.95 GiB. GPU 0 has a total capacity of 23.56 GiB of which 39.25 MiB is free. Including non-PyTorch memory, this process has 23.51 GiB memory in use. Of the allocated memory 19.05 GiB is allocated by PyTorch, and 4.16 GiB is reserved by PyTorch but unallocated. If reserved but unallocated memory is large try setting PYTORCH_CUDA_ALLOC_CONF=expandable_segments:True to avoid fragmentation.  See documentation for Memory Management  (https://pytorch.org/docs/stable/notes/cuda.html#environment-variables)",9,9
wikimqa,"CUDA out of memory. Tried to allocate 4.94 GiB. GPU 0 has a total capacity of 23.56 GiB of which 39.25 MiB is free. Including non-PyTorch memory, this process has 23.51 GiB memory in use. Of the allocated memory 19.03 GiB is allocated by PyTorch, and 4.17 GiB is reserved by PyTorch but unallocated. If reserved but unallocated memory is large try setting PYTORCH_CUDA_ALLOC_CONF=expandable_segments:True to avoid fragmentation.  See documentation for Memory Management  (https://pytorch.org/docs/stable/notes/cuda.html#environment-variables)",10,10
wikimqa,"CUDA out of memory. Tried to allocate 5.11 GiB. GPU 0 has a total capacity of 23.56 GiB of which 39.25 MiB is free. Including non-PyTorch memory, this process has 23.51 GiB memory in use. Of the allocated memory 14.18 GiB is allocated by PyTorch, and 9.02 GiB is reserved by PyTorch but unallocated. If reserved but unallocated memory is large try setting PYTORCH_CUDA_ALLOC_CONF=expandable_segments:True to avoid fragmentation.  See documentation for Memory Management  (https://pytorch.org/docs/stable/notes/cuda.html#environment-variables)",11,11
wikimqa,"CUDA out of memory. Tried to allocate 5.12 GiB. GPU 0 has a total capacity of 23.56 GiB of which 39.25 MiB is free. Including non-PyTorch memory, this process has 23.51 GiB memory in use. Of the allocated memory 14.19 GiB is allocated by PyTorch, and 9.01 GiB is reserved by PyTorch but unallocated. If reserved but unallocated memory is large try setting PYTORCH_CUDA_ALLOC_CONF=expandable_segments:True to avoid fragmentation.  See documentation for Memory Management  (https://pytorch.org/docs/stable/notes/cuda.html#environment-variables)",12,12
wikimqa,"CUDA out of memory. Tried to allocate 4.74 GiB. GPU 0 has a total capacity of 23.56 GiB of which 39.25 MiB is free. Including non-PyTorch memory, this process has 23.51 GiB memory in use. Of the allocated memory 18.72 GiB is allocated by PyTorch, and 4.48 GiB is reserved by PyTorch but unallocated. If reserved but unallocated memory is large try setting PYTORCH_CUDA_ALLOC_CONF=expandable_segments:True to avoid fragmentation.  See documentation for Memory Management  (https://pytorch.org/docs/stable/notes/cuda.html#environment-variables)",13,13
wikimqa,"CUDA out of memory. Tried to allocate 5.48 GiB. GPU 0 has a total capacity of 23.56 GiB of which 39.25 MiB is free. Including non-PyTorch memory, this process has 23.51 GiB memory in use. Of the allocated memory 14.38 GiB is allocated by PyTorch, and 8.82 GiB is reserved by PyTorch but unallocated. If reserved but unallocated memory is large try setting PYTORCH_CUDA_ALLOC_CONF=expandable_segments:True to avoid fragmentation.  See documentation for Memory Management  (https://pytorch.org/docs/stable/notes/cuda.html#environment-variables)",14,14
wikimqa,"CUDA out of memory. Tried to allocate 4.74 GiB. GPU 0 has a total capacity of 23.56 GiB of which 39.25 MiB is free. Including non-PyTorch memory, this process has 23.51 GiB memory in use. Of the allocated memory 18.72 GiB is allocated by PyTorch, and 4.49 GiB is reserved by PyTorch but unallocated. If reserved but unallocated memory is large try setting PYTORCH_CUDA_ALLOC_CONF=expandable_segments:True to avoid fragmentation.  See documentation for Memory Management  (https://pytorch.org/docs/stable/notes/cuda.html#environment-variables)",15,15
wikimqa,"CUDA out of memory. Tried to allocate 5.35 GiB. GPU 0 has a total capacity of 23.56 GiB of which 39.25 MiB is free. Including non-PyTorch memory, this process has 23.51 GiB memory in use. Of the allocated memory 14.31 GiB is allocated by PyTorch, and 8.89 GiB is reserved by PyTorch but unallocated. If reserved but unallocated memory is large try setting PYTORCH_CUDA_ALLOC_CONF=expandable_segments:True to avoid fragmentation.  See documentation for Memory Management  (https://pytorch.org/docs/stable/notes/cuda.html#environment-variables)",16,16
wikimqa,"CUDA out of memory. Tried to allocate 4.98 GiB. GPU 0 has a total capacity of 23.56 GiB of which 39.25 MiB is free. Including non-PyTorch memory, this process has 23.51 GiB memory in use. Of the allocated memory 19.09 GiB is allocated by PyTorch, and 4.11 GiB is reserved by PyTorch but unallocated. If reserved but unallocated memory is large try setting PYTORCH_CUDA_ALLOC_CONF=expandable_segments:True to avoid fragmentation.  See documentation for Memory Management  (https://pytorch.org/docs/stable/notes/cuda.html#environment-variables)",17,17
wikimqa,"CUDA out of memory. Tried to allocate 4.86 GiB. GPU 0 has a total capacity of 23.56 GiB of which 39.25 MiB is free. Including non-PyTorch memory, this process has 23.51 GiB memory in use. Of the allocated memory 18.90 GiB is allocated by PyTorch, and 4.30 GiB is reserved by PyTorch but unallocated. If reserved but unallocated memory is large try setting PYTORCH_CUDA_ALLOC_CONF=expandable_segments:True to avoid fragmentation.  See documentation for Memory Management  (https://pytorch.org/docs/stable/notes/cuda.html#environment-variables)",18,18
wikimqa,"CUDA out of memory. Tried to allocate 4.08 GiB. GPU 0 has a total capacity of 23.56 GiB of which 39.25 MiB is free. Including non-PyTorch memory, this process has 23.51 GiB memory in use. Of the allocated memory 17.71 GiB is allocated by PyTorch, and 5.50 GiB is reserved by PyTorch but unallocated. If reserved but unallocated memory is large try setting PYTORCH_CUDA_ALLOC_CONF=expandable_segments:True to avoid fragmentation.  See documentation for Memory Management  (https://pytorch.org/docs/stable/notes/cuda.html#environment-variables)",19,19
wikimqa,"CUDA out of memory. Tried to allocate 4.72 GiB. GPU 0 has a total capacity of 23.56 GiB of which 39.25 MiB is free. Including non-PyTorch memory, this process has 23.51 GiB memory in use. Of the allocated memory 18.70 GiB is allocated by PyTorch, and 4.50 GiB is reserved by PyTorch but unallocated. If reserved but unallocated memory is large try setting PYTORCH_CUDA_ALLOC_CONF=expandable_segments:True to avoid fragmentation.  See documentation for Memory Management  (https://pytorch.org/docs/stable/notes/cuda.html#environment-variables)",20,20
wikimqa,"CUDA out of memory. Tried to allocate 4.64 GiB. GPU 0 has a total capacity of 23.56 GiB of which 39.25 MiB is free. Including non-PyTorch memory, this process has 23.51 GiB memory in use. Of the allocated memory 18.58 GiB is allocated by PyTorch, and 4.63 GiB is reserved by PyTorch but unallocated. If reserved but unallocated memory is large try setting PYTORCH_CUDA_ALLOC_CONF=expandable_segments:True to avoid fragmentation.  See documentation for Memory Management  (https://pytorch.org/docs/stable/notes/cuda.html#environment-variables)",21,21
wikimqa,"CUDA out of memory. Tried to allocate 4.83 GiB. GPU 0 has a total capacity of 23.56 GiB of which 39.25 MiB is free. Including non-PyTorch memory, this process has 23.51 GiB memory in use. Of the allocated memory 18.87 GiB is allocated by PyTorch, and 4.34 GiB is reserved by PyTorch but unallocated. If reserved but unallocated memory is large try setting PYTORCH_CUDA_ALLOC_CONF=expandable_segments:True to avoid fragmentation.  See documentation for Memory Management  (https://pytorch.org/docs/stable/notes/cuda.html#environment-variables)",22,22
wikimqa,"CUDA out of memory. Tried to allocate 5.11 GiB. GPU 0 has a total capacity of 23.56 GiB of which 39.25 MiB is free. Including non-PyTorch memory, this process has 23.51 GiB memory in use. Of the allocated memory 14.18 GiB is allocated by PyTorch, and 9.02 GiB is reserved by PyTorch but unallocated. If reserved but unallocated memory is large try setting PYTORCH_CUDA_ALLOC_CONF=expandable_segments:True to avoid fragmentation.  See documentation for Memory Management  (https://pytorch.org/docs/stable/notes/cuda.html#environment-variables)",23,23
wikimqa,"CUDA out of memory. Tried to allocate 5.62 GiB. GPU 0 has a total capacity of 23.56 GiB of which 39.25 MiB is free. Including non-PyTorch memory, this process has 23.51 GiB memory in use. Of the allocated memory 14.46 GiB is allocated by PyTorch, and 8.74 GiB is reserved by PyTorch but unallocated. If reserved but unallocated memory is large try setting PYTORCH_CUDA_ALLOC_CONF=expandable_segments:True to avoid fragmentation.  See documentation for Memory Management  (https://pytorch.org/docs/stable/notes/cuda.html#environment-variables)",24,24
wikimqa,"CUDA out of memory. Tried to allocate 5.16 GiB. GPU 0 has a total capacity of 23.56 GiB of which 39.25 MiB is free. Including non-PyTorch memory, this process has 23.51 GiB memory in use. Of the allocated memory 14.21 GiB is allocated by PyTorch, and 8.99 GiB is reserved by PyTorch but unallocated. If reserved but unallocated memory is large try setting PYTORCH_CUDA_ALLOC_CONF=expandable_segments:True to avoid fragmentation.  See documentation for Memory Management  (https://pytorch.org/docs/stable/notes/cuda.html#environment-variables)",25,25
wikimqa,"CUDA out of memory. Tried to allocate 5.00 GiB. GPU 0 has a total capacity of 23.56 GiB of which 39.25 MiB is free. Including non-PyTorch memory, this process has 23.51 GiB memory in use. Of the allocated memory 19.13 GiB is allocated by PyTorch, and 4.08 GiB is reserved by PyTorch but unallocated. If reserved but unallocated memory is large try setting PYTORCH_CUDA_ALLOC_CONF=expandable_segments:True to avoid fragmentation.  See documentation for Memory Management  (https://pytorch.org/docs/stable/notes/cuda.html#environment-variables)",26,26
wikimqa,"CUDA out of memory. Tried to allocate 4.90 GiB. GPU 0 has a total capacity of 23.56 GiB of which 39.25 MiB is free. Including non-PyTorch memory, this process has 23.51 GiB memory in use. Of the allocated memory 18.97 GiB is allocated by PyTorch, and 4.23 GiB is reserved by PyTorch but unallocated. If reserved but unallocated memory is large try setting PYTORCH_CUDA_ALLOC_CONF=expandable_segments:True to avoid fragmentation.  See documentation for Memory Management  (https://pytorch.org/docs/stable/notes/cuda.html#environment-variables)",27,27
wikimqa,"CUDA out of memory. Tried to allocate 4.24 GiB. GPU 0 has a total capacity of 23.56 GiB of which 39.25 MiB is free. Including non-PyTorch memory, this process has 23.51 GiB memory in use. Of the allocated memory 17.95 GiB is allocated by PyTorch, and 5.25 GiB is reserved by PyTorch but unallocated. If reserved but unallocated memory is large try setting PYTORCH_CUDA_ALLOC_CONF=expandable_segments:True to avoid fragmentation.  See documentation for Memory Management  (https://pytorch.org/docs/stable/notes/cuda.html#environment-variables)",28,28
wikimqa,"CUDA out of memory. Tried to allocate 5.40 GiB. GPU 0 has a total capacity of 23.56 GiB of which 39.25 MiB is free. Including non-PyTorch memory, this process has 23.51 GiB memory in use. Of the allocated memory 14.34 GiB is allocated by PyTorch, and 8.86 GiB is reserved by PyTorch but unallocated. If reserved but unallocated memory is large try setting PYTORCH_CUDA_ALLOC_CONF=expandable_segments:True to avoid fragmentation.  See documentation for Memory Management  (https://pytorch.org/docs/stable/notes/cuda.html#environment-variables)",29,29
wikimqa,"CUDA out of memory. Tried to allocate 4.48 GiB. GPU 0 has a total capacity of 23.56 GiB of which 39.25 MiB is free. Including non-PyTorch memory, this process has 23.51 GiB memory in use. Of the allocated memory 18.33 GiB is allocated by PyTorch, and 4.88 GiB is reserved by PyTorch but unallocated. If reserved but unallocated memory is large try setting PYTORCH_CUDA_ALLOC_CONF=expandable_segments:True to avoid fragmentation.  See documentation for Memory Management  (https://pytorch.org/docs/stable/notes/cuda.html#environment-variables)",30,30
wikimqa,"CUDA out of memory. Tried to allocate 6.50 GiB. GPU 0 has a total capacity of 23.56 GiB of which 6.45 GiB is free. Including non-PyTorch memory, this process has 17.10 GiB memory in use. Of the allocated memory 14.93 GiB is allocated by PyTorch, and 1.86 GiB is reserved by PyTorch but unallocated. If reserved but unallocated memory is large try setting PYTORCH_CUDA_ALLOC_CONF=expandable_segments:True to avoid fragmentation.  See documentation for Memory Management  (https://pytorch.org/docs/stable/notes/cuda.html#environment-variables)",31,31
wikimqa,"CUDA out of memory. Tried to allocate 4.94 GiB. GPU 0 has a total capacity of 23.56 GiB of which 1.51 GiB is free. Including non-PyTorch memory, this process has 22.04 GiB memory in use. Of the allocated memory 19.04 GiB is allocated by PyTorch, and 2.70 GiB is reserved by PyTorch but unallocated. If reserved but unallocated memory is large try setting PYTORCH_CUDA_ALLOC_CONF=expandable_segments:True to avoid fragmentation.  See documentation for Memory Management  (https://pytorch.org/docs/stable/notes/cuda.html#environment-variables)",32,32
wikimqa,"CUDA out of memory. Tried to allocate 4.86 GiB. GPU 0 has a total capacity of 23.56 GiB of which 1.51 GiB is free. Including non-PyTorch memory, this process has 22.04 GiB memory in use. Of the allocated memory 18.91 GiB is allocated by PyTorch, and 2.82 GiB is reserved by PyTorch but unallocated. If reserved but unallocated memory is large try setting PYTORCH_CUDA_ALLOC_CONF=expandable_segments:True to avoid fragmentation.  See documentation for Memory Management  (https://pytorch.org/docs/stable/notes/cuda.html#environment-variables)",33,33
wikimqa,"CUDA out of memory. Tried to allocate 5.21 GiB. GPU 0 has a total capacity of 23.56 GiB of which 1.35 GiB is free. Including non-PyTorch memory, this process has 22.20 GiB memory in use. Of the allocated memory 19.45 GiB is allocated by PyTorch, and 2.44 GiB is reserved by PyTorch but unallocated. If reserved but unallocated memory is large try setting PYTORCH_CUDA_ALLOC_CONF=expandable_segments:True to avoid fragmentation.  See documentation for Memory Management  (https://pytorch.org/docs/stable/notes/cuda.html#environment-variables)",34,34
wikimqa,"CUDA out of memory. Tried to allocate 5.43 GiB. GPU 0 has a total capacity of 23.56 GiB of which 1.14 GiB is free. Including non-PyTorch memory, this process has 22.41 GiB memory in use. Of the allocated memory 19.78 GiB is allocated by PyTorch, and 2.33 GiB is reserved by PyTorch but unallocated. If reserved but unallocated memory is large try setting PYTORCH_CUDA_ALLOC_CONF=expandable_segments:True to avoid fragmentation.  See documentation for Memory Management  (https://pytorch.org/docs/stable/notes/cuda.html#environment-variables)",35,35
wikimqa,"CUDA out of memory. Tried to allocate 5.10 GiB. GPU 0 has a total capacity of 23.56 GiB of which 1.14 GiB is free. Including non-PyTorch memory, this process has 22.41 GiB memory in use. Of the allocated memory 14.18 GiB is allocated by PyTorch, and 7.93 GiB is reserved by PyTorch but unallocated. If reserved but unallocated memory is large try setting PYTORCH_CUDA_ALLOC_CONF=expandable_segments:True to avoid fragmentation.  See documentation for Memory Management  (https://pytorch.org/docs/stable/notes/cuda.html#environment-variables)",36,36
wikimqa,"CUDA out of memory. Tried to allocate 5.05 GiB. GPU 0 has a total capacity of 23.56 GiB of which 1.03 GiB is free. Including non-PyTorch memory, this process has 22.52 GiB memory in use. Of the allocated memory 19.21 GiB is allocated by PyTorch, and 3.01 GiB is reserved by PyTorch but unallocated. If reserved but unallocated memory is large try setting PYTORCH_CUDA_ALLOC_CONF=expandable_segments:True to avoid fragmentation.  See documentation for Memory Management  (https://pytorch.org/docs/stable/notes/cuda.html#environment-variables)",37,37
wikimqa,"CUDA out of memory. Tried to allocate 4.62 GiB. GPU 0 has a total capacity of 23.56 GiB of which 1.03 GiB is free. Including non-PyTorch memory, this process has 22.52 GiB memory in use. Of the allocated memory 18.54 GiB is allocated by PyTorch, and 3.67 GiB is reserved by PyTorch but unallocated. If reserved but unallocated memory is large try setting PYTORCH_CUDA_ALLOC_CONF=expandable_segments:True to avoid fragmentation.  See documentation for Memory Management  (https://pytorch.org/docs/stable/notes/cuda.html#environment-variables)",38,38
wikimqa,"CUDA out of memory. Tried to allocate 5.49 GiB. GPU 0 has a total capacity of 23.56 GiB of which 991.25 MiB is free. Including non-PyTorch memory, this process has 22.58 GiB memory in use. Of the allocated memory 19.88 GiB is allocated by PyTorch, and 2.40 GiB is reserved by PyTorch but unallocated. If reserved but unallocated memory is large try setting PYTORCH_CUDA_ALLOC_CONF=expandable_segments:True to avoid fragmentation.  See documentation for Memory Management  (https://pytorch.org/docs/stable/notes/cuda.html#environment-variables)",39,39
wikimqa,"CUDA out of memory. Tried to allocate 4.93 GiB. GPU 0 has a total capacity of 23.56 GiB of which 991.25 MiB is free. Including non-PyTorch memory, this process has 22.58 GiB memory in use. Of the allocated memory 19.01 GiB is allocated by PyTorch, and 3.26 GiB is reserved by PyTorch but unallocated. If reserved but unallocated memory is large try setting PYTORCH_CUDA_ALLOC_CONF=expandable_segments:True to avoid fragmentation.  See documentation for Memory Management  (https://pytorch.org/docs/stable/notes/cuda.html#environment-variables)",40,40
wikimqa,"CUDA out of memory. Tried to allocate 4.65 GiB. GPU 0 has a total capacity of 23.56 GiB of which 991.25 MiB is free. Including non-PyTorch memory, this process has 22.58 GiB memory in use. Of the allocated memory 18.59 GiB is allocated by PyTorch, and 3.68 GiB is reserved by PyTorch but unallocated. If reserved but unallocated memory is large try setting PYTORCH_CUDA_ALLOC_CONF=expandable_segments:True to avoid fragmentation.  See documentation for Memory Management  (https://pytorch.org/docs/stable/notes/cuda.html#environment-variables)",41,41
wikimqa,"CUDA out of memory. Tried to allocate 4.85 GiB. GPU 0 has a total capacity of 23.56 GiB of which 991.25 MiB is free. Including non-PyTorch memory, this process has 22.58 GiB memory in use. Of the allocated memory 18.89 GiB is allocated by PyTorch, and 3.38 GiB is reserved by PyTorch but unallocated. If reserved but unallocated memory is large try setting PYTORCH_CUDA_ALLOC_CONF=expandable_segments:True to avoid fragmentation.  See documentation for Memory Management  (https://pytorch.org/docs/stable/notes/cuda.html#environment-variables)",42,42
wikimqa,"CUDA out of memory. Tried to allocate 4.86 GiB. GPU 0 has a total capacity of 23.56 GiB of which 991.25 MiB is free. Including non-PyTorch memory, this process has 22.58 GiB memory in use. Of the allocated memory 18.91 GiB is allocated by PyTorch, and 3.36 GiB is reserved by PyTorch but unallocated. If reserved but unallocated memory is large try setting PYTORCH_CUDA_ALLOC_CONF=expandable_segments:True to avoid fragmentation.  See documentation for Memory Management  (https://pytorch.org/docs/stable/notes/cuda.html#environment-variables)",43,43
wikimqa,"CUDA out of memory. Tried to allocate 4.95 GiB. GPU 0 has a total capacity of 23.56 GiB of which 991.25 MiB is free. Including non-PyTorch memory, this process has 22.58 GiB memory in use. Of the allocated memory 19.05 GiB is allocated by PyTorch, and 3.22 GiB is reserved by PyTorch but unallocated. If reserved but unallocated memory is large try setting PYTORCH_CUDA_ALLOC_CONF=expandable_segments:True to avoid fragmentation.  See documentation for Memory Management  (https://pytorch.org/docs/stable/notes/cuda.html#environment-variables)",44,44
wikimqa,"CUDA out of memory. Tried to allocate 5.01 GiB. GPU 0 has a total capacity of 23.56 GiB of which 991.25 MiB is free. Including non-PyTorch memory, this process has 22.58 GiB memory in use. Of the allocated memory 19.14 GiB is allocated by PyTorch, and 3.14 GiB is reserved by PyTorch but unallocated. If reserved but unallocated memory is large try setting PYTORCH_CUDA_ALLOC_CONF=expandable_segments:True to avoid fragmentation.  See documentation for Memory Management  (https://pytorch.org/docs/stable/notes/cuda.html#environment-variables)",45,45
wikimqa,"CUDA out of memory. Tried to allocate 6.67 GiB. GPU 0 has a total capacity of 23.56 GiB of which 6.45 GiB is free. Including non-PyTorch memory, this process has 17.10 GiB memory in use. Of the allocated memory 15.02 GiB is allocated by PyTorch, and 1.76 GiB is reserved by PyTorch but unallocated. If reserved but unallocated memory is large try setting PYTORCH_CUDA_ALLOC_CONF=expandable_segments:True to avoid fragmentation.  See documentation for Memory Management  (https://pytorch.org/docs/stable/notes/cuda.html#environment-variables)",46,46
wikimqa,"CUDA out of memory. Tried to allocate 5.58 GiB. GPU 0 has a total capacity of 23.56 GiB of which 895.25 MiB is free. Including non-PyTorch memory, this process has 22.68 GiB memory in use. Of the allocated memory 20.02 GiB is allocated by PyTorch, and 2.35 GiB is reserved by PyTorch but unallocated. If reserved but unallocated memory is large try setting PYTORCH_CUDA_ALLOC_CONF=expandable_segments:True to avoid fragmentation.  See documentation for Memory Management  (https://pytorch.org/docs/stable/notes/cuda.html#environment-variables)",47,47
wikimqa,"CUDA out of memory. Tried to allocate 4.62 GiB. GPU 0 has a total capacity of 23.56 GiB of which 895.25 MiB is free. Including non-PyTorch memory, this process has 22.68 GiB memory in use. Of the allocated memory 18.54 GiB is allocated by PyTorch, and 3.83 GiB is reserved by PyTorch but unallocated. If reserved but unallocated memory is large try setting PYTORCH_CUDA_ALLOC_CONF=expandable_segments:True to avoid fragmentation.  See documentation for Memory Management  (https://pytorch.org/docs/stable/notes/cuda.html#environment-variables)",48,48
wikimqa,"CUDA out of memory. Tried to allocate 4.95 GiB. GPU 0 has a total capacity of 23.56 GiB of which 895.25 MiB is free. Including non-PyTorch memory, this process has 22.68 GiB memory in use. Of the allocated memory 19.05 GiB is allocated by PyTorch, and 3.32 GiB is reserved by PyTorch but unallocated. If reserved but unallocated memory is large try setting PYTORCH_CUDA_ALLOC_CONF=expandable_segments:True to avoid fragmentation.  See documentation for Memory Management  (https://pytorch.org/docs/stable/notes/cuda.html#environment-variables)",49,49
wikimqa,"CUDA out of memory. Tried to allocate 4.92 GiB. GPU 0 has a total capacity of 23.56 GiB of which 895.25 MiB is free. Including non-PyTorch memory, this process has 22.68 GiB memory in use. Of the allocated memory 19.01 GiB is allocated by PyTorch, and 3.36 GiB is reserved by PyTorch but unallocated. If reserved but unallocated memory is large try setting PYTORCH_CUDA_ALLOC_CONF=expandable_segments:True to avoid fragmentation.  See documentation for Memory Management  (https://pytorch.org/docs/stable/notes/cuda.html#environment-variables)",50,50
wikimqa,"CUDA out of memory. Tried to allocate 5.33 GiB. GPU 0 has a total capacity of 23.56 GiB of which 895.25 MiB is free. Including non-PyTorch memory, this process has 22.68 GiB memory in use. Of the allocated memory 14.31 GiB is allocated by PyTorch, and 8.06 GiB is reserved by PyTorch but unallocated. If reserved but unallocated memory is large try setting PYTORCH_CUDA_ALLOC_CONF=expandable_segments:True to avoid fragmentation.  See documentation for Memory Management  (https://pytorch.org/docs/stable/notes/cuda.html#environment-variables)",51,51
wikimqa,"CUDA out of memory. Tried to allocate 6.60 GiB. GPU 0 has a total capacity of 23.56 GiB of which 6.45 GiB is free. Including non-PyTorch memory, this process has 17.10 GiB memory in use. Of the allocated memory 14.99 GiB is allocated by PyTorch, and 1.80 GiB is reserved by PyTorch but unallocated. If reserved but unallocated memory is large try setting PYTORCH_CUDA_ALLOC_CONF=expandable_segments:True to avoid fragmentation.  See documentation for Memory Management  (https://pytorch.org/docs/stable/notes/cuda.html#environment-variables)",52,52
wikimqa,"CUDA out of memory. Tried to allocate 5.29 GiB. GPU 0 has a total capacity of 23.56 GiB of which 1.16 GiB is free. Including non-PyTorch memory, this process has 22.39 GiB memory in use. Of the allocated memory 19.57 GiB is allocated by PyTorch, and 2.51 GiB is reserved by PyTorch but unallocated. If reserved but unallocated memory is large try setting PYTORCH_CUDA_ALLOC_CONF=expandable_segments:True to avoid fragmentation.  See documentation for Memory Management  (https://pytorch.org/docs/stable/notes/cuda.html#environment-variables)",53,53
wikimqa,"CUDA out of memory. Tried to allocate 4.70 GiB. GPU 0 has a total capacity of 23.56 GiB of which 1.16 GiB is free. Including non-PyTorch memory, this process has 22.39 GiB memory in use. Of the allocated memory 18.66 GiB is allocated by PyTorch, and 3.42 GiB is reserved by PyTorch but unallocated. If reserved but unallocated memory is large try setting PYTORCH_CUDA_ALLOC_CONF=expandable_segments:True to avoid fragmentation.  See documentation for Memory Management  (https://pytorch.org/docs/stable/notes/cuda.html#environment-variables)",54,54
wikimqa,"CUDA out of memory. Tried to allocate 5.30 GiB. GPU 0 has a total capacity of 23.56 GiB of which 1.16 GiB is free. Including non-PyTorch memory, this process has 22.39 GiB memory in use. Of the allocated memory 19.59 GiB is allocated by PyTorch, and 2.50 GiB is reserved by PyTorch but unallocated. If reserved but unallocated memory is large try setting PYTORCH_CUDA_ALLOC_CONF=expandable_segments:True to avoid fragmentation.  See documentation for Memory Management  (https://pytorch.org/docs/stable/notes/cuda.html#environment-variables)",55,55
wikimqa,"CUDA out of memory. Tried to allocate 4.71 GiB. GPU 0 has a total capacity of 23.56 GiB of which 1.16 GiB is free. Including non-PyTorch memory, this process has 22.39 GiB memory in use. Of the allocated memory 18.68 GiB is allocated by PyTorch, and 3.41 GiB is reserved by PyTorch but unallocated. If reserved but unallocated memory is large try setting PYTORCH_CUDA_ALLOC_CONF=expandable_segments:True to avoid fragmentation.  See documentation for Memory Management  (https://pytorch.org/docs/stable/notes/cuda.html#environment-variables)",56,56
wikimqa,"CUDA out of memory. Tried to allocate 4.89 GiB. GPU 0 has a total capacity of 23.56 GiB of which 1.16 GiB is free. Including non-PyTorch memory, this process has 22.39 GiB memory in use. Of the allocated memory 18.96 GiB is allocated by PyTorch, and 3.13 GiB is reserved by PyTorch but unallocated. If reserved but unallocated memory is large try setting PYTORCH_CUDA_ALLOC_CONF=expandable_segments:True to avoid fragmentation.  See documentation for Memory Management  (https://pytorch.org/docs/stable/notes/cuda.html#environment-variables)",57,57
wikimqa,"CUDA out of memory. Tried to allocate 4.80 GiB. GPU 0 has a total capacity of 23.56 GiB of which 1.16 GiB is free. Including non-PyTorch memory, this process has 22.39 GiB memory in use. Of the allocated memory 18.82 GiB is allocated by PyTorch, and 3.27 GiB is reserved by PyTorch but unallocated. If reserved but unallocated memory is large try setting PYTORCH_CUDA_ALLOC_CONF=expandable_segments:True to avoid fragmentation.  See documentation for Memory Management  (https://pytorch.org/docs/stable/notes/cuda.html#environment-variables)",58,58
wikimqa,"CUDA out of memory. Tried to allocate 4.62 GiB. GPU 0 has a total capacity of 23.56 GiB of which 1.16 GiB is free. Including non-PyTorch memory, this process has 22.39 GiB memory in use. Of the allocated memory 18.54 GiB is allocated by PyTorch, and 3.54 GiB is reserved by PyTorch but unallocated. If reserved but unallocated memory is large try setting PYTORCH_CUDA_ALLOC_CONF=expandable_segments:True to avoid fragmentation.  See documentation for Memory Management  (https://pytorch.org/docs/stable/notes/cuda.html#environment-variables)",59,59
wikimqa,"CUDA out of memory. Tried to allocate 5.17 GiB. GPU 0 has a total capacity of 23.56 GiB of which 1.16 GiB is free. Including non-PyTorch memory, this process has 22.39 GiB memory in use. Of the allocated memory 14.22 GiB is allocated by PyTorch, and 7.87 GiB is reserved by PyTorch but unallocated. If reserved but unallocated memory is large try setting PYTORCH_CUDA_ALLOC_CONF=expandable_segments:True to avoid fragmentation.  See documentation for Memory Management  (https://pytorch.org/docs/stable/notes/cuda.html#environment-variables)",60,60
wikimqa,"CUDA out of memory. Tried to allocate 4.79 GiB. GPU 0 has a total capacity of 23.56 GiB of which 1.16 GiB is free. Including non-PyTorch memory, this process has 22.39 GiB memory in use. Of the allocated memory 18.80 GiB is allocated by PyTorch, and 3.29 GiB is reserved by PyTorch but unallocated. If reserved but unallocated memory is large try setting PYTORCH_CUDA_ALLOC_CONF=expandable_segments:True to avoid fragmentation.  See documentation for Memory Management  (https://pytorch.org/docs/stable/notes/cuda.html#environment-variables)",61,61
wikimqa,"CUDA out of memory. Tried to allocate 4.65 GiB. GPU 0 has a total capacity of 23.56 GiB of which 1.16 GiB is free. Including non-PyTorch memory, this process has 22.39 GiB memory in use. Of the allocated memory 18.58 GiB is allocated by PyTorch, and 3.50 GiB is reserved by PyTorch but unallocated. If reserved but unallocated memory is large try setting PYTORCH_CUDA_ALLOC_CONF=expandable_segments:True to avoid fragmentation.  See documentation for Memory Management  (https://pytorch.org/docs/stable/notes/cuda.html#environment-variables)",62,62
wikimqa,"CUDA out of memory. Tried to allocate 4.77 GiB. GPU 0 has a total capacity of 23.56 GiB of which 1.16 GiB is free. Including non-PyTorch memory, this process has 22.39 GiB memory in use. Of the allocated memory 18.77 GiB is allocated by PyTorch, and 3.32 GiB is reserved by PyTorch but unallocated. If reserved but unallocated memory is large try setting PYTORCH_CUDA_ALLOC_CONF=expandable_segments:True to avoid fragmentation.  See documentation for Memory Management  (https://pytorch.org/docs/stable/notes/cuda.html#environment-variables)",63,63
wikimqa,"CUDA out of memory. Tried to allocate 4.82 GiB. GPU 0 has a total capacity of 23.56 GiB of which 1.16 GiB is free. Including non-PyTorch memory, this process has 22.39 GiB memory in use. Of the allocated memory 18.85 GiB is allocated by PyTorch, and 3.24 GiB is reserved by PyTorch but unallocated. If reserved but unallocated memory is large try setting PYTORCH_CUDA_ALLOC_CONF=expandable_segments:True to avoid fragmentation.  See documentation for Memory Management  (https://pytorch.org/docs/stable/notes/cuda.html#environment-variables)",64,64
wikimqa,"CUDA out of memory. Tried to allocate 5.17 GiB. GPU 0 has a total capacity of 23.56 GiB of which 1.16 GiB is free. Including non-PyTorch memory, this process has 22.39 GiB memory in use. Of the allocated memory 14.22 GiB is allocated by PyTorch, and 7.87 GiB is reserved by PyTorch but unallocated. If reserved but unallocated memory is large try setting PYTORCH_CUDA_ALLOC_CONF=expandable_segments:True to avoid fragmentation.  See documentation for Memory Management  (https://pytorch.org/docs/stable/notes/cuda.html#environment-variables)",65,65
wikimqa,"CUDA out of memory. Tried to allocate 4.86 GiB. GPU 0 has a total capacity of 23.56 GiB of which 1.16 GiB is free. Including non-PyTorch memory, this process has 22.39 GiB memory in use. Of the allocated memory 18.91 GiB is allocated by PyTorch, and 3.18 GiB is reserved by PyTorch but unallocated. If reserved but unallocated memory is large try setting PYTORCH_CUDA_ALLOC_CONF=expandable_segments:True to avoid fragmentation.  See documentation for Memory Management  (https://pytorch.org/docs/stable/notes/cuda.html#environment-variables)",66,66
wikimqa,"CUDA out of memory. Tried to allocate 5.11 GiB. GPU 0 has a total capacity of 23.56 GiB of which 1.16 GiB is free. Including non-PyTorch memory, this process has 22.39 GiB memory in use. Of the allocated memory 14.19 GiB is allocated by PyTorch, and 7.90 GiB is reserved by PyTorch but unallocated. If reserved but unallocated memory is large try setting PYTORCH_CUDA_ALLOC_CONF=expandable_segments:True to avoid fragmentation.  See documentation for Memory Management  (https://pytorch.org/docs/stable/notes/cuda.html#environment-variables)",67,67
wikimqa,"CUDA out of memory. Tried to allocate 5.06 GiB. GPU 0 has a total capacity of 23.56 GiB of which 1.14 GiB is free. Including non-PyTorch memory, this process has 22.41 GiB memory in use. Of the allocated memory 19.22 GiB is allocated by PyTorch, and 2.88 GiB is reserved by PyTorch but unallocated. If reserved but unallocated memory is large try setting PYTORCH_CUDA_ALLOC_CONF=expandable_segments:True to avoid fragmentation.  See documentation for Memory Management  (https://pytorch.org/docs/stable/notes/cuda.html#environment-variables)",68,68
wikimqa,"CUDA out of memory. Tried to allocate 5.34 GiB. GPU 0 has a total capacity of 23.56 GiB of which 1.10 GiB is free. Including non-PyTorch memory, this process has 22.45 GiB memory in use. Of the allocated memory 19.65 GiB is allocated by PyTorch, and 2.49 GiB is reserved by PyTorch but unallocated. If reserved but unallocated memory is large try setting PYTORCH_CUDA_ALLOC_CONF=expandable_segments:True to avoid fragmentation.  See documentation for Memory Management  (https://pytorch.org/docs/stable/notes/cuda.html#environment-variables)",69,69
wikimqa,"CUDA out of memory. Tried to allocate 5.01 GiB. GPU 0 has a total capacity of 23.56 GiB of which 1.10 GiB is free. Including non-PyTorch memory, this process has 22.45 GiB memory in use. Of the allocated memory 19.13 GiB is allocated by PyTorch, and 3.00 GiB is reserved by PyTorch but unallocated. If reserved but unallocated memory is large try setting PYTORCH_CUDA_ALLOC_CONF=expandable_segments:True to avoid fragmentation.  See documentation for Memory Management  (https://pytorch.org/docs/stable/notes/cuda.html#environment-variables)",70,70
wikimqa,"CUDA out of memory. Tried to allocate 4.51 GiB. GPU 0 has a total capacity of 23.56 GiB of which 1.10 GiB is free. Including non-PyTorch memory, this process has 22.45 GiB memory in use. Of the allocated memory 18.37 GiB is allocated by PyTorch, and 3.77 GiB is reserved by PyTorch but unallocated. If reserved but unallocated memory is large try setting PYTORCH_CUDA_ALLOC_CONF=expandable_segments:True to avoid fragmentation.  See documentation for Memory Management  (https://pytorch.org/docs/stable/notes/cuda.html#environment-variables)",71,71
wikimqa,"CUDA out of memory. Tried to allocate 4.92 GiB. GPU 0 has a total capacity of 23.56 GiB of which 1.10 GiB is free. Including non-PyTorch memory, this process has 22.45 GiB memory in use. Of the allocated memory 19.00 GiB is allocated by PyTorch, and 3.14 GiB is reserved by PyTorch but unallocated. If reserved but unallocated memory is large try setting PYTORCH_CUDA_ALLOC_CONF=expandable_segments:True to avoid fragmentation.  See documentation for Memory Management  (https://pytorch.org/docs/stable/notes/cuda.html#environment-variables)",72,72
wikimqa,"CUDA out of memory. Tried to allocate 6.31 GiB. GPU 0 has a total capacity of 23.56 GiB of which 135.25 MiB is free. Including non-PyTorch memory, this process has 23.42 GiB memory in use. Of the allocated memory 21.14 GiB is allocated by PyTorch, and 1.97 GiB is reserved by PyTorch but unallocated. If reserved but unallocated memory is large try setting PYTORCH_CUDA_ALLOC_CONF=expandable_segments:True to avoid fragmentation.  See documentation for Memory Management  (https://pytorch.org/docs/stable/notes/cuda.html#environment-variables)",73,73
wikimqa,"CUDA out of memory. Tried to allocate 4.14 GiB. GPU 0 has a total capacity of 23.56 GiB of which 135.25 MiB is free. Including non-PyTorch memory, this process has 23.42 GiB memory in use. Of the allocated memory 17.80 GiB is allocated by PyTorch, and 5.31 GiB is reserved by PyTorch but unallocated. If reserved but unallocated memory is large try setting PYTORCH_CUDA_ALLOC_CONF=expandable_segments:True to avoid fragmentation.  See documentation for Memory Management  (https://pytorch.org/docs/stable/notes/cuda.html#environment-variables)",74,74
wikimqa,"CUDA out of memory. Tried to allocate 5.56 GiB. GPU 0 has a total capacity of 23.56 GiB of which 135.25 MiB is free. Including non-PyTorch memory, this process has 23.42 GiB memory in use. Of the allocated memory 14.43 GiB is allocated by PyTorch, and 8.68 GiB is reserved by PyTorch but unallocated. If reserved but unallocated memory is large try setting PYTORCH_CUDA_ALLOC_CONF=expandable_segments:True to avoid fragmentation.  See documentation for Memory Management  (https://pytorch.org/docs/stable/notes/cuda.html#environment-variables)",75,75
wikimqa,"CUDA out of memory. Tried to allocate 6.36 GiB. GPU 0 has a total capacity of 23.56 GiB of which 81.25 MiB is free. Including non-PyTorch memory, this process has 23.47 GiB memory in use. Of the allocated memory 21.22 GiB is allocated by PyTorch, and 1.94 GiB is reserved by PyTorch but unallocated. If reserved but unallocated memory is large try setting PYTORCH_CUDA_ALLOC_CONF=expandable_segments:True to avoid fragmentation.  See documentation for Memory Management  (https://pytorch.org/docs/stable/notes/cuda.html#environment-variables)",76,76
wikimqa,"CUDA out of memory. Tried to allocate 4.45 GiB. GPU 0 has a total capacity of 23.56 GiB of which 81.25 MiB is free. Including non-PyTorch memory, this process has 23.47 GiB memory in use. Of the allocated memory 18.27 GiB is allocated by PyTorch, and 4.89 GiB is reserved by PyTorch but unallocated. If reserved but unallocated memory is large try setting PYTORCH_CUDA_ALLOC_CONF=expandable_segments:True to avoid fragmentation.  See documentation for Memory Management  (https://pytorch.org/docs/stable/notes/cuda.html#environment-variables)",77,77
wikimqa,"CUDA out of memory. Tried to allocate 6.16 GiB. GPU 0 has a total capacity of 23.56 GiB of which 81.25 MiB is free. Including non-PyTorch memory, this process has 23.47 GiB memory in use. Of the allocated memory 14.75 GiB is allocated by PyTorch, and 8.41 GiB is reserved by PyTorch but unallocated. If reserved but unallocated memory is large try setting PYTORCH_CUDA_ALLOC_CONF=expandable_segments:True to avoid fragmentation.  See documentation for Memory Management  (https://pytorch.org/docs/stable/notes/cuda.html#environment-variables)",78,78
wikimqa,"CUDA out of memory. Tried to allocate 4.91 GiB. GPU 0 has a total capacity of 23.56 GiB of which 81.25 MiB is free. Including non-PyTorch memory, this process has 23.47 GiB memory in use. Of the allocated memory 18.98 GiB is allocated by PyTorch, and 4.18 GiB is reserved by PyTorch but unallocated. If reserved but unallocated memory is large try setting PYTORCH_CUDA_ALLOC_CONF=expandable_segments:True to avoid fragmentation.  See documentation for Memory Management  (https://pytorch.org/docs/stable/notes/cuda.html#environment-variables)",79,79
wikimqa,"CUDA out of memory. Tried to allocate 5.21 GiB. GPU 0 has a total capacity of 23.56 GiB of which 81.25 MiB is free. Including non-PyTorch memory, this process has 23.47 GiB memory in use. Of the allocated memory 14.24 GiB is allocated by PyTorch, and 8.93 GiB is reserved by PyTorch but unallocated. If reserved but unallocated memory is large try setting PYTORCH_CUDA_ALLOC_CONF=expandable_segments:True to avoid fragmentation.  See documentation for Memory Management  (https://pytorch.org/docs/stable/notes/cuda.html#environment-variables)",80,80
wikimqa,"CUDA out of memory. Tried to allocate 4.70 GiB. GPU 0 has a total capacity of 23.56 GiB of which 81.25 MiB is free. Including non-PyTorch memory, this process has 23.47 GiB memory in use. Of the allocated memory 18.67 GiB is allocated by PyTorch, and 4.50 GiB is reserved by PyTorch but unallocated. If reserved but unallocated memory is large try setting PYTORCH_CUDA_ALLOC_CONF=expandable_segments:True to avoid fragmentation.  See documentation for Memory Management  (https://pytorch.org/docs/stable/notes/cuda.html#environment-variables)",81,81
wikimqa,"CUDA out of memory. Tried to allocate 5.24 GiB. GPU 0 has a total capacity of 23.56 GiB of which 81.25 MiB is free. Including non-PyTorch memory, this process has 23.47 GiB memory in use. Of the allocated memory 14.26 GiB is allocated by PyTorch, and 8.91 GiB is reserved by PyTorch but unallocated. If reserved but unallocated memory is large try setting PYTORCH_CUDA_ALLOC_CONF=expandable_segments:True to avoid fragmentation.  See documentation for Memory Management  (https://pytorch.org/docs/stable/notes/cuda.html#environment-variables)",82,82
wikimqa,"CUDA out of memory. Tried to allocate 5.46 GiB. GPU 0 has a total capacity of 23.56 GiB of which 81.25 MiB is free. Including non-PyTorch memory, this process has 23.47 GiB memory in use. Of the allocated memory 14.37 GiB is allocated by PyTorch, and 8.79 GiB is reserved by PyTorch but unallocated. If reserved but unallocated memory is large try setting PYTORCH_CUDA_ALLOC_CONF=expandable_segments:True to avoid fragmentation.  See documentation for Memory Management  (https://pytorch.org/docs/stable/notes/cuda.html#environment-variables)",83,83
wikimqa,"CUDA out of memory. Tried to allocate 5.36 GiB. GPU 0 has a total capacity of 23.56 GiB of which 81.25 MiB is free. Including non-PyTorch memory, this process has 23.47 GiB memory in use. Of the allocated memory 14.32 GiB is allocated by PyTorch, and 8.85 GiB is reserved by PyTorch but unallocated. If reserved but unallocated memory is large try setting PYTORCH_CUDA_ALLOC_CONF=expandable_segments:True to avoid fragmentation.  See documentation for Memory Management  (https://pytorch.org/docs/stable/notes/cuda.html#environment-variables)",84,84
wikimqa,"CUDA out of memory. Tried to allocate 4.70 GiB. GPU 0 has a total capacity of 23.56 GiB of which 81.25 MiB is free. Including non-PyTorch memory, this process has 23.47 GiB memory in use. Of the allocated memory 18.66 GiB is allocated by PyTorch, and 4.50 GiB is reserved by PyTorch but unallocated. If reserved but unallocated memory is large try setting PYTORCH_CUDA_ALLOC_CONF=expandable_segments:True to avoid fragmentation.  See documentation for Memory Management  (https://pytorch.org/docs/stable/notes/cuda.html#environment-variables)",85,85
wikimqa,"CUDA out of memory. Tried to allocate 4.60 GiB. GPU 0 has a total capacity of 23.56 GiB of which 81.25 MiB is free. Including non-PyTorch memory, this process has 23.47 GiB memory in use. Of the allocated memory 18.51 GiB is allocated by PyTorch, and 4.66 GiB is reserved by PyTorch but unallocated. If reserved but unallocated memory is large try setting PYTORCH_CUDA_ALLOC_CONF=expandable_segments:True to avoid fragmentation.  See documentation for Memory Management  (https://pytorch.org/docs/stable/notes/cuda.html#environment-variables)",86,86
wikimqa,"CUDA out of memory. Tried to allocate 4.42 GiB. GPU 0 has a total capacity of 23.56 GiB of which 81.25 MiB is free. Including non-PyTorch memory, this process has 23.47 GiB memory in use. Of the allocated memory 18.23 GiB is allocated by PyTorch, and 4.93 GiB is reserved by PyTorch but unallocated. If reserved but unallocated memory is large try setting PYTORCH_CUDA_ALLOC_CONF=expandable_segments:True to avoid fragmentation.  See documentation for Memory Management  (https://pytorch.org/docs/stable/notes/cuda.html#environment-variables)",87,87
wikimqa,"CUDA out of memory. Tried to allocate 4.98 GiB. GPU 0 has a total capacity of 23.56 GiB of which 81.25 MiB is free. Including non-PyTorch memory, this process has 23.47 GiB memory in use. Of the allocated memory 19.10 GiB is allocated by PyTorch, and 4.06 GiB is reserved by PyTorch but unallocated. If reserved but unallocated memory is large try setting PYTORCH_CUDA_ALLOC_CONF=expandable_segments:True to avoid fragmentation.  See documentation for Memory Management  (https://pytorch.org/docs/stable/notes/cuda.html#environment-variables)",88,88
wikimqa,"CUDA out of memory. Tried to allocate 4.38 GiB. GPU 0 has a total capacity of 23.56 GiB of which 81.25 MiB is free. Including non-PyTorch memory, this process has 23.47 GiB memory in use. Of the allocated memory 18.17 GiB is allocated by PyTorch, and 5.00 GiB is reserved by PyTorch but unallocated. If reserved but unallocated memory is large try setting PYTORCH_CUDA_ALLOC_CONF=expandable_segments:True to avoid fragmentation.  See documentation for Memory Management  (https://pytorch.org/docs/stable/notes/cuda.html#environment-variables)",89,89
wikimqa,"CUDA out of memory. Tried to allocate 5.08 GiB. GPU 0 has a total capacity of 23.56 GiB of which 67.25 MiB is free. Including non-PyTorch memory, this process has 23.48 GiB memory in use. Of the allocated memory 19.24 GiB is allocated by PyTorch, and 3.93 GiB is reserved by PyTorch but unallocated. If reserved but unallocated memory is large try setting PYTORCH_CUDA_ALLOC_CONF=expandable_segments:True to avoid fragmentation.  See documentation for Memory Management  (https://pytorch.org/docs/stable/notes/cuda.html#environment-variables)",90,90
wikimqa,"CUDA out of memory. Tried to allocate 4.41 GiB. GPU 0 has a total capacity of 23.56 GiB of which 67.25 MiB is free. Including non-PyTorch memory, this process has 23.48 GiB memory in use. Of the allocated memory 18.22 GiB is allocated by PyTorch, and 4.96 GiB is reserved by PyTorch but unallocated. If reserved but unallocated memory is large try setting PYTORCH_CUDA_ALLOC_CONF=expandable_segments:True to avoid fragmentation.  See documentation for Memory Management  (https://pytorch.org/docs/stable/notes/cuda.html#environment-variables)",91,91
wikimqa,"CUDA out of memory. Tried to allocate 4.94 GiB. GPU 0 has a total capacity of 23.56 GiB of which 67.25 MiB is free. Including non-PyTorch memory, this process has 23.48 GiB memory in use. Of the allocated memory 19.03 GiB is allocated by PyTorch, and 4.14 GiB is reserved by PyTorch but unallocated. If reserved but unallocated memory is large try setting PYTORCH_CUDA_ALLOC_CONF=expandable_segments:True to avoid fragmentation.  See documentation for Memory Management  (https://pytorch.org/docs/stable/notes/cuda.html#environment-variables)",92,92
wikimqa,"CUDA out of memory. Tried to allocate 5.39 GiB. GPU 0 has a total capacity of 23.56 GiB of which 67.25 MiB is free. Including non-PyTorch memory, this process has 23.48 GiB memory in use. Of the allocated memory 14.34 GiB is allocated by PyTorch, and 8.84 GiB is reserved by PyTorch but unallocated. If reserved but unallocated memory is large try setting PYTORCH_CUDA_ALLOC_CONF=expandable_segments:True to avoid fragmentation.  See documentation for Memory Management  (https://pytorch.org/docs/stable/notes/cuda.html#environment-variables)",93,93
wikimqa,"CUDA out of memory. Tried to allocate 4.91 GiB. GPU 0 has a total capacity of 23.56 GiB of which 67.25 MiB is free. Including non-PyTorch memory, this process has 23.48 GiB memory in use. Of the allocated memory 18.99 GiB is allocated by PyTorch, and 4.19 GiB is reserved by PyTorch but unallocated. If reserved but unallocated memory is large try setting PYTORCH_CUDA_ALLOC_CONF=expandable_segments:True to avoid fragmentation.  See documentation for Memory Management  (https://pytorch.org/docs/stable/notes/cuda.html#environment-variables)",94,94
wikimqa,"CUDA out of memory. Tried to allocate 5.04 GiB. GPU 0 has a total capacity of 23.56 GiB of which 67.25 MiB is free. Including non-PyTorch memory, this process has 23.48 GiB memory in use. Of the allocated memory 19.19 GiB is allocated by PyTorch, and 3.98 GiB is reserved by PyTorch but unallocated. If reserved but unallocated memory is large try setting PYTORCH_CUDA_ALLOC_CONF=expandable_segments:True to avoid fragmentation.  See documentation for Memory Management  (https://pytorch.org/docs/stable/notes/cuda.html#environment-variables)",95,95
wikimqa,"CUDA out of memory. Tried to allocate 4.98 GiB. GPU 0 has a total capacity of 23.56 GiB of which 67.25 MiB is free. Including non-PyTorch memory, this process has 23.48 GiB memory in use. Of the allocated memory 19.10 GiB is allocated by PyTorch, and 4.07 GiB is reserved by PyTorch but unallocated. If reserved but unallocated memory is large try setting PYTORCH_CUDA_ALLOC_CONF=expandable_segments:True to avoid fragmentation.  See documentation for Memory Management  (https://pytorch.org/docs/stable/notes/cuda.html#environment-variables)",96,96
wikimqa,"CUDA out of memory. Tried to allocate 5.26 GiB. GPU 0 has a total capacity of 23.56 GiB of which 67.25 MiB is free. Including non-PyTorch memory, this process has 23.48 GiB memory in use. Of the allocated memory 14.27 GiB is allocated by PyTorch, and 8.91 GiB is reserved by PyTorch but unallocated. If reserved but unallocated memory is large try setting PYTORCH_CUDA_ALLOC_CONF=expandable_segments:True to avoid fragmentation.  See documentation for Memory Management  (https://pytorch.org/docs/stable/notes/cuda.html#environment-variables)",97,97
wikimqa,"CUDA out of memory. Tried to allocate 5.01 GiB. GPU 0 has a total capacity of 23.56 GiB of which 67.25 MiB is free. Including non-PyTorch memory, this process has 23.48 GiB memory in use. Of the allocated memory 19.13 GiB is allocated by PyTorch, and 4.04 GiB is reserved by PyTorch but unallocated. If reserved but unallocated memory is large try setting PYTORCH_CUDA_ALLOC_CONF=expandable_segments:True to avoid fragmentation.  See documentation for Memory Management  (https://pytorch.org/docs/stable/notes/cuda.html#environment-variables)",98,98
wikimqa,"CUDA out of memory. Tried to allocate 5.29 GiB. GPU 0 has a total capacity of 23.56 GiB of which 67.25 MiB is free. Including non-PyTorch memory, this process has 23.48 GiB memory in use. Of the allocated memory 14.28 GiB is allocated by PyTorch, and 8.89 GiB is reserved by PyTorch but unallocated. If reserved but unallocated memory is large try setting PYTORCH_CUDA_ALLOC_CONF=expandable_segments:True to avoid fragmentation.  See documentation for Memory Management  (https://pytorch.org/docs/stable/notes/cuda.html#environment-variables)",99,99
wikimqa,"CUDA out of memory. Tried to allocate 5.12 GiB. GPU 0 has a total capacity of 23.56 GiB of which 67.25 MiB is free. Including non-PyTorch memory, this process has 23.48 GiB memory in use. Of the allocated memory 14.19 GiB is allocated by PyTorch, and 8.98 GiB is reserved by PyTorch but unallocated. If reserved but unallocated memory is large try setting PYTORCH_CUDA_ALLOC_CONF=expandable_segments:True to avoid fragmentation.  See documentation for Memory Management  (https://pytorch.org/docs/stable/notes/cuda.html#environment-variables)",100,100
samsum,"CUDA out of memory. Tried to allocate 7.24 GiB. GPU 0 has a total capacity of 23.56 GiB of which 6.43 GiB is free. Including non-PyTorch memory, this process has 17.12 GiB memory in use. Of the allocated memory 11.95 GiB is allocated by PyTorch, and 4.86 GiB is reserved by PyTorch but unallocated. If reserved but unallocated memory is large try setting PYTORCH_CUDA_ALLOC_CONF=expandable_segments:True to avoid fragmentation.  See documentation for Memory Management  (https://pytorch.org/docs/stable/notes/cuda.html#environment-variables)",5da5f97a6782e2f4559618a1ac96a0eaa98ff99ae2f5b189,1
samsum,"CUDA out of memory. Tried to allocate 1.13 GiB. GPU 0 has a total capacity of 23.56 GiB of which 983.25 MiB is free. Including non-PyTorch memory, this process has 22.59 GiB memory in use. Of the allocated memory 21.07 GiB is allocated by PyTorch, and 1.21 GiB is reserved by PyTorch but unallocated. If reserved but unallocated memory is large try setting PYTORCH_CUDA_ALLOC_CONF=expandable_segments:True to avoid fragmentation.  See documentation for Memory Management  (https://pytorch.org/docs/stable/notes/cuda.html#environment-variables)",e5b2529de4edb475662403295e8fb4c639067de48ea3fa13,2
samsum,"CUDA out of memory. Tried to allocate 13.87 GiB. GPU 0 has a total capacity of 23.56 GiB of which 10.76 GiB is free. Including non-PyTorch memory, this process has 12.79 GiB memory in use. Of the allocated memory 12.32 GiB is allocated by PyTorch, and 159.98 MiB is reserved by PyTorch but unallocated. If reserved but unallocated memory is large try setting PYTORCH_CUDA_ALLOC_CONF=expandable_segments:True to avoid fragmentation.  See documentation for Memory Management  (https://pytorch.org/docs/stable/notes/cuda.html#environment-variables)",0681192bf437818262545c9d5d410f94fd265b20f23d5111,3
samsum,"CUDA out of memory. Tried to allocate 5.85 GiB. GPU 0 has a total capacity of 23.56 GiB of which 4.91 GiB is free. Including non-PyTorch memory, this process has 18.64 GiB memory in use. Of the allocated memory 17.71 GiB is allocated by PyTorch, and 629.57 MiB is reserved by PyTorch but unallocated. If reserved but unallocated memory is large try setting PYTORCH_CUDA_ALLOC_CONF=expandable_segments:True to avoid fragmentation.  See documentation for Memory Management  (https://pytorch.org/docs/stable/notes/cuda.html#environment-variables)",6f9361273f0bb0f4da30c7204050eaf72782a8fdae636bb2,4
samsum,"CUDA out of memory. Tried to allocate 7.95 GiB. GPU 0 has a total capacity of 23.56 GiB of which 2.81 GiB is free. Including non-PyTorch memory, this process has 20.74 GiB memory in use. Of the allocated memory 19.94 GiB is allocated by PyTorch, and 497.59 MiB is reserved by PyTorch but unallocated. If reserved but unallocated memory is large try setting PYTORCH_CUDA_ALLOC_CONF=expandable_segments:True to avoid fragmentation.  See documentation for Memory Management  (https://pytorch.org/docs/stable/notes/cuda.html#environment-variables)",1b992f20e93e0d79de187fa27d695a4a1603ddb06bcaf0d8,5
samsum,"CUDA out of memory. Tried to allocate 16.51 GiB. GPU 0 has a total capacity of 23.56 GiB of which 2.81 GiB is free. Including non-PyTorch memory, this process has 20.74 GiB memory in use. Of the allocated memory 12.46 GiB is allocated by PyTorch, and 7.97 GiB is reserved by PyTorch but unallocated. If reserved but unallocated memory is large try setting PYTORCH_CUDA_ALLOC_CONF=expandable_segments:True to avoid fragmentation.  See documentation for Memory Management  (https://pytorch.org/docs/stable/notes/cuda.html#environment-variables)",e207f0cd648c4dd4516b519a490faacd3dae921aac636340,6
samsum,"CUDA out of memory. Tried to allocate 23.23 GiB. GPU 0 has a total capacity of 23.56 GiB of which 2.81 GiB is free. Including non-PyTorch memory, this process has 20.74 GiB memory in use. Of the allocated memory 12.79 GiB is allocated by PyTorch, and 7.64 GiB is reserved by PyTorch but unallocated. If reserved but unallocated memory is large try setting PYTORCH_CUDA_ALLOC_CONF=expandable_segments:True to avoid fragmentation.  See documentation for Memory Management  (https://pytorch.org/docs/stable/notes/cuda.html#environment-variables)",6bdecf495afb4980c3f65777cc45c18bb487f697e8a078f6,7
samsum,"CUDA out of memory. Tried to allocate 22.78 GiB. GPU 0 has a total capacity of 23.56 GiB of which 2.81 GiB is free. Including non-PyTorch memory, this process has 20.74 GiB memory in use. Of the allocated memory 12.76 GiB is allocated by PyTorch, and 7.67 GiB is reserved by PyTorch but unallocated. If reserved but unallocated memory is large try setting PYTORCH_CUDA_ALLOC_CONF=expandable_segments:True to avoid fragmentation.  See documentation for Memory Management  (https://pytorch.org/docs/stable/notes/cuda.html#environment-variables)",a49f56fda8881e78a638c9f488dec798c0a3cc2b18f6b8f0,8
samsum,"CUDA out of memory. Tried to allocate 11.17 GiB. GPU 0 has a total capacity of 23.56 GiB of which 10.76 GiB is free. Including non-PyTorch memory, this process has 12.79 GiB memory in use. Of the allocated memory 12.18 GiB is allocated by PyTorch, and 307.74 MiB is reserved by PyTorch but unallocated. If reserved but unallocated memory is large try setting PYTORCH_CUDA_ALLOC_CONF=expandable_segments:True to avoid fragmentation.  See documentation for Memory Management  (https://pytorch.org/docs/stable/notes/cuda.html#environment-variables)",e3438ab42d3cc8239d1e19c8368ad851df9cdf88b15fd6ec,9
samsum,"CUDA out of memory. Tried to allocate 1.54 GiB. GPU 0 has a total capacity of 23.56 GiB of which 737.25 MiB is free. Including non-PyTorch memory, this process has 22.83 GiB memory in use. Of the allocated memory 20.76 GiB is allocated by PyTorch, and 1.76 GiB is reserved by PyTorch but unallocated. If reserved but unallocated memory is large try setting PYTORCH_CUDA_ALLOC_CONF=expandable_segments:True to avoid fragmentation.  See documentation for Memory Management  (https://pytorch.org/docs/stable/notes/cuda.html#environment-variables)",77ead33295dc92287fbb9d0b6e86911ef1ef33d35fbb6f68,10
samsum,"CUDA out of memory. Tried to allocate 7.96 GiB. GPU 0 has a total capacity of 23.56 GiB of which 3.16 GiB is free. Including non-PyTorch memory, this process has 20.39 GiB memory in use. Of the allocated memory 19.96 GiB is allocated by PyTorch, and 127.16 MiB is reserved by PyTorch but unallocated. If reserved but unallocated memory is large try setting PYTORCH_CUDA_ALLOC_CONF=expandable_segments:True to avoid fragmentation.  See documentation for Memory Management  (https://pytorch.org/docs/stable/notes/cuda.html#environment-variables)",694acb099ad12bae7161cf4ac8d7fb920d6de7ce1857a246,11
samsum,"CUDA out of memory. Tried to allocate 7.75 GiB. GPU 0 has a total capacity of 23.56 GiB of which 3.16 GiB is free. Including non-PyTorch memory, this process has 20.39 GiB memory in use. Of the allocated memory 19.73 GiB is allocated by PyTorch, and 357.78 MiB is reserved by PyTorch but unallocated. If reserved but unallocated memory is large try setting PYTORCH_CUDA_ALLOC_CONF=expandable_segments:True to avoid fragmentation.  See documentation for Memory Management  (https://pytorch.org/docs/stable/notes/cuda.html#environment-variables)",838c429ae24c4723861b0f074f871f52db83f0747f772d5d,12
samsum,"CUDA out of memory. Tried to allocate 4.20 GiB. GPU 0 has a total capacity of 23.56 GiB of which 3.16 GiB is free. Including non-PyTorch memory, this process has 20.39 GiB memory in use. Of the allocated memory 17.89 GiB is allocated by PyTorch, and 2.19 GiB is reserved by PyTorch but unallocated. If reserved but unallocated memory is large try setting PYTORCH_CUDA_ALLOC_CONF=expandable_segments:True to avoid fragmentation.  See documentation for Memory Management  (https://pytorch.org/docs/stable/notes/cuda.html#environment-variables)",1937c256433911ec3025e6383525c9c4ef22d52b445a0a0c,13
samsum,"CUDA out of memory. Tried to allocate 13.90 GiB. GPU 0 has a total capacity of 23.56 GiB of which 3.16 GiB is free. Including non-PyTorch memory, this process has 20.39 GiB memory in use. Of the allocated memory 12.32 GiB is allocated by PyTorch, and 7.76 GiB is reserved by PyTorch but unallocated. If reserved but unallocated memory is large try setting PYTORCH_CUDA_ALLOC_CONF=expandable_segments:True to avoid fragmentation.  See documentation for Memory Management  (https://pytorch.org/docs/stable/notes/cuda.html#environment-variables)",69f3eb0f9a4c973a0b9785e7795cece732bf7738b5322fce,14
samsum,"CUDA out of memory. Tried to allocate 9.75 GiB. GPU 0 has a total capacity of 23.56 GiB of which 3.16 GiB is free. Including non-PyTorch memory, this process has 20.39 GiB memory in use. Of the allocated memory 12.10 GiB is allocated by PyTorch, and 7.98 GiB is reserved by PyTorch but unallocated. If reserved but unallocated memory is large try setting PYTORCH_CUDA_ALLOC_CONF=expandable_segments:True to avoid fragmentation.  See documentation for Memory Management  (https://pytorch.org/docs/stable/notes/cuda.html#environment-variables)",4a4c7c55c7fb1952ff95cbf97499ae21eb93ff1c37e68458,15
samsum,"CUDA out of memory. Tried to allocate 8.03 GiB. GPU 0 has a total capacity of 23.56 GiB of which 3.10 GiB is free. Including non-PyTorch memory, this process has 20.45 GiB memory in use. Of the allocated memory 20.02 GiB is allocated by PyTorch, and 123.22 MiB is reserved by PyTorch but unallocated. If reserved but unallocated memory is large try setting PYTORCH_CUDA_ALLOC_CONF=expandable_segments:True to avoid fragmentation.  See documentation for Memory Management  (https://pytorch.org/docs/stable/notes/cuda.html#environment-variables)",719eee42955c9d3602c720f8644ffd10e0af4776be3dc046,16
samsum,"CUDA out of memory. Tried to allocate 3.34 GiB. GPU 0 has a total capacity of 23.56 GiB of which 3.10 GiB is free. Including non-PyTorch memory, this process has 20.45 GiB memory in use. Of the allocated memory 16.56 GiB is allocated by PyTorch, and 3.58 GiB is reserved by PyTorch but unallocated. If reserved but unallocated memory is large try setting PYTORCH_CUDA_ALLOC_CONF=expandable_segments:True to avoid fragmentation.  See documentation for Memory Management  (https://pytorch.org/docs/stable/notes/cuda.html#environment-variables)",6b2677b451034aef716068c91304f0ce5e33440ebf8b4620,17
samsum,"CUDA out of memory. Tried to allocate 1.60 GiB. GPU 0 has a total capacity of 23.56 GiB of which 1.49 GiB is free. Including non-PyTorch memory, this process has 22.06 GiB memory in use. Of the allocated memory 20.29 GiB is allocated by PyTorch, and 1.45 GiB is reserved by PyTorch but unallocated. If reserved but unallocated memory is large try setting PYTORCH_CUDA_ALLOC_CONF=expandable_segments:True to avoid fragmentation.  See documentation for Memory Management  (https://pytorch.org/docs/stable/notes/cuda.html#environment-variables)",0b61c23fde58a1a29920fd2cf13ba9caf9dec377481563df,18
samsum,"CUDA out of memory. Tried to allocate 17.38 GiB. GPU 0 has a total capacity of 23.56 GiB of which 9.52 GiB is free. Including non-PyTorch memory, this process has 14.03 GiB memory in use. Of the allocated memory 12.50 GiB is allocated by PyTorch, and 1.22 GiB is reserved by PyTorch but unallocated. If reserved but unallocated memory is large try setting PYTORCH_CUDA_ALLOC_CONF=expandable_segments:True to avoid fragmentation.  See documentation for Memory Management  (https://pytorch.org/docs/stable/notes/cuda.html#environment-variables)",026af6b27965bf8a6572d64fc70cc2269b01b37509086d74,19
samsum,"CUDA out of memory. Tried to allocate 3.66 GiB. GPU 0 has a total capacity of 23.56 GiB of which 141.25 MiB is free. Including non-PyTorch memory, this process has 23.41 GiB memory in use. Of the allocated memory 20.77 GiB is allocated by PyTorch, and 2.34 GiB is reserved by PyTorch but unallocated. If reserved but unallocated memory is large try setting PYTORCH_CUDA_ALLOC_CONF=expandable_segments:True to avoid fragmentation.  See documentation for Memory Management  (https://pytorch.org/docs/stable/notes/cuda.html#environment-variables)",3ea532ab0addd3b00ccff7e7f4c09e0644067bf1acf1453a,20
samsum,"CUDA out of memory. Tried to allocate 21.19 GiB. GPU 0 has a total capacity of 23.56 GiB of which 7.46 GiB is free. Including non-PyTorch memory, this process has 16.09 GiB memory in use. Of the allocated memory 12.69 GiB is allocated by PyTorch, and 3.09 GiB is reserved by PyTorch but unallocated. If reserved but unallocated memory is large try setting PYTORCH_CUDA_ALLOC_CONF=expandable_segments:True to avoid fragmentation.  See documentation for Memory Management  (https://pytorch.org/docs/stable/notes/cuda.html#environment-variables)",b0a5da20017e4f6d513b2e5058be42e204a1e105698da42e,21
samsum,"CUDA out of memory. Tried to allocate 20.86 GiB. GPU 0 has a total capacity of 23.56 GiB of which 7.46 GiB is free. Including non-PyTorch memory, this process has 16.09 GiB memory in use. Of the allocated memory 12.67 GiB is allocated by PyTorch, and 3.11 GiB is reserved by PyTorch but unallocated. If reserved but unallocated memory is large try setting PYTORCH_CUDA_ALLOC_CONF=expandable_segments:True to avoid fragmentation.  See documentation for Memory Management  (https://pytorch.org/docs/stable/notes/cuda.html#environment-variables)",0c3ce1cd7e7246a98eda4c178e98c100cbe3e275c4b7ce9b,22
samsum,"CUDA out of memory. Tried to allocate 1.80 GiB. GPU 0 has a total capacity of 23.56 GiB of which 263.25 MiB is free. Including non-PyTorch memory, this process has 23.29 GiB memory in use. Of the allocated memory 21.41 GiB is allocated by PyTorch, and 1.58 GiB is reserved by PyTorch but unallocated. If reserved but unallocated memory is large try setting PYTORCH_CUDA_ALLOC_CONF=expandable_segments:True to avoid fragmentation.  See documentation for Memory Management  (https://pytorch.org/docs/stable/notes/cuda.html#environment-variables)",5995658a6719fda93e3338b5bdb95ace008a41f8856f0a81,23
samsum,"CUDA out of memory. Tried to allocate 8.07 GiB. GPU 0 has a total capacity of 23.56 GiB of which 7.09 GiB is free. Including non-PyTorch memory, this process has 16.46 GiB memory in use. Of the allocated memory 15.78 GiB is allocated by PyTorch, and 386.53 MiB is reserved by PyTorch but unallocated. If reserved but unallocated memory is large try setting PYTORCH_CUDA_ALLOC_CONF=expandable_segments:True to avoid fragmentation.  See documentation for Memory Management  (https://pytorch.org/docs/stable/notes/cuda.html#environment-variables)",29fe22e3483ac121e8c349dad5e3755798af025b774a676e,24
samsum,"CUDA out of memory. Tried to allocate 16.22 GiB. GPU 0 has a total capacity of 23.56 GiB of which 7.09 GiB is free. Including non-PyTorch memory, this process has 16.46 GiB memory in use. Of the allocated memory 12.44 GiB is allocated by PyTorch, and 3.71 GiB is reserved by PyTorch but unallocated. If reserved but unallocated memory is large try setting PYTORCH_CUDA_ALLOC_CONF=expandable_segments:True to avoid fragmentation.  See documentation for Memory Management  (https://pytorch.org/docs/stable/notes/cuda.html#environment-variables)",4531b2fb7204ec965ce453b1eddea55b22ba4d798b74c41f,25
samsum,"CUDA out of memory. Tried to allocate 3.71 GiB. GPU 0 has a total capacity of 23.56 GiB of which 3.38 GiB is free. Including non-PyTorch memory, this process has 20.17 GiB memory in use. Of the allocated memory 17.13 GiB is allocated by PyTorch, and 2.73 GiB is reserved by PyTorch but unallocated. If reserved but unallocated memory is large try setting PYTORCH_CUDA_ALLOC_CONF=expandable_segments:True to avoid fragmentation.  See documentation for Memory Management  (https://pytorch.org/docs/stable/notes/cuda.html#environment-variables)",a6633d664d9f223bcfaefaac93f16945b776fa27caac6565,26
samsum,"CUDA out of memory. Tried to allocate 8.79 GiB. GPU 0 has a total capacity of 23.56 GiB of which 7.42 GiB is free. Including non-PyTorch memory, this process has 16.13 GiB memory in use. Of the allocated memory 12.04 GiB is allocated by PyTorch, and 3.78 GiB is reserved by PyTorch but unallocated. If reserved but unallocated memory is large try setting PYTORCH_CUDA_ALLOC_CONF=expandable_segments:True to avoid fragmentation.  See documentation for Memory Management  (https://pytorch.org/docs/stable/notes/cuda.html#environment-variables)",9a9571db652927fbef54fe9869dd2f2d3712b5f14e538920,27
samsum,"CUDA out of memory. Tried to allocate 15.18 GiB. GPU 0 has a total capacity of 23.56 GiB of which 7.42 GiB is free. Including non-PyTorch memory, this process has 16.13 GiB memory in use. Of the allocated memory 12.39 GiB is allocated by PyTorch, and 3.43 GiB is reserved by PyTorch but unallocated. If reserved but unallocated memory is large try setting PYTORCH_CUDA_ALLOC_CONF=expandable_segments:True to avoid fragmentation.  See documentation for Memory Management  (https://pytorch.org/docs/stable/notes/cuda.html#environment-variables)",05b71aaf6c3df6cb4f09047fc44a4a88139b9f7a6028b9de,28
samsum,"CUDA out of memory. Tried to allocate 7.35 GiB. GPU 0 has a total capacity of 23.56 GiB of which 3.77 GiB is free. Including non-PyTorch memory, this process has 19.78 GiB memory in use. Of the allocated memory 19.31 GiB is allocated by PyTorch, and 166.31 MiB is reserved by PyTorch but unallocated. If reserved but unallocated memory is large try setting PYTORCH_CUDA_ALLOC_CONF=expandable_segments:True to avoid fragmentation.  See documentation for Memory Management  (https://pytorch.org/docs/stable/notes/cuda.html#environment-variables)",e58fc0df85eb2c2b69f4ccb8250348d128e853debabefa37,29
samsum,"CUDA out of memory. Tried to allocate 26.77 GiB. GPU 0 has a total capacity of 23.56 GiB of which 3.77 GiB is free. Including non-PyTorch memory, this process has 19.78 GiB memory in use. Of the allocated memory 12.95 GiB is allocated by PyTorch, and 6.52 GiB is reserved by PyTorch but unallocated. If reserved but unallocated memory is large try setting PYTORCH_CUDA_ALLOC_CONF=expandable_segments:True to avoid fragmentation.  See documentation for Memory Management  (https://pytorch.org/docs/stable/notes/cuda.html#environment-variables)",a07252431ca98d95fddb8b54ea5e5b6778bdf97d81be345e,30
samsum,"CUDA out of memory. Tried to allocate 4.79 GiB. GPU 0 has a total capacity of 23.56 GiB of which 3.77 GiB is free. Including non-PyTorch memory, this process has 19.78 GiB memory in use. Of the allocated memory 18.80 GiB is allocated by PyTorch, and 683.23 MiB is reserved by PyTorch but unallocated. If reserved but unallocated memory is large try setting PYTORCH_CUDA_ALLOC_CONF=expandable_segments:True to avoid fragmentation.  See documentation for Memory Management  (https://pytorch.org/docs/stable/notes/cuda.html#environment-variables)",0b17925cad5c3390e9294b318b7049338619abe2362a1b07,31
samsum,"CUDA out of memory. Tried to allocate 6.81 GiB. GPU 0 has a total capacity of 23.56 GiB of which 3.77 GiB is free. Including non-PyTorch memory, this process has 19.78 GiB memory in use. Of the allocated memory 15.10 GiB is allocated by PyTorch, and 4.37 GiB is reserved by PyTorch but unallocated. If reserved but unallocated memory is large try setting PYTORCH_CUDA_ALLOC_CONF=expandable_segments:True to avoid fragmentation.  See documentation for Memory Management  (https://pytorch.org/docs/stable/notes/cuda.html#environment-variables)",304f4ae8cfd2d8a77310d0c7e9b9c910713b1c36492ef660,32
samsum,"CUDA out of memory. Tried to allocate 3.84 GiB. GPU 0 has a total capacity of 23.56 GiB of which 3.77 GiB is free. Including non-PyTorch memory, this process has 19.78 GiB memory in use. Of the allocated memory 15.57 GiB is allocated by PyTorch, and 3.90 GiB is reserved by PyTorch but unallocated. If reserved but unallocated memory is large try setting PYTORCH_CUDA_ALLOC_CONF=expandable_segments:True to avoid fragmentation.  See documentation for Memory Management  (https://pytorch.org/docs/stable/notes/cuda.html#environment-variables)",08a9881a615a3ec040eaf48a7575b320ae0bb1b4d1ab71bb,33
samsum,"CUDA out of memory. Tried to allocate 15.89 GiB. GPU 0 has a total capacity of 23.56 GiB of which 3.77 GiB is free. Including non-PyTorch memory, this process has 19.78 GiB memory in use. Of the allocated memory 12.43 GiB is allocated by PyTorch, and 7.05 GiB is reserved by PyTorch but unallocated. If reserved but unallocated memory is large try setting PYTORCH_CUDA_ALLOC_CONF=expandable_segments:True to avoid fragmentation.  See documentation for Memory Management  (https://pytorch.org/docs/stable/notes/cuda.html#environment-variables)",a63b1ff6f29d6d2383c5551b5c7a6bd6552c15c9c95d12f2,34
samsum,"CUDA out of memory. Tried to allocate 706.00 MiB. GPU 0 has a total capacity of 23.56 GiB of which 329.25 MiB is free. Including non-PyTorch memory, this process has 23.23 GiB memory in use. Of the allocated memory 22.08 GiB is allocated by PyTorch, and 859.91 MiB is reserved by PyTorch but unallocated. If reserved but unallocated memory is large try setting PYTORCH_CUDA_ALLOC_CONF=expandable_segments:True to avoid fragmentation.  See documentation for Memory Management  (https://pytorch.org/docs/stable/notes/cuda.html#environment-variables)",2231482e3e63d5eb092d2b33f2a64221fea97ad0ad2b7345,35
samsum,"CUDA out of memory. Tried to allocate 17.74 GiB. GPU 0 has a total capacity of 23.56 GiB of which 10.52 GiB is free. Including non-PyTorch memory, this process has 13.03 GiB memory in use. Of the allocated memory 12.52 GiB is allocated by PyTorch, and 208.94 MiB is reserved by PyTorch but unallocated. If reserved but unallocated memory is large try setting PYTORCH_CUDA_ALLOC_CONF=expandable_segments:True to avoid fragmentation.  See documentation for Memory Management  (https://pytorch.org/docs/stable/notes/cuda.html#environment-variables)",cc396bb55c72b6520586eae52c8384a611443d89365c691a,36
samsum,"CUDA out of memory. Tried to allocate 13.98 GiB. GPU 0 has a total capacity of 23.56 GiB of which 10.52 GiB is free. Including non-PyTorch memory, this process has 13.03 GiB memory in use. Of the allocated memory 12.33 GiB is allocated by PyTorch, and 405.91 MiB is reserved by PyTorch but unallocated. If reserved but unallocated memory is large try setting PYTORCH_CUDA_ALLOC_CONF=expandable_segments:True to avoid fragmentation.  See documentation for Memory Management  (https://pytorch.org/docs/stable/notes/cuda.html#environment-variables)",977203cd0f8b37190a0b747115061e621f29c73017cdfde4,37
samsum,"CUDA out of memory. Tried to allocate 18.04 GiB. GPU 0 has a total capacity of 23.56 GiB of which 10.52 GiB is free. Including non-PyTorch memory, this process has 13.03 GiB memory in use. Of the allocated memory 12.53 GiB is allocated by PyTorch, and 193.72 MiB is reserved by PyTorch but unallocated. If reserved but unallocated memory is large try setting PYTORCH_CUDA_ALLOC_CONF=expandable_segments:True to avoid fragmentation.  See documentation for Memory Management  (https://pytorch.org/docs/stable/notes/cuda.html#environment-variables)",6f91e1d2c7e68d45f7a396cc86e746791b71c821d2dd2bdc,38
samsum,"CUDA out of memory. Tried to allocate 11.85 GiB. GPU 0 has a total capacity of 23.56 GiB of which 10.52 GiB is free. Including non-PyTorch memory, this process has 13.03 GiB memory in use. Of the allocated memory 12.21 GiB is allocated by PyTorch, and 521.97 MiB is reserved by PyTorch but unallocated. If reserved but unallocated memory is large try setting PYTORCH_CUDA_ALLOC_CONF=expandable_segments:True to avoid fragmentation.  See documentation for Memory Management  (https://pytorch.org/docs/stable/notes/cuda.html#environment-variables)",1ba38eb2067d2b9f260763740f38f625c1e73387123551fc,39
samsum,"CUDA out of memory. Tried to allocate 2.48 GiB. GPU 0 has a total capacity of 23.56 GiB of which 1.29 GiB is free. Including non-PyTorch memory, this process has 22.26 GiB memory in use. Of the allocated memory 18.98 GiB is allocated by PyTorch, and 2.97 GiB is reserved by PyTorch but unallocated. If reserved but unallocated memory is large try setting PYTORCH_CUDA_ALLOC_CONF=expandable_segments:True to avoid fragmentation.  See documentation for Memory Management  (https://pytorch.org/docs/stable/notes/cuda.html#environment-variables)",baf241ba78d0f6bba3199805902dc2c27e7d98dfdae1cf0c,40
samsum,"CUDA out of memory. Tried to allocate 3.63 GiB. GPU 0 has a total capacity of 23.56 GiB of which 317.25 MiB is free. Including non-PyTorch memory, this process has 23.24 GiB memory in use. Of the allocated memory 20.69 GiB is allocated by PyTorch, and 2.24 GiB is reserved by PyTorch but unallocated. If reserved but unallocated memory is large try setting PYTORCH_CUDA_ALLOC_CONF=expandable_segments:True to avoid fragmentation.  See documentation for Memory Management  (https://pytorch.org/docs/stable/notes/cuda.html#environment-variables)",9a35b78be7c674cd1dc1974650529208d6c9520d1769011b,41
samsum,"CUDA out of memory. Tried to allocate 7.96 GiB. GPU 0 has a total capacity of 23.56 GiB of which 7.23 GiB is free. Including non-PyTorch memory, this process has 16.32 GiB memory in use. Of the allocated memory 15.72 GiB is allocated by PyTorch, and 302.64 MiB is reserved by PyTorch but unallocated. If reserved but unallocated memory is large try setting PYTORCH_CUDA_ALLOC_CONF=expandable_segments:True to avoid fragmentation.  See documentation for Memory Management  (https://pytorch.org/docs/stable/notes/cuda.html#environment-variables)",b37b693a6fddf5d33590780ebe83bac0a9132031c3f473d4,43
samsum,"CUDA out of memory. Tried to allocate 19.39 GiB. GPU 0 has a total capacity of 23.56 GiB of which 7.23 GiB is free. Including non-PyTorch memory, this process has 16.32 GiB memory in use. Of the allocated memory 12.60 GiB is allocated by PyTorch, and 3.41 GiB is reserved by PyTorch but unallocated. If reserved but unallocated memory is large try setting PYTORCH_CUDA_ALLOC_CONF=expandable_segments:True to avoid fragmentation.  See documentation for Memory Management  (https://pytorch.org/docs/stable/notes/cuda.html#environment-variables)",08218d6182ae58880542773ad86e88dda511567e2044167e,44
samsum,"CUDA out of memory. Tried to allocate 12.21 GiB. GPU 0 has a total capacity of 23.56 GiB of which 7.23 GiB is free. Including non-PyTorch memory, this process has 16.32 GiB memory in use. Of the allocated memory 12.23 GiB is allocated by PyTorch, and 3.78 GiB is reserved by PyTorch but unallocated. If reserved but unallocated memory is large try setting PYTORCH_CUDA_ALLOC_CONF=expandable_segments:True to avoid fragmentation.  See documentation for Memory Management  (https://pytorch.org/docs/stable/notes/cuda.html#environment-variables)",b481ab4fede445b9584628fbf89b9aaa800e968f15a7cb19,45
samsum,"CUDA out of memory. Tried to allocate 11.16 GiB. GPU 0 has a total capacity of 23.56 GiB of which 7.23 GiB is free. Including non-PyTorch memory, this process has 16.32 GiB memory in use. Of the allocated memory 12.18 GiB is allocated by PyTorch, and 3.84 GiB is reserved by PyTorch but unallocated. If reserved but unallocated memory is large try setting PYTORCH_CUDA_ALLOC_CONF=expandable_segments:True to avoid fragmentation.  See documentation for Memory Management  (https://pytorch.org/docs/stable/notes/cuda.html#environment-variables)",e4bbb70ba476455aa191ff54a99cba302697eb476c1380d7,46
samsum,"CUDA out of memory. Tried to allocate 982.00 MiB. GPU 0 has a total capacity of 23.56 GiB of which 525.25 MiB is free. Including non-PyTorch memory, this process has 23.04 GiB memory in use. Of the allocated memory 21.02 GiB is allocated by PyTorch, and 1.71 GiB is reserved by PyTorch but unallocated. If reserved but unallocated memory is large try setting PYTORCH_CUDA_ALLOC_CONF=expandable_segments:True to avoid fragmentation.  See documentation for Memory Management  (https://pytorch.org/docs/stable/notes/cuda.html#environment-variables)",0f77948ea5b4eeda18bcc77696068cf78078bbba56873cdb,47
samsum,"CUDA out of memory. Tried to allocate 8.86 GiB. GPU 0 has a total capacity of 23.56 GiB of which 6.78 GiB is free. Including non-PyTorch memory, this process has 16.77 GiB memory in use. Of the allocated memory 16.20 GiB is allocated by PyTorch, and 272.44 MiB is reserved by PyTorch but unallocated. If reserved but unallocated memory is large try setting PYTORCH_CUDA_ALLOC_CONF=expandable_segments:True to avoid fragmentation.  See documentation for Memory Management  (https://pytorch.org/docs/stable/notes/cuda.html#environment-variables)",8945d44661e272cd436e8834a9d5dd296587dc089dc6b726,48
samsum,"CUDA out of memory. Tried to allocate 10.98 GiB. GPU 0 has a total capacity of 23.56 GiB of which 10.93 GiB is free. Including non-PyTorch memory, this process has 12.62 GiB memory in use. Of the allocated memory 12.17 GiB is allocated by PyTorch, and 150.65 MiB is reserved by PyTorch but unallocated. If reserved but unallocated memory is large try setting PYTORCH_CUDA_ALLOC_CONF=expandable_segments:True to avoid fragmentation.  See documentation for Memory Management  (https://pytorch.org/docs/stable/notes/cuda.html#environment-variables)",46cbb91f855819d2efe512e789fdd8b396e01410b16a2362,50
samsum,"CUDA out of memory. Tried to allocate 2.79 GiB. GPU 0 has a total capacity of 23.56 GiB of which 263.25 MiB is free. Including non-PyTorch memory, this process has 23.29 GiB memory in use. Of the allocated memory 21.32 GiB is allocated by PyTorch, and 1.66 GiB is reserved by PyTorch but unallocated. If reserved but unallocated memory is large try setting PYTORCH_CUDA_ALLOC_CONF=expandable_segments:True to avoid fragmentation.  See documentation for Memory Management  (https://pytorch.org/docs/stable/notes/cuda.html#environment-variables)",e1d562374aafc01409f57b6ed93cee7c78cec8a704cb4550,51
samsum,"CUDA out of memory. Tried to allocate 18.23 GiB. GPU 0 has a total capacity of 23.56 GiB of which 10.02 GiB is free. Including non-PyTorch memory, this process has 13.53 GiB memory in use. Of the allocated memory 12.54 GiB is allocated by PyTorch, and 696.07 MiB is reserved by PyTorch but unallocated. If reserved but unallocated memory is large try setting PYTORCH_CUDA_ALLOC_CONF=expandable_segments:True to avoid fragmentation.  See documentation for Memory Management  (https://pytorch.org/docs/stable/notes/cuda.html#environment-variables)",1fae82934e7bb33ecc120cd19430271cfdead4a5c5f3e71e,52
samsum,"CUDA out of memory. Tried to allocate 16.29 GiB. GPU 0 has a total capacity of 23.56 GiB of which 10.02 GiB is free. Including non-PyTorch memory, this process has 13.53 GiB memory in use. Of the allocated memory 12.45 GiB is allocated by PyTorch, and 795.62 MiB is reserved by PyTorch but unallocated. If reserved but unallocated memory is large try setting PYTORCH_CUDA_ALLOC_CONF=expandable_segments:True to avoid fragmentation.  See documentation for Memory Management  (https://pytorch.org/docs/stable/notes/cuda.html#environment-variables)",40f0ae0d1ee37405f294e24f6df7895ff373c786bdbeb226,53
samsum,"CUDA out of memory. Tried to allocate 13.03 GiB. GPU 0 has a total capacity of 23.56 GiB of which 10.02 GiB is free. Including non-PyTorch memory, this process has 13.53 GiB memory in use. Of the allocated memory 12.28 GiB is allocated by PyTorch, and 969.41 MiB is reserved by PyTorch but unallocated. If reserved but unallocated memory is large try setting PYTORCH_CUDA_ALLOC_CONF=expandable_segments:True to avoid fragmentation.  See documentation for Memory Management  (https://pytorch.org/docs/stable/notes/cuda.html#environment-variables)",721c3d7807b49e1b1de360eccf1a1aaddf4bd3c07b2b293e,54
samsum,"CUDA out of memory. Tried to allocate 2.00 GiB. GPU 0 has a total capacity of 23.56 GiB of which 1.02 GiB is free. Including non-PyTorch memory, this process has 22.53 GiB memory in use. Of the allocated memory 19.51 GiB is allocated by PyTorch, and 2.71 GiB is reserved by PyTorch but unallocated. If reserved but unallocated memory is large try setting PYTORCH_CUDA_ALLOC_CONF=expandable_segments:True to avoid fragmentation.  See documentation for Memory Management  (https://pytorch.org/docs/stable/notes/cuda.html#environment-variables)",f610a9277f835ce98ed109bc091260a7df3f1005aca8ec55,55
samsum,"CUDA out of memory. Tried to allocate 8.96 GiB. GPU 0 has a total capacity of 23.56 GiB of which 1.45 GiB is free. Including non-PyTorch memory, this process has 22.10 GiB memory in use. Of the allocated memory 21.01 GiB is allocated by PyTorch, and 795.40 MiB is reserved by PyTorch but unallocated. If reserved but unallocated memory is large try setting PYTORCH_CUDA_ALLOC_CONF=expandable_segments:True to avoid fragmentation.  See documentation for Memory Management  (https://pytorch.org/docs/stable/notes/cuda.html#environment-variables)",18eef277538245626197dee424b5e4d5e95a36c28ad41222,56
samsum,"CUDA out of memory. Tried to allocate 22.38 GiB. GPU 0 has a total capacity of 23.56 GiB of which 1.45 GiB is free. Including non-PyTorch memory, this process has 22.10 GiB memory in use. Of the allocated memory 12.75 GiB is allocated by PyTorch, and 9.04 GiB is reserved by PyTorch but unallocated. If reserved but unallocated memory is large try setting PYTORCH_CUDA_ALLOC_CONF=expandable_segments:True to avoid fragmentation.  See documentation for Memory Management  (https://pytorch.org/docs/stable/notes/cuda.html#environment-variables)",ac012674f6e72a474f8b26f8a18f486dc25fded070ef49d9,57
samsum,"CUDA out of memory. Tried to allocate 736.00 MiB. GPU 0 has a total capacity of 23.56 GiB of which 509.25 MiB is free. Including non-PyTorch memory, this process has 23.05 GiB memory in use. Of the allocated memory 21.46 GiB is allocated by PyTorch, and 1.28 GiB is reserved by PyTorch but unallocated. If reserved but unallocated memory is large try setting PYTORCH_CUDA_ALLOC_CONF=expandable_segments:True to avoid fragmentation.  See documentation for Memory Management  (https://pytorch.org/docs/stable/notes/cuda.html#environment-variables)",06579eaea3267676100c47cf3a32d27623e0f0baf0eeede1,58
samsum,"CUDA out of memory. Tried to allocate 3.69 GiB. GPU 0 has a total capacity of 23.56 GiB of which 2.22 GiB is free. Including non-PyTorch memory, this process has 21.33 GiB memory in use. Of the allocated memory 17.11 GiB is allocated by PyTorch, and 3.92 GiB is reserved by PyTorch but unallocated. If reserved but unallocated memory is large try setting PYTORCH_CUDA_ALLOC_CONF=expandable_segments:True to avoid fragmentation.  See documentation for Memory Management  (https://pytorch.org/docs/stable/notes/cuda.html#environment-variables)",bd5e296ce74f0d76e3763d4ee24f314d3e53580bf18e84af,59
samsum,"CUDA out of memory. Tried to allocate 21.09 GiB. GPU 0 has a total capacity of 23.56 GiB of which 2.22 GiB is free. Including non-PyTorch memory, this process has 21.33 GiB memory in use. Of the allocated memory 12.68 GiB is allocated by PyTorch, and 8.34 GiB is reserved by PyTorch but unallocated. If reserved but unallocated memory is large try setting PYTORCH_CUDA_ALLOC_CONF=expandable_segments:True to avoid fragmentation.  See documentation for Memory Management  (https://pytorch.org/docs/stable/notes/cuda.html#environment-variables)",b14c862a69ef6cdaedefc6a8f71f652cc06dc44c3eed3f55,60
samsum,"CUDA out of memory. Tried to allocate 2.14 GiB. GPU 0 has a total capacity of 23.56 GiB of which 81.25 MiB is free. Including non-PyTorch memory, this process has 23.47 GiB memory in use. Of the allocated memory 20.08 GiB is allocated by PyTorch, and 3.08 GiB is reserved by PyTorch but unallocated. If reserved but unallocated memory is large try setting PYTORCH_CUDA_ALLOC_CONF=expandable_segments:True to avoid fragmentation.  See documentation for Memory Management  (https://pytorch.org/docs/stable/notes/cuda.html#environment-variables)",3023ac5d13e9d911472a3bdc65329f144dc0e35587728c96,61
samsum,"CUDA out of memory. Tried to allocate 17.42 GiB. GPU 0 has a total capacity of 23.56 GiB of which 9.04 GiB is free. Including non-PyTorch memory, this process has 14.51 GiB memory in use. Of the allocated memory 12.50 GiB is allocated by PyTorch, and 1.70 GiB is reserved by PyTorch but unallocated. If reserved but unallocated memory is large try setting PYTORCH_CUDA_ALLOC_CONF=expandable_segments:True to avoid fragmentation.  See documentation for Memory Management  (https://pytorch.org/docs/stable/notes/cuda.html#environment-variables)",c397fd04b0eb132a414108a73344e4027b7d29646854846a,62
samsum,"CUDA out of memory. Tried to allocate 6.14 GiB. GPU 0 has a total capacity of 23.56 GiB of which 1.97 GiB is free. Including non-PyTorch memory, this process has 21.58 GiB memory in use. Of the allocated memory 20.88 GiB is allocated by PyTorch, and 400.59 MiB is reserved by PyTorch but unallocated. If reserved but unallocated memory is large try setting PYTORCH_CUDA_ALLOC_CONF=expandable_segments:True to avoid fragmentation.  See documentation for Memory Management  (https://pytorch.org/docs/stable/notes/cuda.html#environment-variables)",53288fa1b74f9e294d25fda05653264869576b9ac133a49f,63
samsum,"CUDA out of memory. Tried to allocate 5.77 GiB. GPU 0 has a total capacity of 23.56 GiB of which 5.04 GiB is free. Including non-PyTorch memory, this process has 18.51 GiB memory in use. Of the allocated memory 17.63 GiB is allocated by PyTorch, and 586.22 MiB is reserved by PyTorch but unallocated. If reserved but unallocated memory is large try setting PYTORCH_CUDA_ALLOC_CONF=expandable_segments:True to avoid fragmentation.  See documentation for Memory Management  (https://pytorch.org/docs/stable/notes/cuda.html#environment-variables)",d71638b493499623ac6f16097562b613a26250176c4aff8c,64
samsum,"CUDA out of memory. Tried to allocate 13.71 GiB. GPU 0 has a total capacity of 23.56 GiB of which 5.04 GiB is free. Including non-PyTorch memory, this process has 18.51 GiB memory in use. Of the allocated memory 12.31 GiB is allocated by PyTorch, and 5.89 GiB is reserved by PyTorch but unallocated. If reserved but unallocated memory is large try setting PYTORCH_CUDA_ALLOC_CONF=expandable_segments:True to avoid fragmentation.  See documentation for Memory Management  (https://pytorch.org/docs/stable/notes/cuda.html#environment-variables)",5f3bced3ff98311eab05253b995019cf799139c3ca9ba33c,65
samsum,"CUDA out of memory. Tried to allocate 16.04 GiB. GPU 0 has a total capacity of 23.56 GiB of which 5.04 GiB is free. Including non-PyTorch memory, this process has 18.51 GiB memory in use. Of the allocated memory 12.43 GiB is allocated by PyTorch, and 5.77 GiB is reserved by PyTorch but unallocated. If reserved but unallocated memory is large try setting PYTORCH_CUDA_ALLOC_CONF=expandable_segments:True to avoid fragmentation.  See documentation for Memory Management  (https://pytorch.org/docs/stable/notes/cuda.html#environment-variables)",f8c3191fa99b86e7f980d14f373f9b98d312405b7d96b99d,66
samsum,"CUDA out of memory. Tried to allocate 958.00 MiB. GPU 0 has a total capacity of 23.56 GiB of which 367.25 MiB is free. Including non-PyTorch memory, this process has 23.19 GiB memory in use. Of the allocated memory 22.19 GiB is allocated by PyTorch, and 705.98 MiB is reserved by PyTorch but unallocated. If reserved but unallocated memory is large try setting PYTORCH_CUDA_ALLOC_CONF=expandable_segments:True to avoid fragmentation.  See documentation for Memory Management  (https://pytorch.org/docs/stable/notes/cuda.html#environment-variables)",c89203964d38b3c472e1c3b4f6757f4a816a004afb9be3af,67
samsum,"CUDA out of memory. Tried to allocate 8.13 GiB. GPU 0 has a total capacity of 23.56 GiB of which 2.12 GiB is free. Including non-PyTorch memory, this process has 21.43 GiB memory in use. Of the allocated memory 20.13 GiB is allocated by PyTorch, and 1020.40 MiB is reserved by PyTorch but unallocated. If reserved but unallocated memory is large try setting PYTORCH_CUDA_ALLOC_CONF=expandable_segments:True to avoid fragmentation.  See documentation for Memory Management  (https://pytorch.org/docs/stable/notes/cuda.html#environment-variables)",b707a5cef97b53f8481d57e50ecfc424b0d6112251239132,68
samsum,"CUDA out of memory. Tried to allocate 6.91 GiB. GPU 0 has a total capacity of 23.56 GiB of which 3.05 GiB is free. Including non-PyTorch memory, this process has 20.50 GiB memory in use. Of the allocated memory 18.84 GiB is allocated by PyTorch, and 1.35 GiB is reserved by PyTorch but unallocated. If reserved but unallocated memory is large try setting PYTORCH_CUDA_ALLOC_CONF=expandable_segments:True to avoid fragmentation.  See documentation for Memory Management  (https://pytorch.org/docs/stable/notes/cuda.html#environment-variables)",11825be04e419a923b7c16aa952f5391c60383b6935f1fd4,69
samsum,"CUDA out of memory. Tried to allocate 9.86 GiB. GPU 0 has a total capacity of 23.56 GiB of which 3.05 GiB is free. Including non-PyTorch memory, this process has 20.50 GiB memory in use. Of the allocated memory 12.10 GiB is allocated by PyTorch, and 8.09 GiB is reserved by PyTorch but unallocated. If reserved but unallocated memory is large try setting PYTORCH_CUDA_ALLOC_CONF=expandable_segments:True to avoid fragmentation.  See documentation for Memory Management  (https://pytorch.org/docs/stable/notes/cuda.html#environment-variables)",7e071e42fb5e378e081ca620c8dfd51814e305f0d5c93631,71
samsum,"CUDA out of memory. Tried to allocate 6.70 GiB. GPU 0 has a total capacity of 23.56 GiB of which 3.05 GiB is free. Including non-PyTorch memory, this process has 20.50 GiB memory in use. Of the allocated memory 18.61 GiB is allocated by PyTorch, and 1.58 GiB is reserved by PyTorch but unallocated. If reserved but unallocated memory is large try setting PYTORCH_CUDA_ALLOC_CONF=expandable_segments:True to avoid fragmentation.  See documentation for Memory Management  (https://pytorch.org/docs/stable/notes/cuda.html#environment-variables)",3145e13f8c57e73c0d0ad6af1f225dced581cf48dc66c1b2,72
samsum,"CUDA out of memory. Tried to allocate 1.55 GiB. GPU 0 has a total capacity of 23.56 GiB of which 1.50 GiB is free. Including non-PyTorch memory, this process has 22.05 GiB memory in use. Of the allocated memory 20.02 GiB is allocated by PyTorch, and 1.72 GiB is reserved by PyTorch but unallocated. If reserved but unallocated memory is large try setting PYTORCH_CUDA_ALLOC_CONF=expandable_segments:True to avoid fragmentation.  See documentation for Memory Management  (https://pytorch.org/docs/stable/notes/cuda.html#environment-variables)",6a2889066f8036215df285eb1a817932b5cc088e9254ae4d,73
samsum,"CUDA out of memory. Tried to allocate 5.91 GiB. GPU 0 has a total capacity of 23.56 GiB of which 3.05 GiB is free. Including non-PyTorch memory, this process has 20.50 GiB memory in use. Of the allocated memory 17.77 GiB is allocated by PyTorch, and 2.42 GiB is reserved by PyTorch but unallocated. If reserved but unallocated memory is large try setting PYTORCH_CUDA_ALLOC_CONF=expandable_segments:True to avoid fragmentation.  See documentation for Memory Management  (https://pytorch.org/docs/stable/notes/cuda.html#environment-variables)",e8093cf1029d67215d8923ee2ee24ef72b3b3e89c0b24b9a,74
samsum,"CUDA out of memory. Tried to allocate 7.80 GiB. GPU 0 has a total capacity of 23.56 GiB of which 3.05 GiB is free. Including non-PyTorch memory, this process has 20.50 GiB memory in use. Of the allocated memory 19.78 GiB is allocated by PyTorch, and 421.03 MiB is reserved by PyTorch but unallocated. If reserved but unallocated memory is large try setting PYTORCH_CUDA_ALLOC_CONF=expandable_segments:True to avoid fragmentation.  See documentation for Memory Management  (https://pytorch.org/docs/stable/notes/cuda.html#environment-variables)",69353f9250a942cd899f379c999e0661f1d480c18c5d93be,75
samsum,"CUDA out of memory. Tried to allocate 3.52 GiB. GPU 0 has a total capacity of 23.56 GiB of which 3.05 GiB is free. Including non-PyTorch memory, this process has 20.50 GiB memory in use. Of the allocated memory 16.84 GiB is allocated by PyTorch, and 3.34 GiB is reserved by PyTorch but unallocated. If reserved but unallocated memory is large try setting PYTORCH_CUDA_ALLOC_CONF=expandable_segments:True to avoid fragmentation.  See documentation for Memory Management  (https://pytorch.org/docs/stable/notes/cuda.html#environment-variables)",f3f8c2e67980c65391702630b0e9e80ab725a73794f757e5,76
samsum,"CUDA out of memory. Tried to allocate 16.53 GiB. GPU 0 has a total capacity of 23.56 GiB of which 3.05 GiB is free. Including non-PyTorch memory, this process has 20.50 GiB memory in use. Of the allocated memory 12.46 GiB is allocated by PyTorch, and 7.73 GiB is reserved by PyTorch but unallocated. If reserved but unallocated memory is large try setting PYTORCH_CUDA_ALLOC_CONF=expandable_segments:True to avoid fragmentation.  See documentation for Memory Management  (https://pytorch.org/docs/stable/notes/cuda.html#environment-variables)",9756cdabaec5212f9c240ece00e2e78b0494f283c60ded58,77
samsum,"CUDA out of memory. Tried to allocate 15.35 GiB. GPU 0 has a total capacity of 23.56 GiB of which 3.05 GiB is free. Including non-PyTorch memory, this process has 20.50 GiB memory in use. Of the allocated memory 12.40 GiB is allocated by PyTorch, and 7.79 GiB is reserved by PyTorch but unallocated. If reserved but unallocated memory is large try setting PYTORCH_CUDA_ALLOC_CONF=expandable_segments:True to avoid fragmentation.  See documentation for Memory Management  (https://pytorch.org/docs/stable/notes/cuda.html#environment-variables)",bdaabe95439bdf73e317e1d25ff5950baf98adf0d1f6f8f2,78
samsum,"CUDA out of memory. Tried to allocate 5.57 GiB. GPU 0 has a total capacity of 23.56 GiB of which 3.05 GiB is free. Including non-PyTorch memory, this process has 20.50 GiB memory in use. Of the allocated memory 17.42 GiB is allocated by PyTorch, and 2.77 GiB is reserved by PyTorch but unallocated. If reserved but unallocated memory is large try setting PYTORCH_CUDA_ALLOC_CONF=expandable_segments:True to avoid fragmentation.  See documentation for Memory Management  (https://pytorch.org/docs/stable/notes/cuda.html#environment-variables)",e2da5efa833aca9a4b864566185d9b9ebd5828011e773ec3,79
samsum,"CUDA out of memory. Tried to allocate 19.48 GiB. GPU 0 has a total capacity of 23.56 GiB of which 3.05 GiB is free. Including non-PyTorch memory, this process has 20.50 GiB memory in use. Of the allocated memory 12.60 GiB is allocated by PyTorch, and 7.58 GiB is reserved by PyTorch but unallocated. If reserved but unallocated memory is large try setting PYTORCH_CUDA_ALLOC_CONF=expandable_segments:True to avoid fragmentation.  See documentation for Memory Management  (https://pytorch.org/docs/stable/notes/cuda.html#environment-variables)",b7d15ef15a0ae0b16d47b17812d8a27aa75644157d1a05d7,80
samsum,"CUDA out of memory. Tried to allocate 4.22 GiB. GPU 0 has a total capacity of 23.56 GiB of which 3.05 GiB is free. Including non-PyTorch memory, this process has 20.50 GiB memory in use. Of the allocated memory 15.98 GiB is allocated by PyTorch, and 4.21 GiB is reserved by PyTorch but unallocated. If reserved but unallocated memory is large try setting PYTORCH_CUDA_ALLOC_CONF=expandable_segments:True to avoid fragmentation.  See documentation for Memory Management  (https://pytorch.org/docs/stable/notes/cuda.html#environment-variables)",dd67c41fcca2c4cf2444129da31eae2dcce158f4a0fca3a7,81
samsum,"CUDA out of memory. Tried to allocate 22.71 GiB. GPU 0 has a total capacity of 23.56 GiB of which 3.05 GiB is free. Including non-PyTorch memory, this process has 20.50 GiB memory in use. Of the allocated memory 12.76 GiB is allocated by PyTorch, and 7.43 GiB is reserved by PyTorch but unallocated. If reserved but unallocated memory is large try setting PYTORCH_CUDA_ALLOC_CONF=expandable_segments:True to avoid fragmentation.  See documentation for Memory Management  (https://pytorch.org/docs/stable/notes/cuda.html#environment-variables)",029c92ef5effb514c528174b21df3ca71e1b081302df80de,82
samsum,"CUDA out of memory. Tried to allocate 6.98 GiB. GPU 0 has a total capacity of 23.56 GiB of which 3.05 GiB is free. Including non-PyTorch memory, this process has 20.50 GiB memory in use. Of the allocated memory 15.19 GiB is allocated by PyTorch, and 4.99 GiB is reserved by PyTorch but unallocated. If reserved but unallocated memory is large try setting PYTORCH_CUDA_ALLOC_CONF=expandable_segments:True to avoid fragmentation.  See documentation for Memory Management  (https://pytorch.org/docs/stable/notes/cuda.html#environment-variables)",fa2c3e8009a275c4b1263f41043d94b748ddba1755dc2c20,83
samsum,"CUDA out of memory. Tried to allocate 6.27 GiB. GPU 0 has a total capacity of 23.56 GiB of which 3.05 GiB is free. Including non-PyTorch memory, this process has 20.50 GiB memory in use. Of the allocated memory 14.81 GiB is allocated by PyTorch, and 5.38 GiB is reserved by PyTorch but unallocated. If reserved but unallocated memory is large try setting PYTORCH_CUDA_ALLOC_CONF=expandable_segments:True to avoid fragmentation.  See documentation for Memory Management  (https://pytorch.org/docs/stable/notes/cuda.html#environment-variables)",7b4174f8931aaaf2726ec4219dad5aa987a1f08c52a7c05b,84
samsum,"CUDA out of memory. Tried to allocate 13.72 GiB. GPU 0 has a total capacity of 23.56 GiB of which 3.05 GiB is free. Including non-PyTorch memory, this process has 20.50 GiB memory in use. Of the allocated memory 12.31 GiB is allocated by PyTorch, and 7.88 GiB is reserved by PyTorch but unallocated. If reserved but unallocated memory is large try setting PYTORCH_CUDA_ALLOC_CONF=expandable_segments:True to avoid fragmentation.  See documentation for Memory Management  (https://pytorch.org/docs/stable/notes/cuda.html#environment-variables)",b8c42e4d44758833224249af5e22f4dcde0e92e8fff92997,85
samsum,"CUDA out of memory. Tried to allocate 2.26 GiB. GPU 0 has a total capacity of 23.56 GiB of which 807.25 MiB is free. Including non-PyTorch memory, this process has 22.76 GiB memory in use. Of the allocated memory 20.58 GiB is allocated by PyTorch, and 1.87 GiB is reserved by PyTorch but unallocated. If reserved but unallocated memory is large try setting PYTORCH_CUDA_ALLOC_CONF=expandable_segments:True to avoid fragmentation.  See documentation for Memory Management  (https://pytorch.org/docs/stable/notes/cuda.html#environment-variables)",faa641b2339029552240283cb3eb9f815bd90a06ac135dbc,86
samsum,"CUDA out of memory. Tried to allocate 1.73 GiB. GPU 0 has a total capacity of 23.56 GiB of which 805.25 MiB is free. Including non-PyTorch memory, this process has 22.76 GiB memory in use. Of the allocated memory 20.13 GiB is allocated by PyTorch, and 2.32 GiB is reserved by PyTorch but unallocated. If reserved but unallocated memory is large try setting PYTORCH_CUDA_ALLOC_CONF=expandable_segments:True to avoid fragmentation.  See documentation for Memory Management  (https://pytorch.org/docs/stable/notes/cuda.html#environment-variables)",ebb6ad57d4118e3275c3109c5fdeca9299110db1ffda0924,87
samsum,"CUDA out of memory. Tried to allocate 1.68 GiB. GPU 0 has a total capacity of 23.56 GiB of which 805.25 MiB is free. Including non-PyTorch memory, this process has 22.76 GiB memory in use. Of the allocated memory 19.87 GiB is allocated by PyTorch, and 2.58 GiB is reserved by PyTorch but unallocated. If reserved but unallocated memory is large try setting PYTORCH_CUDA_ALLOC_CONF=expandable_segments:True to avoid fragmentation.  See documentation for Memory Management  (https://pytorch.org/docs/stable/notes/cuda.html#environment-variables)",0d0b1c51ccc5106ef10d27b869a04e54c9ffd5074ace32e4,88
samsum,"CUDA out of memory. Tried to allocate 8.92 GiB. GPU 0 has a total capacity of 23.56 GiB of which 8.92 GiB is free. Including non-PyTorch memory, this process has 14.63 GiB memory in use. Of the allocated memory 12.05 GiB is allocated by PyTorch, and 2.28 GiB is reserved by PyTorch but unallocated. If reserved but unallocated memory is large try setting PYTORCH_CUDA_ALLOC_CONF=expandable_segments:True to avoid fragmentation.  See documentation for Memory Management  (https://pytorch.org/docs/stable/notes/cuda.html#environment-variables)",3d57887e9bb04d7648a0091d39175cc3acd3b4c1d5e8d98b,89
samsum,"CUDA out of memory. Tried to allocate 11.72 GiB. GPU 0 has a total capacity of 23.56 GiB of which 8.92 GiB is free. Including non-PyTorch memory, this process has 14.63 GiB memory in use. Of the allocated memory 12.21 GiB is allocated by PyTorch, and 2.12 GiB is reserved by PyTorch but unallocated. If reserved but unallocated memory is large try setting PYTORCH_CUDA_ALLOC_CONF=expandable_segments:True to avoid fragmentation.  See documentation for Memory Management  (https://pytorch.org/docs/stable/notes/cuda.html#environment-variables)",171d90f8d9592d69bfb3e6d3dfdc8c60d88bff006befecdb,90
samsum,"CUDA out of memory. Tried to allocate 1.11 GiB. GPU 0 has a total capacity of 23.56 GiB of which 7.25 MiB is free. Including non-PyTorch memory, this process has 23.54 GiB memory in use. Of the allocated memory 22.02 GiB is allocated by PyTorch, and 1.22 GiB is reserved by PyTorch but unallocated. If reserved but unallocated memory is large try setting PYTORCH_CUDA_ALLOC_CONF=expandable_segments:True to avoid fragmentation.  See documentation for Memory Management  (https://pytorch.org/docs/stable/notes/cuda.html#environment-variables)",edfd7d3c1d103d813c255f8133a878ca477cd4ab20aa3923,91
samsum,"CUDA out of memory. Tried to allocate 7.07 GiB. GPU 0 has a total capacity of 23.56 GiB of which 4.11 GiB is free. Including non-PyTorch memory, this process has 19.44 GiB memory in use. Of the allocated memory 19.01 GiB is allocated by PyTorch, and 127.32 MiB is reserved by PyTorch but unallocated. If reserved but unallocated memory is large try setting PYTORCH_CUDA_ALLOC_CONF=expandable_segments:True to avoid fragmentation.  See documentation for Memory Management  (https://pytorch.org/docs/stable/notes/cuda.html#environment-variables)",3327b50215d96390e5edf870d22e6f078874e1097bc29a80,92
samsum,"CUDA out of memory. Tried to allocate 16.10 GiB. GPU 0 has a total capacity of 23.56 GiB of which 4.11 GiB is free. Including non-PyTorch memory, this process has 19.44 GiB memory in use. Of the allocated memory 12.44 GiB is allocated by PyTorch, and 6.70 GiB is reserved by PyTorch but unallocated. If reserved but unallocated memory is large try setting PYTORCH_CUDA_ALLOC_CONF=expandable_segments:True to avoid fragmentation.  See documentation for Memory Management  (https://pytorch.org/docs/stable/notes/cuda.html#environment-variables)",9fa8ff90564676845ee9b2c0cdb49efb769b25d235a1e331,93
samsum,"CUDA out of memory. Tried to allocate 6.93 GiB. GPU 0 has a total capacity of 23.56 GiB of which 4.11 GiB is free. Including non-PyTorch memory, this process has 19.44 GiB memory in use. Of the allocated memory 18.86 GiB is allocated by PyTorch, and 278.90 MiB is reserved by PyTorch but unallocated. If reserved but unallocated memory is large try setting PYTORCH_CUDA_ALLOC_CONF=expandable_segments:True to avoid fragmentation.  See documentation for Memory Management  (https://pytorch.org/docs/stable/notes/cuda.html#environment-variables)",b80ec6059b275d67bdce55f73c1de138c0d87c756283f1ad,94
samsum,"CUDA out of memory. Tried to allocate 11.26 GiB. GPU 0 has a total capacity of 23.56 GiB of which 4.11 GiB is free. Including non-PyTorch memory, this process has 19.44 GiB memory in use. Of the allocated memory 12.18 GiB is allocated by PyTorch, and 6.95 GiB is reserved by PyTorch but unallocated. If reserved but unallocated memory is large try setting PYTORCH_CUDA_ALLOC_CONF=expandable_segments:True to avoid fragmentation.  See documentation for Memory Management  (https://pytorch.org/docs/stable/notes/cuda.html#environment-variables)",0d071fdce0e38731a8ce8e4c2e0d8d7b56bcc9e547d7ee2d,95
samsum,"CUDA out of memory. Tried to allocate 26.09 GiB. GPU 0 has a total capacity of 23.56 GiB of which 4.11 GiB is free. Including non-PyTorch memory, this process has 19.44 GiB memory in use. Of the allocated memory 12.92 GiB is allocated by PyTorch, and 6.21 GiB is reserved by PyTorch but unallocated. If reserved but unallocated memory is large try setting PYTORCH_CUDA_ALLOC_CONF=expandable_segments:True to avoid fragmentation.  See documentation for Memory Management  (https://pytorch.org/docs/stable/notes/cuda.html#environment-variables)",3823413de24cda2deac90bc7e23ac98e9f2a85a97e67d7b7,96
samsum,"CUDA out of memory. Tried to allocate 5.70 GiB. GPU 0 has a total capacity of 23.56 GiB of which 4.11 GiB is free. Including non-PyTorch memory, this process has 19.44 GiB memory in use. Of the allocated memory 14.50 GiB is allocated by PyTorch, and 4.63 GiB is reserved by PyTorch but unallocated. If reserved but unallocated memory is large try setting PYTORCH_CUDA_ALLOC_CONF=expandable_segments:True to avoid fragmentation.  See documentation for Memory Management  (https://pytorch.org/docs/stable/notes/cuda.html#environment-variables)",2c5fa3aaf2cd3b0ecdfa08c040b2f61b55a99a76cf3e1c5b,97
samsum,"CUDA out of memory. Tried to allocate 18.49 GiB. GPU 0 has a total capacity of 23.56 GiB of which 4.11 GiB is free. Including non-PyTorch memory, this process has 19.44 GiB memory in use. Of the allocated memory 12.56 GiB is allocated by PyTorch, and 6.57 GiB is reserved by PyTorch but unallocated. If reserved but unallocated memory is large try setting PYTORCH_CUDA_ALLOC_CONF=expandable_segments:True to avoid fragmentation.  See documentation for Memory Management  (https://pytorch.org/docs/stable/notes/cuda.html#environment-variables)",ed2f9dae770b8bee6ab8f7b9f5155b1e32c1bad1552c679f,98
samsum,"CUDA out of memory. Tried to allocate 976.00 MiB. GPU 0 has a total capacity of 23.56 GiB of which 303.25 MiB is free. Including non-PyTorch memory, this process has 23.25 GiB memory in use. Of the allocated memory 21.43 GiB is allocated by PyTorch, and 1.51 GiB is reserved by PyTorch but unallocated. If reserved but unallocated memory is large try setting PYTORCH_CUDA_ALLOC_CONF=expandable_segments:True to avoid fragmentation.  See documentation for Memory Management  (https://pytorch.org/docs/stable/notes/cuda.html#environment-variables)",100d6b1317c0e92000461be559a341f8b821838f88b7cc35,99
samsum,"CUDA out of memory. Tried to allocate 8.75 GiB. GPU 0 has a total capacity of 23.56 GiB of which 1.48 GiB is free. Including non-PyTorch memory, this process has 22.07 GiB memory in use. Of the allocated memory 20.79 GiB is allocated by PyTorch, and 1001.20 MiB is reserved by PyTorch but unallocated. If reserved but unallocated memory is large try setting PYTORCH_CUDA_ALLOC_CONF=expandable_segments:True to avoid fragmentation.  See documentation for Memory Management  (https://pytorch.org/docs/stable/notes/cuda.html#environment-variables)",17a45a2cc25d2b357884f8ae0f02e14b0ce7161defe1cd7b,100
