dataset,evidence_hit,evidence_recall,evidence_tokens,method,ratio,sample_id,sample_idx,selected_tokens
musique,0.0,0.0,26,random,0.0,1,1,0
musique,0.0,0.0,26,chunk_head,0.0,1,1,0
musique,0.0,0.0,26,embedding_max,0.0,1,1,0
musique,0.0,0.0,26,embedding_mean_query,0.0,1,1,0
musique,0.0,0.0,26,embedding_last_query,0.0,1,1,0
musique,1.0,0.07692307692307693,26,random,0.1,1,1,400
musique,0.0,0.0,26,chunk_head,0.1,1,1,400
musique,1.0,0.07692307692307693,26,embedding_max,0.1,1,1,400
musique,1.0,0.15384615384615385,26,embedding_mean_query,0.1,1,1,400
musique,1.0,0.19230769230769232,26,embedding_last_query,0.1,1,1,400
musique,1.0,0.3076923076923077,26,random,0.2,1,1,801
musique,0.0,0.0,26,chunk_head,0.2,1,1,801
musique,1.0,0.3076923076923077,26,embedding_max,0.2,1,1,801
musique,1.0,0.3076923076923077,26,embedding_mean_query,0.2,1,1,801
musique,1.0,0.3076923076923077,26,embedding_last_query,0.2,1,1,801
musique,1.0,0.3076923076923077,26,random,0.3,1,1,1201
musique,0.0,0.0,26,chunk_head,0.3,1,1,1201
musique,1.0,0.46153846153846156,26,embedding_max,0.3,1,1,1201
musique,1.0,0.46153846153846156,26,embedding_mean_query,0.3,1,1,1201
musique,1.0,0.3076923076923077,26,embedding_last_query,0.3,1,1,1201
musique,1.0,0.2692307692307692,26,random,0.4,1,1,1602
musique,0.0,0.0,26,chunk_head,0.4,1,1,1602
musique,1.0,0.6153846153846154,26,embedding_max,0.4,1,1,1602
musique,1.0,0.46153846153846156,26,embedding_mean_query,0.4,1,1,1602
musique,1.0,0.46153846153846156,26,embedding_last_query,0.4,1,1,1602
musique,1.0,0.46153846153846156,26,random,0.5,1,1,2003
musique,0.0,0.0,26,chunk_head,0.5,1,1,2003
musique,1.0,0.6153846153846154,26,embedding_max,0.5,1,1,2003
musique,1.0,0.5384615384615384,26,embedding_mean_query,0.5,1,1,2003
musique,1.0,0.6923076923076923,26,embedding_last_query,0.5,1,1,2003
musique,1.0,0.6538461538461539,26,random,0.6,1,1,2403
musique,0.0,0.0,26,chunk_head,0.6,1,1,2403
musique,1.0,0.7692307692307693,26,embedding_max,0.6,1,1,2403
musique,1.0,0.7692307692307693,26,embedding_mean_query,0.6,1,1,2403
musique,1.0,0.6923076923076923,26,embedding_last_query,0.6,1,1,2403
musique,1.0,0.7692307692307693,26,random,0.7,1,1,2804
musique,1.0,0.5,26,chunk_head,0.7,1,1,2804
musique,1.0,0.9230769230769231,26,embedding_max,0.7,1,1,2804
musique,1.0,0.7692307692307693,26,embedding_mean_query,0.7,1,1,2804
musique,1.0,0.6923076923076923,26,embedding_last_query,0.7,1,1,2804
musique,1.0,0.8461538461538461,26,random,0.8,1,1,3204
musique,1.0,1.0,26,chunk_head,0.8,1,1,3204
musique,1.0,0.9230769230769231,26,embedding_max,0.8,1,1,3204
musique,1.0,0.8461538461538461,26,embedding_mean_query,0.8,1,1,3204
musique,1.0,0.6923076923076923,26,embedding_last_query,0.8,1,1,3204
musique,1.0,0.8461538461538461,26,random,0.9,1,1,3605
musique,1.0,1.0,26,chunk_head,0.9,1,1,3605
musique,1.0,0.9230769230769231,26,embedding_max,0.9,1,1,3605
musique,1.0,0.9230769230769231,26,embedding_mean_query,0.9,1,1,3605
musique,1.0,0.8461538461538461,26,embedding_last_query,0.9,1,1,3605
musique,1.0,1.0,26,random,1.0,1,1,4006
musique,1.0,1.0,26,chunk_head,1.0,1,1,4006
musique,1.0,1.0,26,embedding_max,1.0,1,1,4006
musique,1.0,1.0,26,embedding_mean_query,1.0,1,1,4006
musique,1.0,1.0,26,embedding_last_query,1.0,1,1,4006
musique,0.0,0.0,65,random,0.0,2,2,0
musique,0.0,0.0,65,chunk_head,0.0,2,2,0
musique,0.0,0.0,65,embedding_max,0.0,2,2,0
musique,0.0,0.0,65,embedding_mean_query,0.0,2,2,0
musique,0.0,0.0,65,embedding_last_query,0.0,2,2,0
musique,1.0,0.12307692307692308,65,random,0.1,2,2,400
musique,1.0,0.2,65,chunk_head,0.1,2,2,400
musique,1.0,0.07692307692307693,65,embedding_max,0.1,2,2,400
musique,1.0,0.16923076923076924,65,embedding_mean_query,0.1,2,2,400
musique,1.0,0.15384615384615385,65,embedding_last_query,0.1,2,2,400
musique,1.0,0.13846153846153847,65,random,0.2,2,2,801
musique,1.0,0.2,65,chunk_head,0.2,2,2,801
musique,1.0,0.3230769230769231,65,embedding_max,0.2,2,2,801
musique,1.0,0.27692307692307694,65,embedding_mean_query,0.2,2,2,801
musique,1.0,0.23076923076923078,65,embedding_last_query,0.2,2,2,801
musique,1.0,0.24615384615384617,65,random,0.3,2,2,1202
musique,1.0,0.4,65,chunk_head,0.3,2,2,1202
musique,1.0,0.46153846153846156,65,embedding_max,0.3,2,2,1202
musique,1.0,0.3076923076923077,65,embedding_mean_query,0.3,2,2,1202
musique,1.0,0.23076923076923078,65,embedding_last_query,0.3,2,2,1202
musique,1.0,0.3384615384615385,65,random,0.4,2,2,1603
musique,1.0,0.4,65,chunk_head,0.4,2,2,1603
musique,1.0,0.46153846153846156,65,embedding_max,0.4,2,2,1603
musique,1.0,0.3384615384615385,65,embedding_mean_query,0.4,2,2,1603
musique,1.0,0.38461538461538464,65,embedding_last_query,0.4,2,2,1603
musique,1.0,0.47692307692307695,65,random,0.5,2,2,2004
musique,1.0,0.6,65,chunk_head,0.5,2,2,2004
musique,1.0,0.5384615384615384,65,embedding_max,0.5,2,2,2004
musique,1.0,0.38461538461538464,65,embedding_mean_query,0.5,2,2,2004
musique,1.0,0.46153846153846156,65,embedding_last_query,0.5,2,2,2004
musique,1.0,0.676923076923077,65,random,0.6,2,2,2405
musique,1.0,0.8,65,chunk_head,0.6,2,2,2405
musique,1.0,0.5384615384615384,65,embedding_max,0.6,2,2,2405
musique,1.0,0.38461538461538464,65,embedding_mean_query,0.6,2,2,2405
musique,1.0,0.5384615384615384,65,embedding_last_query,0.6,2,2,2405
musique,1.0,0.6,65,random,0.7,2,2,2806
musique,1.0,0.8,65,chunk_head,0.7,2,2,2806
musique,1.0,0.6153846153846154,65,embedding_max,0.7,2,2,2806
musique,1.0,0.7692307692307693,65,embedding_mean_query,0.7,2,2,2806
musique,1.0,0.6153846153846154,65,embedding_last_query,0.7,2,2,2806
musique,1.0,0.8,65,random,0.8,2,2,3207
musique,1.0,0.8,65,chunk_head,0.8,2,2,3207
musique,1.0,0.6153846153846154,65,embedding_max,0.8,2,2,3207
musique,1.0,0.8461538461538461,65,embedding_mean_query,0.8,2,2,3207
musique,1.0,0.8461538461538461,65,embedding_last_query,0.8,2,2,3207
musique,1.0,0.8769230769230769,65,random,0.9,2,2,3608
musique,1.0,1.0,65,chunk_head,0.9,2,2,3608
musique,1.0,0.7692307692307693,65,embedding_max,0.9,2,2,3608
musique,1.0,0.9230769230769231,65,embedding_mean_query,0.9,2,2,3608
musique,1.0,0.9230769230769231,65,embedding_last_query,0.9,2,2,3608
musique,1.0,1.0,65,random,1.0,2,2,4009
musique,1.0,1.0,65,chunk_head,1.0,2,2,4009
musique,1.0,1.0,65,embedding_max,1.0,2,2,4009
musique,1.0,1.0,65,embedding_mean_query,1.0,2,2,4009
musique,1.0,1.0,65,embedding_last_query,1.0,2,2,4009
musique,0.0,0.0,15,random,0.0,4,4,0
musique,0.0,0.0,15,chunk_head,0.0,4,4,0
musique,0.0,0.0,15,embedding_max,0.0,4,4,0
musique,0.0,0.0,15,embedding_mean_query,0.0,4,4,0
musique,0.0,0.0,15,embedding_last_query,0.0,4,4,0
musique,1.0,0.13333333333333333,15,random,0.1,4,4,401
musique,0.0,0.0,15,chunk_head,0.1,4,4,401
musique,1.0,0.2,15,embedding_max,0.1,4,4,401
musique,1.0,0.3333333333333333,15,embedding_mean_query,0.1,4,4,401
musique,1.0,0.13333333333333333,15,embedding_last_query,0.1,4,4,401
musique,1.0,0.13333333333333333,15,random,0.2,4,4,802
musique,0.0,0.0,15,chunk_head,0.2,4,4,802
musique,1.0,0.3333333333333333,15,embedding_max,0.2,4,4,802
musique,1.0,0.3333333333333333,15,embedding_mean_query,0.2,4,4,802
musique,1.0,0.2,15,embedding_last_query,0.2,4,4,802
musique,1.0,0.3333333333333333,15,random,0.3,4,4,1203
musique,0.0,0.0,15,chunk_head,0.3,4,4,1203
musique,1.0,0.5333333333333333,15,embedding_max,0.3,4,4,1203
musique,1.0,0.3333333333333333,15,embedding_mean_query,0.3,4,4,1203
musique,1.0,0.26666666666666666,15,embedding_last_query,0.3,4,4,1203
musique,1.0,0.2,15,random,0.4,4,4,1604
musique,0.0,0.0,15,chunk_head,0.4,4,4,1604
musique,1.0,0.5333333333333333,15,embedding_max,0.4,4,4,1604
musique,1.0,0.5333333333333333,15,embedding_mean_query,0.4,4,4,1604
musique,1.0,0.4,15,embedding_last_query,0.4,4,4,1604
musique,1.0,0.6,15,random,0.5,4,4,2005
musique,1.0,1.0,15,chunk_head,0.5,4,4,2005
musique,1.0,0.6,15,embedding_max,0.5,4,4,2005
musique,1.0,0.6666666666666666,15,embedding_mean_query,0.5,4,4,2005
musique,1.0,0.6666666666666666,15,embedding_last_query,0.5,4,4,2005
musique,1.0,0.4,15,random,0.6,4,4,2406
musique,1.0,1.0,15,chunk_head,0.6,4,4,2406
musique,1.0,0.7333333333333333,15,embedding_max,0.6,4,4,2406
musique,1.0,0.7333333333333333,15,embedding_mean_query,0.6,4,4,2406
musique,1.0,0.7333333333333333,15,embedding_last_query,0.6,4,4,2406
musique,1.0,0.8666666666666667,15,random,0.7,4,4,2807
musique,1.0,1.0,15,chunk_head,0.7,4,4,2807
musique,1.0,0.8666666666666667,15,embedding_max,0.7,4,4,2807
musique,1.0,0.8666666666666667,15,embedding_mean_query,0.7,4,4,2807
musique,1.0,0.7333333333333333,15,embedding_last_query,0.7,4,4,2807
musique,1.0,0.5333333333333333,15,random,0.8,4,4,3208
musique,1.0,1.0,15,chunk_head,0.8,4,4,3208
musique,1.0,0.9333333333333333,15,embedding_max,0.8,4,4,3208
musique,1.0,0.9333333333333333,15,embedding_mean_query,0.8,4,4,3208
musique,1.0,0.8666666666666667,15,embedding_last_query,0.8,4,4,3208
musique,1.0,0.9333333333333333,15,random,0.9,4,4,3609
musique,1.0,1.0,15,chunk_head,0.9,4,4,3609
musique,1.0,1.0,15,embedding_max,0.9,4,4,3609
musique,1.0,1.0,15,embedding_mean_query,0.9,4,4,3609
musique,1.0,0.8666666666666667,15,embedding_last_query,0.9,4,4,3609
musique,1.0,1.0,15,random,1.0,4,4,4011
musique,1.0,1.0,15,chunk_head,1.0,4,4,4011
musique,1.0,1.0,15,embedding_max,1.0,4,4,4011
musique,1.0,1.0,15,embedding_mean_query,1.0,4,4,4011
musique,1.0,1.0,15,embedding_last_query,1.0,4,4,4011
musique,0.0,0.0,70,random,0.0,6,6,0
musique,0.0,0.0,70,chunk_head,0.0,6,6,0
musique,0.0,0.0,70,embedding_max,0.0,6,6,0
musique,0.0,0.0,70,embedding_mean_query,0.0,6,6,0
musique,0.0,0.0,70,embedding_last_query,0.0,6,6,0
musique,1.0,0.04285714285714286,70,random,0.1,6,6,400
musique,1.0,0.2,70,chunk_head,0.1,6,6,400
musique,1.0,0.02857142857142857,70,embedding_max,0.1,6,6,400
musique,1.0,0.07142857142857142,70,embedding_mean_query,0.1,6,6,400
musique,1.0,0.07142857142857142,70,embedding_last_query,0.1,6,6,400
musique,1.0,0.2571428571428571,70,random,0.2,6,6,800
musique,1.0,0.2,70,chunk_head,0.2,6,6,800
musique,1.0,0.2857142857142857,70,embedding_max,0.2,6,6,800
musique,1.0,0.2857142857142857,70,embedding_mean_query,0.2,6,6,800
musique,1.0,0.07142857142857142,70,embedding_last_query,0.2,6,6,800
musique,1.0,0.2714285714285714,70,random,0.3,6,6,1201
musique,1.0,0.4,70,chunk_head,0.3,6,6,1201
musique,1.0,0.42857142857142855,70,embedding_max,0.3,6,6,1201
musique,1.0,0.35714285714285715,70,embedding_mean_query,0.3,6,6,1201
musique,1.0,0.21428571428571427,70,embedding_last_query,0.3,6,6,1201
musique,1.0,0.35714285714285715,70,random,0.4,6,6,1601
musique,1.0,0.6,70,chunk_head,0.4,6,6,1601
musique,1.0,0.42857142857142855,70,embedding_max,0.4,6,6,1601
musique,1.0,0.5,70,embedding_mean_query,0.4,6,6,1601
musique,1.0,0.2857142857142857,70,embedding_last_query,0.4,6,6,1601
musique,1.0,0.5,70,random,0.5,6,6,2002
musique,1.0,0.6,70,chunk_head,0.5,6,6,2002
musique,1.0,0.5714285714285714,70,embedding_max,0.5,6,6,2002
musique,1.0,0.5714285714285714,70,embedding_mean_query,0.5,6,6,2002
musique,1.0,0.5,70,embedding_last_query,0.5,6,6,2002
musique,1.0,0.6,70,random,0.6,6,6,2402
musique,1.0,0.6,70,chunk_head,0.6,6,6,2402
musique,1.0,0.7142857142857143,70,embedding_max,0.6,6,6,2402
musique,1.0,0.6428571428571429,70,embedding_mean_query,0.6,6,6,2402
musique,1.0,0.5,70,embedding_last_query,0.6,6,6,2402
musique,1.0,0.6714285714285714,70,random,0.7,6,6,2802
musique,1.0,0.6,70,chunk_head,0.7,6,6,2802
musique,1.0,0.7142857142857143,70,embedding_max,0.7,6,6,2802
musique,1.0,0.6428571428571429,70,embedding_mean_query,0.7,6,6,2802
musique,1.0,0.5714285714285714,70,embedding_last_query,0.7,6,6,2802
musique,1.0,0.8571428571428571,70,random,0.8,6,6,3203
musique,1.0,0.8,70,chunk_head,0.8,6,6,3203
musique,1.0,0.7857142857142857,70,embedding_max,0.8,6,6,3203
musique,1.0,0.7142857142857143,70,embedding_mean_query,0.8,6,6,3203
musique,1.0,0.7857142857142857,70,embedding_last_query,0.8,6,6,3203
musique,1.0,0.8714285714285714,70,random,0.9,6,6,3603
musique,1.0,0.8,70,chunk_head,0.9,6,6,3603
musique,1.0,0.9285714285714286,70,embedding_max,0.9,6,6,3603
musique,1.0,0.8571428571428571,70,embedding_mean_query,0.9,6,6,3603
musique,1.0,0.8571428571428571,70,embedding_last_query,0.9,6,6,3603
musique,1.0,1.0,70,random,1.0,6,6,4004
musique,1.0,1.0,70,chunk_head,1.0,6,6,4004
musique,1.0,1.0,70,embedding_max,1.0,6,6,4004
musique,1.0,1.0,70,embedding_mean_query,1.0,6,6,4004
musique,1.0,1.0,70,embedding_last_query,1.0,6,6,4004
musique,0.0,0.0,24,random,0.0,7,7,0
musique,0.0,0.0,24,chunk_head,0.0,7,7,0
musique,0.0,0.0,24,embedding_max,0.0,7,7,0
musique,0.0,0.0,24,embedding_mean_query,0.0,7,7,0
musique,0.0,0.0,24,embedding_last_query,0.0,7,7,0
musique,1.0,0.041666666666666664,24,random,0.1,7,7,400
musique,0.0,0.0,24,chunk_head,0.1,7,7,400
musique,1.0,0.08333333333333333,24,embedding_max,0.1,7,7,400
musique,1.0,0.16666666666666666,24,embedding_mean_query,0.1,7,7,400
musique,1.0,0.08333333333333333,24,embedding_last_query,0.1,7,7,400
musique,1.0,0.2916666666666667,24,random,0.2,7,7,801
musique,1.0,0.5,24,chunk_head,0.2,7,7,801
musique,1.0,0.20833333333333334,24,embedding_max,0.2,7,7,801
musique,1.0,0.25,24,embedding_mean_query,0.2,7,7,801
musique,1.0,0.25,24,embedding_last_query,0.2,7,7,801
musique,1.0,0.3333333333333333,24,random,0.3,7,7,1201
musique,1.0,1.0,24,chunk_head,0.3,7,7,1201
musique,1.0,0.3333333333333333,24,embedding_max,0.3,7,7,1201
musique,1.0,0.4166666666666667,24,embedding_mean_query,0.3,7,7,1201
musique,1.0,0.25,24,embedding_last_query,0.3,7,7,1201
musique,1.0,0.2916666666666667,24,random,0.4,7,7,1602
musique,1.0,1.0,24,chunk_head,0.4,7,7,1602
musique,1.0,0.625,24,embedding_max,0.4,7,7,1602
musique,1.0,0.5833333333333334,24,embedding_mean_query,0.4,7,7,1602
musique,1.0,0.25,24,embedding_last_query,0.4,7,7,1602
musique,1.0,0.4583333333333333,24,random,0.5,7,7,2002
musique,1.0,1.0,24,chunk_head,0.5,7,7,2002
musique,1.0,0.6666666666666666,24,embedding_max,0.5,7,7,2002
musique,1.0,0.5833333333333334,24,embedding_mean_query,0.5,7,7,2002
musique,1.0,0.4166666666666667,24,embedding_last_query,0.5,7,7,2002
musique,1.0,0.625,24,random,0.6,7,7,2403
musique,1.0,1.0,24,chunk_head,0.6,7,7,2403
musique,1.0,0.6666666666666666,24,embedding_max,0.6,7,7,2403
musique,1.0,0.5833333333333334,24,embedding_mean_query,0.6,7,7,2403
musique,1.0,0.5,24,embedding_last_query,0.6,7,7,2403
musique,1.0,0.7916666666666666,24,random,0.7,7,7,2803
musique,1.0,1.0,24,chunk_head,0.7,7,7,2803
musique,1.0,0.75,24,embedding_max,0.7,7,7,2803
musique,1.0,0.6666666666666666,24,embedding_mean_query,0.7,7,7,2803
musique,1.0,0.5833333333333334,24,embedding_last_query,0.7,7,7,2803
musique,1.0,0.7083333333333334,24,random,0.8,7,7,3204
musique,1.0,1.0,24,chunk_head,0.8,7,7,3204
musique,1.0,0.9166666666666666,24,embedding_max,0.8,7,7,3204
musique,1.0,0.75,24,embedding_mean_query,0.8,7,7,3204
musique,1.0,0.6666666666666666,24,embedding_last_query,0.8,7,7,3204
musique,1.0,0.9166666666666666,24,random,0.9,7,7,3604
musique,1.0,1.0,24,chunk_head,0.9,7,7,3604
musique,1.0,0.9166666666666666,24,embedding_max,0.9,7,7,3604
musique,1.0,1.0,24,embedding_mean_query,0.9,7,7,3604
musique,1.0,0.9166666666666666,24,embedding_last_query,0.9,7,7,3604
musique,1.0,1.0,24,random,1.0,7,7,4005
musique,1.0,1.0,24,chunk_head,1.0,7,7,4005
musique,1.0,1.0,24,embedding_max,1.0,7,7,4005
musique,1.0,1.0,24,embedding_mean_query,1.0,7,7,4005
musique,1.0,1.0,24,embedding_last_query,1.0,7,7,4005
musique,0.0,0.0,46,random,0.0,9,9,0
musique,0.0,0.0,46,chunk_head,0.0,9,9,0
musique,0.0,0.0,46,embedding_max,0.0,9,9,0
musique,0.0,0.0,46,embedding_mean_query,0.0,9,9,0
musique,0.0,0.0,46,embedding_last_query,0.0,9,9,0
musique,1.0,0.10869565217391304,46,random,0.1,9,9,400
musique,0.0,0.0,46,chunk_head,0.1,9,9,400
musique,1.0,0.17391304347826086,46,embedding_max,0.1,9,9,400
musique,1.0,0.13043478260869565,46,embedding_mean_query,0.1,9,9,400
musique,1.0,0.15217391304347827,46,embedding_last_query,0.1,9,9,400
musique,1.0,0.1956521739130435,46,random,0.2,9,9,800
musique,0.0,0.0,46,chunk_head,0.2,9,9,800
musique,1.0,0.34782608695652173,46,embedding_max,0.2,9,9,800
musique,1.0,0.2608695652173913,46,embedding_mean_query,0.2,9,9,800
musique,1.0,0.17391304347826086,46,embedding_last_query,0.2,9,9,800
musique,1.0,0.41304347826086957,46,random,0.3,9,9,1200
musique,0.0,0.0,46,chunk_head,0.3,9,9,1200
musique,1.0,0.5217391304347826,46,embedding_max,0.3,9,9,1200
musique,1.0,0.4782608695652174,46,embedding_mean_query,0.3,9,9,1200
musique,1.0,0.2608695652173913,46,embedding_last_query,0.3,9,9,1200
musique,1.0,0.41304347826086957,46,random,0.4,9,9,1600
musique,0.0,0.0,46,chunk_head,0.4,9,9,1600
musique,1.0,0.6086956521739131,46,embedding_max,0.4,9,9,1600
musique,1.0,0.5217391304347826,46,embedding_mean_query,0.4,9,9,1600
musique,1.0,0.391304347826087,46,embedding_last_query,0.4,9,9,1600
musique,1.0,0.5652173913043478,46,random,0.5,9,9,2000
musique,0.0,0.0,46,chunk_head,0.5,9,9,2000
musique,1.0,0.717391304347826,46,embedding_max,0.5,9,9,2000
musique,1.0,0.7391304347826086,46,embedding_mean_query,0.5,9,9,2000
musique,1.0,0.43478260869565216,46,embedding_last_query,0.5,9,9,2000
musique,1.0,0.3695652173913043,46,random,0.6,9,9,2400
musique,0.0,0.0,46,chunk_head,0.6,9,9,2400
musique,1.0,0.8260869565217391,46,embedding_max,0.6,9,9,2400
musique,1.0,0.7391304347826086,46,embedding_mean_query,0.6,9,9,2400
musique,1.0,0.43478260869565216,46,embedding_last_query,0.6,9,9,2400
musique,1.0,0.7608695652173914,46,random,0.7,9,9,2800
musique,0.0,0.0,46,chunk_head,0.7,9,9,2800
musique,1.0,0.8260869565217391,46,embedding_max,0.7,9,9,2800
musique,1.0,0.8260869565217391,46,embedding_mean_query,0.7,9,9,2800
musique,1.0,0.5217391304347826,46,embedding_last_query,0.7,9,9,2800
musique,1.0,0.8695652173913043,46,random,0.8,9,9,3200
musique,0.0,0.0,46,chunk_head,0.8,9,9,3200
musique,1.0,0.9130434782608695,46,embedding_max,0.8,9,9,3200
musique,1.0,0.9130434782608695,46,embedding_mean_query,0.8,9,9,3200
musique,1.0,0.5652173913043478,46,embedding_last_query,0.8,9,9,3200
musique,1.0,0.8695652173913043,46,random,0.9,9,9,3600
musique,1.0,0.5,46,chunk_head,0.9,9,9,3600
musique,1.0,0.9130434782608695,46,embedding_max,0.9,9,9,3600
musique,1.0,0.9130434782608695,46,embedding_mean_query,0.9,9,9,3600
musique,1.0,0.8695652173913043,46,embedding_last_query,0.9,9,9,3600
musique,1.0,1.0,46,random,1.0,9,9,4000
musique,1.0,1.0,46,chunk_head,1.0,9,9,4000
musique,1.0,1.0,46,embedding_max,1.0,9,9,4000
musique,1.0,1.0,46,embedding_mean_query,1.0,9,9,4000
musique,1.0,1.0,46,embedding_last_query,1.0,9,9,4000
musique,0.0,0.0,70,random,0.0,12,12,0
musique,0.0,0.0,70,chunk_head,0.0,12,12,0
musique,0.0,0.0,70,embedding_max,0.0,12,12,0
musique,0.0,0.0,70,embedding_mean_query,0.0,12,12,0
musique,0.0,0.0,70,embedding_last_query,0.0,12,12,0
musique,1.0,0.05714285714285714,70,random,0.1,12,12,400
musique,1.0,0.2,70,chunk_head,0.1,12,12,400
musique,1.0,0.2857142857142857,70,embedding_max,0.1,12,12,400
musique,1.0,0.2571428571428571,70,embedding_mean_query,0.1,12,12,400
musique,1.0,0.07142857142857142,70,embedding_last_query,0.1,12,12,400
musique,1.0,0.21428571428571427,70,random,0.2,12,12,800
musique,1.0,0.2,70,chunk_head,0.2,12,12,800
musique,1.0,0.35714285714285715,70,embedding_max,0.2,12,12,800
musique,1.0,0.35714285714285715,70,embedding_mean_query,0.2,12,12,800
musique,1.0,0.12857142857142856,70,embedding_last_query,0.2,12,12,800
musique,1.0,0.2857142857142857,70,random,0.3,12,12,1200
musique,1.0,0.4,70,chunk_head,0.3,12,12,1200
musique,1.0,0.5,70,embedding_max,0.3,12,12,1200
musique,1.0,0.37142857142857144,70,embedding_mean_query,0.3,12,12,1200
musique,1.0,0.2857142857142857,70,embedding_last_query,0.3,12,12,1200
musique,1.0,0.45714285714285713,70,random,0.4,12,12,1600
musique,1.0,0.6,70,chunk_head,0.4,12,12,1600
musique,1.0,0.5714285714285714,70,embedding_max,0.4,12,12,1600
musique,1.0,0.42857142857142855,70,embedding_mean_query,0.4,12,12,1600
musique,1.0,0.5,70,embedding_last_query,0.4,12,12,1600
musique,1.0,0.5571428571428572,70,random,0.5,12,12,2001
musique,1.0,0.7714285714285715,70,chunk_head,0.5,12,12,2001
musique,1.0,0.6428571428571429,70,embedding_max,0.5,12,12,2001
musique,1.0,0.5714285714285714,70,embedding_mean_query,0.5,12,12,2001
musique,1.0,0.5,70,embedding_last_query,0.5,12,12,2001
musique,1.0,0.5571428571428572,70,random,0.6,12,12,2401
musique,1.0,0.8,70,chunk_head,0.6,12,12,2401
musique,1.0,0.7142857142857143,70,embedding_max,0.6,12,12,2401
musique,1.0,0.5714285714285714,70,embedding_mean_query,0.6,12,12,2401
musique,1.0,0.5714285714285714,70,embedding_last_query,0.6,12,12,2401
musique,1.0,0.7,70,random,0.7,12,12,2801
musique,1.0,1.0,70,chunk_head,0.7,12,12,2801
musique,1.0,0.7857142857142857,70,embedding_max,0.7,12,12,2801
musique,1.0,0.6428571428571429,70,embedding_mean_query,0.7,12,12,2801
musique,1.0,0.7142857142857143,70,embedding_last_query,0.7,12,12,2801
musique,1.0,0.8142857142857143,70,random,0.8,12,12,3201
musique,1.0,1.0,70,chunk_head,0.8,12,12,3201
musique,1.0,0.8571428571428571,70,embedding_max,0.8,12,12,3201
musique,1.0,0.7142857142857143,70,embedding_mean_query,0.8,12,12,3201
musique,1.0,0.7857142857142857,70,embedding_last_query,0.8,12,12,3201
musique,1.0,0.8857142857142857,70,random,0.9,12,12,3601
musique,1.0,1.0,70,chunk_head,0.9,12,12,3601
musique,1.0,0.9285714285714286,70,embedding_max,0.9,12,12,3601
musique,1.0,0.9285714285714286,70,embedding_mean_query,0.9,12,12,3601
musique,1.0,1.0,70,embedding_last_query,0.9,12,12,3601
musique,1.0,1.0,70,random,1.0,12,12,4002
musique,1.0,1.0,70,chunk_head,1.0,12,12,4002
musique,1.0,1.0,70,embedding_max,1.0,12,12,4002
musique,1.0,1.0,70,embedding_mean_query,1.0,12,12,4002
musique,1.0,1.0,70,embedding_last_query,1.0,12,12,4002
musique,0.0,0.0,57,random,0.0,13,13,0
musique,0.0,0.0,57,chunk_head,0.0,13,13,0
musique,0.0,0.0,57,embedding_max,0.0,13,13,0
musique,0.0,0.0,57,embedding_mean_query,0.0,13,13,0
musique,0.0,0.0,57,embedding_last_query,0.0,13,13,0
musique,1.0,0.12280701754385964,57,random,0.1,13,13,400
musique,0.0,0.0,57,chunk_head,0.1,13,13,400
musique,1.0,0.3684210526315789,57,embedding_max,0.1,13,13,400
musique,1.0,0.3684210526315789,57,embedding_mean_query,0.1,13,13,400
musique,1.0,0.05263157894736842,57,embedding_last_query,0.1,13,13,400
musique,1.0,0.19298245614035087,57,random,0.2,13,13,801
musique,0.0,0.0,57,chunk_head,0.2,13,13,801
musique,1.0,0.47368421052631576,57,embedding_max,0.2,13,13,801
musique,1.0,0.42105263157894735,57,embedding_mean_query,0.2,13,13,801
musique,1.0,0.10526315789473684,57,embedding_last_query,0.2,13,13,801
musique,1.0,0.3157894736842105,57,random,0.3,13,13,1201
musique,1.0,0.3333333333333333,57,chunk_head,0.3,13,13,1201
musique,1.0,0.5087719298245614,57,embedding_max,0.3,13,13,1201
musique,1.0,0.5263157894736842,57,embedding_mean_query,0.3,13,13,1201
musique,1.0,0.3157894736842105,57,embedding_last_query,0.3,13,13,1201
musique,1.0,0.3333333333333333,57,random,0.4,13,13,1602
musique,1.0,0.3333333333333333,57,chunk_head,0.4,13,13,1602
musique,1.0,0.5789473684210527,57,embedding_max,0.4,13,13,1602
musique,1.0,0.631578947368421,57,embedding_mean_query,0.4,13,13,1602
musique,1.0,0.3684210526315789,57,embedding_last_query,0.4,13,13,1602
musique,1.0,0.5614035087719298,57,random,0.5,13,13,2002
musique,1.0,0.3333333333333333,57,chunk_head,0.5,13,13,2002
musique,1.0,0.7368421052631579,57,embedding_max,0.5,13,13,2002
musique,1.0,0.7368421052631579,57,embedding_mean_query,0.5,13,13,2002
musique,1.0,0.42105263157894735,57,embedding_last_query,0.5,13,13,2002
musique,1.0,0.5964912280701754,57,random,0.6,13,13,2403
musique,1.0,0.6666666666666666,57,chunk_head,0.6,13,13,2403
musique,1.0,0.7368421052631579,57,embedding_max,0.6,13,13,2403
musique,1.0,0.7894736842105263,57,embedding_mean_query,0.6,13,13,2403
musique,1.0,0.5263157894736842,57,embedding_last_query,0.6,13,13,2403
musique,1.0,0.6842105263157895,57,random,0.7,13,13,2803
musique,1.0,0.6666666666666666,57,chunk_head,0.7,13,13,2803
musique,1.0,0.7368421052631579,57,embedding_max,0.7,13,13,2803
musique,1.0,0.7894736842105263,57,embedding_mean_query,0.7,13,13,2803
musique,1.0,0.6842105263157895,57,embedding_last_query,0.7,13,13,2803
musique,1.0,0.7192982456140351,57,random,0.8,13,13,3204
musique,1.0,0.6666666666666666,57,chunk_head,0.8,13,13,3204
musique,1.0,0.7894736842105263,57,embedding_max,0.8,13,13,3204
musique,1.0,0.7894736842105263,57,embedding_mean_query,0.8,13,13,3204
musique,1.0,0.8421052631578947,57,embedding_last_query,0.8,13,13,3204
musique,1.0,0.9649122807017544,57,random,0.9,13,13,3604
musique,1.0,1.0,57,chunk_head,0.9,13,13,3604
musique,1.0,0.8421052631578947,57,embedding_max,0.9,13,13,3604
musique,1.0,0.8421052631578947,57,embedding_mean_query,0.9,13,13,3604
musique,1.0,0.8947368421052632,57,embedding_last_query,0.9,13,13,3604
musique,1.0,1.0,57,random,1.0,13,13,4005
musique,1.0,1.0,57,chunk_head,1.0,13,13,4005
musique,1.0,1.0,57,embedding_max,1.0,13,13,4005
musique,1.0,1.0,57,embedding_mean_query,1.0,13,13,4005
musique,1.0,1.0,57,embedding_last_query,1.0,13,13,4005
musique,0.0,0.0,72,random,0.0,14,14,0
musique,0.0,0.0,72,chunk_head,0.0,14,14,0
musique,0.0,0.0,72,embedding_max,0.0,14,14,0
musique,0.0,0.0,72,embedding_mean_query,0.0,14,14,0
musique,0.0,0.0,72,embedding_last_query,0.0,14,14,0
musique,1.0,0.05555555555555555,72,random,0.1,14,14,401
musique,1.0,0.16666666666666666,72,chunk_head,0.1,14,14,401
musique,1.0,0.1111111111111111,72,embedding_max,0.1,14,14,401
musique,1.0,0.2222222222222222,72,embedding_mean_query,0.1,14,14,401
musique,1.0,0.1111111111111111,72,embedding_last_query,0.1,14,14,401
musique,1.0,0.25,72,random,0.2,14,14,802
musique,1.0,0.3333333333333333,72,chunk_head,0.2,14,14,802
musique,1.0,0.3333333333333333,72,embedding_max,0.2,14,14,802
musique,1.0,0.2777777777777778,72,embedding_mean_query,0.2,14,14,802
musique,1.0,0.19444444444444445,72,embedding_last_query,0.2,14,14,802
musique,1.0,0.3333333333333333,72,random,0.3,14,14,1203
musique,1.0,0.3333333333333333,72,chunk_head,0.3,14,14,1203
musique,1.0,0.4166666666666667,72,embedding_max,0.3,14,14,1203
musique,1.0,0.3333333333333333,72,embedding_mean_query,0.3,14,14,1203
musique,1.0,0.2777777777777778,72,embedding_last_query,0.3,14,14,1203
musique,1.0,0.3611111111111111,72,random,0.4,14,14,1604
musique,1.0,0.3333333333333333,72,chunk_head,0.4,14,14,1604
musique,1.0,0.4166666666666667,72,embedding_max,0.4,14,14,1604
musique,1.0,0.3611111111111111,72,embedding_mean_query,0.4,14,14,1604
musique,1.0,0.5555555555555556,72,embedding_last_query,0.4,14,14,1604
musique,1.0,0.4722222222222222,72,random,0.5,14,14,2005
musique,1.0,0.6666666666666666,72,chunk_head,0.5,14,14,2005
musique,1.0,0.4444444444444444,72,embedding_max,0.5,14,14,2005
musique,1.0,0.3611111111111111,72,embedding_mean_query,0.5,14,14,2005
musique,1.0,0.7222222222222222,72,embedding_last_query,0.5,14,14,2005
musique,1.0,0.5833333333333334,72,random,0.6,14,14,2406
musique,1.0,0.6666666666666666,72,chunk_head,0.6,14,14,2406
musique,1.0,0.5416666666666666,72,embedding_max,0.6,14,14,2406
musique,1.0,0.5833333333333334,72,embedding_mean_query,0.6,14,14,2406
musique,1.0,0.8333333333333334,72,embedding_last_query,0.6,14,14,2406
musique,1.0,0.7916666666666666,72,random,0.7,14,14,2807
musique,1.0,0.6666666666666666,72,chunk_head,0.7,14,14,2807
musique,1.0,0.75,72,embedding_max,0.7,14,14,2807
musique,1.0,0.7222222222222222,72,embedding_mean_query,0.7,14,14,2807
musique,1.0,0.9166666666666666,72,embedding_last_query,0.7,14,14,2807
musique,1.0,0.7916666666666666,72,random,0.8,14,14,3208
musique,1.0,0.6666666666666666,72,chunk_head,0.8,14,14,3208
musique,1.0,0.75,72,embedding_max,0.8,14,14,3208
musique,1.0,0.9722222222222222,72,embedding_mean_query,0.8,14,14,3208
musique,1.0,0.9166666666666666,72,embedding_last_query,0.8,14,14,3208
musique,1.0,0.8611111111111112,72,random,0.9,14,14,3609
musique,1.0,0.8333333333333334,72,chunk_head,0.9,14,14,3609
musique,1.0,0.8611111111111112,72,embedding_max,0.9,14,14,3609
musique,1.0,0.9861111111111112,72,embedding_mean_query,0.9,14,14,3609
musique,1.0,0.9166666666666666,72,embedding_last_query,0.9,14,14,3609
musique,1.0,1.0,72,random,1.0,14,14,4010
musique,1.0,1.0,72,chunk_head,1.0,14,14,4010
musique,1.0,1.0,72,embedding_max,1.0,14,14,4010
musique,1.0,1.0,72,embedding_mean_query,1.0,14,14,4010
musique,1.0,1.0,72,embedding_last_query,1.0,14,14,4010
musique,0.0,0.0,24,random,0.0,15,15,0
musique,0.0,0.0,24,chunk_head,0.0,15,15,0
musique,0.0,0.0,24,embedding_max,0.0,15,15,0
musique,0.0,0.0,24,embedding_mean_query,0.0,15,15,0
musique,0.0,0.0,24,embedding_last_query,0.0,15,15,0
musique,1.0,0.041666666666666664,24,random,0.1,15,15,400
musique,1.0,0.5,24,chunk_head,0.1,15,15,400
musique,0.0,0.0,24,embedding_max,0.1,15,15,400
musique,1.0,0.08333333333333333,24,embedding_mean_query,0.1,15,15,400
musique,1.0,0.08333333333333333,24,embedding_last_query,0.1,15,15,400
musique,1.0,0.125,24,random,0.2,15,15,801
musique,1.0,1.0,24,chunk_head,0.2,15,15,801
musique,1.0,0.08333333333333333,24,embedding_max,0.2,15,15,801
musique,1.0,0.08333333333333333,24,embedding_mean_query,0.2,15,15,801
musique,1.0,0.16666666666666666,24,embedding_last_query,0.2,15,15,801
musique,1.0,0.375,24,random,0.3,15,15,1201
musique,1.0,1.0,24,chunk_head,0.3,15,15,1201
musique,1.0,0.25,24,embedding_max,0.3,15,15,1201
musique,1.0,0.16666666666666666,24,embedding_mean_query,0.3,15,15,1201
musique,1.0,0.16666666666666666,24,embedding_last_query,0.3,15,15,1201
musique,1.0,0.3333333333333333,24,random,0.4,15,15,1602
musique,1.0,1.0,24,chunk_head,0.4,15,15,1602
musique,1.0,0.3333333333333333,24,embedding_max,0.4,15,15,1602
musique,1.0,0.4166666666666667,24,embedding_mean_query,0.4,15,15,1602
musique,1.0,0.3333333333333333,24,embedding_last_query,0.4,15,15,1602
musique,1.0,0.4166666666666667,24,random,0.5,15,15,2003
musique,1.0,1.0,24,chunk_head,0.5,15,15,2003
musique,1.0,0.5833333333333334,24,embedding_max,0.5,15,15,2003
musique,1.0,0.5,24,embedding_mean_query,0.5,15,15,2003
musique,1.0,0.4166666666666667,24,embedding_last_query,0.5,15,15,2003
musique,1.0,0.5416666666666666,24,random,0.6,15,15,2403
musique,1.0,1.0,24,chunk_head,0.6,15,15,2403
musique,1.0,0.6666666666666666,24,embedding_max,0.6,15,15,2403
musique,1.0,0.75,24,embedding_mean_query,0.6,15,15,2403
musique,1.0,0.6666666666666666,24,embedding_last_query,0.6,15,15,2403
musique,1.0,0.625,24,random,0.7,15,15,2804
musique,1.0,1.0,24,chunk_head,0.7,15,15,2804
musique,1.0,0.8333333333333334,24,embedding_max,0.7,15,15,2804
musique,1.0,0.8333333333333334,24,embedding_mean_query,0.7,15,15,2804
musique,1.0,0.6666666666666666,24,embedding_last_query,0.7,15,15,2804
musique,1.0,0.7916666666666666,24,random,0.8,15,15,3204
musique,1.0,1.0,24,chunk_head,0.8,15,15,3204
musique,1.0,0.9166666666666666,24,embedding_max,0.8,15,15,3204
musique,1.0,1.0,24,embedding_mean_query,0.8,15,15,3204
musique,1.0,0.8333333333333334,24,embedding_last_query,0.8,15,15,3204
musique,1.0,0.9166666666666666,24,random,0.9,15,15,3605
musique,1.0,1.0,24,chunk_head,0.9,15,15,3605
musique,1.0,1.0,24,embedding_max,0.9,15,15,3605
musique,1.0,1.0,24,embedding_mean_query,0.9,15,15,3605
musique,1.0,0.8333333333333334,24,embedding_last_query,0.9,15,15,3605
musique,1.0,1.0,24,random,1.0,15,15,4006
musique,1.0,1.0,24,chunk_head,1.0,15,15,4006
musique,1.0,1.0,24,embedding_max,1.0,15,15,4006
musique,1.0,1.0,24,embedding_mean_query,1.0,15,15,4006
musique,1.0,1.0,24,embedding_last_query,1.0,15,15,4006
musique,0.0,0.0,112,random,0.0,16,16,0
musique,0.0,0.0,112,chunk_head,0.0,16,16,0
musique,0.0,0.0,112,embedding_max,0.0,16,16,0
musique,0.0,0.0,112,embedding_mean_query,0.0,16,16,0
musique,0.0,0.0,112,embedding_last_query,0.0,16,16,0
musique,1.0,0.08928571428571429,112,random,0.1,16,16,400
musique,0.0,0.0,112,chunk_head,0.1,16,16,400
musique,1.0,0.25892857142857145,112,embedding_max,0.1,16,16,400
musique,1.0,0.20535714285714285,112,embedding_mean_query,0.1,16,16,400
musique,1.0,0.03571428571428571,112,embedding_last_query,0.1,16,16,400
musique,1.0,0.1875,112,random,0.2,16,16,801
musique,1.0,0.25,112,chunk_head,0.2,16,16,801
musique,1.0,0.39285714285714285,112,embedding_max,0.2,16,16,801
musique,1.0,0.36607142857142855,112,embedding_mean_query,0.2,16,16,801
musique,1.0,0.10714285714285714,112,embedding_last_query,0.2,16,16,801
musique,1.0,0.3125,112,random,0.3,16,16,1202
musique,1.0,0.5,112,chunk_head,0.3,16,16,1202
musique,1.0,0.42857142857142855,112,embedding_max,0.3,16,16,1202
musique,1.0,0.39285714285714285,112,embedding_mean_query,0.3,16,16,1202
musique,1.0,0.2857142857142857,112,embedding_last_query,0.3,16,16,1202
musique,1.0,0.39285714285714285,112,random,0.4,16,16,1602
musique,1.0,0.75,112,chunk_head,0.4,16,16,1602
musique,1.0,0.42857142857142855,112,embedding_max,0.4,16,16,1602
musique,1.0,0.4642857142857143,112,embedding_mean_query,0.4,16,16,1602
musique,1.0,0.2857142857142857,112,embedding_last_query,0.4,16,16,1602
musique,1.0,0.5178571428571429,112,random,0.5,16,16,2003
musique,1.0,0.75,112,chunk_head,0.5,16,16,2003
musique,1.0,0.5,112,embedding_max,0.5,16,16,2003
musique,1.0,0.5714285714285714,112,embedding_mean_query,0.5,16,16,2003
musique,1.0,0.39285714285714285,112,embedding_last_query,0.5,16,16,2003
musique,1.0,0.5625,112,random,0.6,16,16,2404
musique,1.0,1.0,112,chunk_head,0.6,16,16,2404
musique,1.0,0.6785714285714286,112,embedding_max,0.6,16,16,2404
musique,1.0,0.5714285714285714,112,embedding_mean_query,0.6,16,16,2404
musique,1.0,0.5357142857142857,112,embedding_last_query,0.6,16,16,2404
musique,1.0,0.6428571428571429,112,random,0.7,16,16,2804
musique,1.0,1.0,112,chunk_head,0.7,16,16,2804
musique,1.0,0.75,112,embedding_max,0.7,16,16,2804
musique,1.0,0.6785714285714286,112,embedding_mean_query,0.7,16,16,2804
musique,1.0,0.6785714285714286,112,embedding_last_query,0.7,16,16,2804
musique,1.0,0.7857142857142857,112,random,0.8,16,16,3205
musique,1.0,1.0,112,chunk_head,0.8,16,16,3205
musique,1.0,0.7857142857142857,112,embedding_max,0.8,16,16,3205
musique,1.0,0.6785714285714286,112,embedding_mean_query,0.8,16,16,3205
musique,1.0,0.8571428571428571,112,embedding_last_query,0.8,16,16,3205
musique,1.0,0.9017857142857143,112,random,0.9,16,16,3606
musique,1.0,1.0,112,chunk_head,0.9,16,16,3606
musique,1.0,0.9285714285714286,112,embedding_max,0.9,16,16,3606
musique,1.0,0.8928571428571429,112,embedding_mean_query,0.9,16,16,3606
musique,1.0,0.8928571428571429,112,embedding_last_query,0.9,16,16,3606
musique,1.0,1.0,112,random,1.0,16,16,4007
musique,1.0,1.0,112,chunk_head,1.0,16,16,4007
musique,1.0,1.0,112,embedding_max,1.0,16,16,4007
musique,1.0,1.0,112,embedding_mean_query,1.0,16,16,4007
musique,1.0,1.0,112,embedding_last_query,1.0,16,16,4007
musique,0.0,0.0,56,random,0.0,18,18,0
musique,0.0,0.0,56,chunk_head,0.0,18,18,0
musique,0.0,0.0,56,embedding_max,0.0,18,18,0
musique,0.0,0.0,56,embedding_mean_query,0.0,18,18,0
musique,0.0,0.0,56,embedding_last_query,0.0,18,18,0
musique,1.0,0.08928571428571429,56,random,0.1,18,18,400
musique,0.0,0.0,56,chunk_head,0.1,18,18,400
musique,1.0,0.07142857142857142,56,embedding_max,0.1,18,18,400
musique,1.0,0.03571428571428571,56,embedding_mean_query,0.1,18,18,400
musique,1.0,0.05357142857142857,56,embedding_last_query,0.1,18,18,400
musique,1.0,0.25,56,random,0.2,18,18,801
musique,0.0,0.0,56,chunk_head,0.2,18,18,801
musique,1.0,0.19642857142857142,56,embedding_max,0.2,18,18,801
musique,1.0,0.10714285714285714,56,embedding_mean_query,0.2,18,18,801
musique,1.0,0.10714285714285714,56,embedding_last_query,0.2,18,18,801
musique,1.0,0.44642857142857145,56,random,0.3,18,18,1201
musique,0.0,0.0,56,chunk_head,0.3,18,18,1201
musique,1.0,0.3392857142857143,56,embedding_max,0.3,18,18,1201
musique,1.0,0.26785714285714285,56,embedding_mean_query,0.3,18,18,1201
musique,1.0,0.21428571428571427,56,embedding_last_query,0.3,18,18,1201
musique,1.0,0.48214285714285715,56,random,0.4,18,18,1602
musique,1.0,0.25,56,chunk_head,0.4,18,18,1602
musique,1.0,0.4107142857142857,56,embedding_max,0.4,18,18,1602
musique,1.0,0.35714285714285715,56,embedding_mean_query,0.4,18,18,1602
musique,1.0,0.3392857142857143,56,embedding_last_query,0.4,18,18,1602
musique,1.0,0.44642857142857145,56,random,0.5,18,18,2002
musique,1.0,0.5,56,chunk_head,0.5,18,18,2002
musique,1.0,0.5535714285714286,56,embedding_max,0.5,18,18,2002
musique,1.0,0.42857142857142855,56,embedding_mean_query,0.5,18,18,2002
musique,1.0,0.375,56,embedding_last_query,0.5,18,18,2002
musique,1.0,0.6428571428571429,56,random,0.6,18,18,2403
musique,1.0,0.75,56,chunk_head,0.6,18,18,2403
musique,1.0,0.6785714285714286,56,embedding_max,0.6,18,18,2403
musique,1.0,0.5178571428571429,56,embedding_mean_query,0.6,18,18,2403
musique,1.0,0.5535714285714286,56,embedding_last_query,0.6,18,18,2403
musique,1.0,0.625,56,random,0.7,18,18,2803
musique,1.0,0.75,56,chunk_head,0.7,18,18,2803
musique,1.0,0.7321428571428571,56,embedding_max,0.7,18,18,2803
musique,1.0,0.625,56,embedding_mean_query,0.7,18,18,2803
musique,1.0,0.6785714285714286,56,embedding_last_query,0.7,18,18,2803
musique,1.0,0.8035714285714286,56,random,0.8,18,18,3204
musique,1.0,1.0,56,chunk_head,0.8,18,18,3204
musique,1.0,0.8035714285714286,56,embedding_max,0.8,18,18,3204
musique,1.0,0.7678571428571429,56,embedding_mean_query,0.8,18,18,3204
musique,1.0,0.8035714285714286,56,embedding_last_query,0.8,18,18,3204
musique,1.0,0.8214285714285714,56,random,0.9,18,18,3604
musique,1.0,1.0,56,chunk_head,0.9,18,18,3604
musique,1.0,0.9285714285714286,56,embedding_max,0.9,18,18,3604
musique,1.0,0.9107142857142857,56,embedding_mean_query,0.9,18,18,3604
musique,1.0,1.0,56,embedding_last_query,0.9,18,18,3604
musique,1.0,1.0,56,random,1.0,18,18,4005
musique,1.0,1.0,56,chunk_head,1.0,18,18,4005
musique,1.0,1.0,56,embedding_max,1.0,18,18,4005
musique,1.0,1.0,56,embedding_mean_query,1.0,18,18,4005
musique,1.0,1.0,56,embedding_last_query,1.0,18,18,4005
musique,0.0,0.0,26,random,0.0,19,19,0
musique,0.0,0.0,26,chunk_head,0.0,19,19,0
musique,0.0,0.0,26,embedding_max,0.0,19,19,0
musique,0.0,0.0,26,embedding_mean_query,0.0,19,19,0
musique,0.0,0.0,26,embedding_last_query,0.0,19,19,0
musique,1.0,0.11538461538461539,26,random,0.1,19,19,400
musique,0.0,0.0,26,chunk_head,0.1,19,19,400
musique,1.0,0.19230769230769232,26,embedding_max,0.1,19,19,400
musique,1.0,0.19230769230769232,26,embedding_mean_query,0.1,19,19,400
musique,1.0,0.07692307692307693,26,embedding_last_query,0.1,19,19,400
musique,1.0,0.07692307692307693,26,random,0.2,19,19,800
musique,0.0,0.0,26,chunk_head,0.2,19,19,800
musique,1.0,0.3076923076923077,26,embedding_max,0.2,19,19,800
musique,1.0,0.23076923076923078,26,embedding_mean_query,0.2,19,19,800
musique,1.0,0.15384615384615385,26,embedding_last_query,0.2,19,19,800
musique,1.0,0.5,26,random,0.3,19,19,1201
musique,0.0,0.0,26,chunk_head,0.3,19,19,1201
musique,1.0,0.3076923076923077,26,embedding_max,0.3,19,19,1201
musique,1.0,0.34615384615384615,26,embedding_mean_query,0.3,19,19,1201
musique,1.0,0.19230769230769232,26,embedding_last_query,0.3,19,19,1201
musique,1.0,0.46153846153846156,26,random,0.4,19,19,1601
musique,0.0,0.0,26,chunk_head,0.4,19,19,1601
musique,1.0,0.38461538461538464,26,embedding_max,0.4,19,19,1601
musique,1.0,0.34615384615384615,26,embedding_mean_query,0.4,19,19,1601
musique,1.0,0.2692307692307692,26,embedding_last_query,0.4,19,19,1601
musique,1.0,0.46153846153846156,26,random,0.5,19,19,2002
musique,0.0,0.0,26,chunk_head,0.5,19,19,2002
musique,1.0,0.5,26,embedding_max,0.5,19,19,2002
musique,1.0,0.34615384615384615,26,embedding_mean_query,0.5,19,19,2002
musique,1.0,0.38461538461538464,26,embedding_last_query,0.5,19,19,2002
musique,1.0,0.7307692307692307,26,random,0.6,19,19,2402
musique,0.0,0.0,26,chunk_head,0.6,19,19,2402
musique,1.0,0.6153846153846154,26,embedding_max,0.6,19,19,2402
musique,1.0,0.4230769230769231,26,embedding_mean_query,0.6,19,19,2402
musique,1.0,0.5384615384615384,26,embedding_last_query,0.6,19,19,2402
musique,1.0,0.6538461538461539,26,random,0.7,19,19,2802
musique,0.0,0.0,26,chunk_head,0.7,19,19,2802
musique,1.0,0.8076923076923077,26,embedding_max,0.7,19,19,2802
musique,1.0,0.46153846153846156,26,embedding_mean_query,0.7,19,19,2802
musique,1.0,0.7307692307692307,26,embedding_last_query,0.7,19,19,2802
musique,1.0,0.8076923076923077,26,random,0.8,19,19,3203
musique,0.0,0.0,26,chunk_head,0.8,19,19,3203
musique,1.0,0.9230769230769231,26,embedding_max,0.8,19,19,3203
musique,1.0,0.7307692307692307,26,embedding_mean_query,0.8,19,19,3203
musique,1.0,0.9230769230769231,26,embedding_last_query,0.8,19,19,3203
musique,1.0,0.8461538461538461,26,random,0.9,19,19,3603
musique,1.0,0.5,26,chunk_head,0.9,19,19,3603
musique,1.0,0.9615384615384616,26,embedding_max,0.9,19,19,3603
musique,1.0,0.9615384615384616,26,embedding_mean_query,0.9,19,19,3603
musique,1.0,0.9615384615384616,26,embedding_last_query,0.9,19,19,3603
musique,1.0,1.0,26,random,1.0,19,19,4004
musique,1.0,1.0,26,chunk_head,1.0,19,19,4004
musique,1.0,1.0,26,embedding_max,1.0,19,19,4004
musique,1.0,1.0,26,embedding_mean_query,1.0,19,19,4004
musique,1.0,1.0,26,embedding_last_query,1.0,19,19,4004
musique,0.0,0.0,28,random,0.0,20,20,0
musique,0.0,0.0,28,chunk_head,0.0,20,20,0
musique,0.0,0.0,28,embedding_max,0.0,20,20,0
musique,0.0,0.0,28,embedding_mean_query,0.0,20,20,0
musique,0.0,0.0,28,embedding_last_query,0.0,20,20,0
musique,1.0,0.10714285714285714,28,random,0.1,20,20,400
musique,0.0,0.0,28,chunk_head,0.1,20,20,400
musique,1.0,0.07142857142857142,28,embedding_max,0.1,20,20,400
musique,1.0,0.07142857142857142,28,embedding_mean_query,0.1,20,20,400
musique,1.0,0.07142857142857142,28,embedding_last_query,0.1,20,20,400
musique,1.0,0.10714285714285714,28,random,0.2,20,20,801
musique,0.0,0.0,28,chunk_head,0.2,20,20,801
musique,1.0,0.14285714285714285,28,embedding_max,0.2,20,20,801
musique,1.0,0.07142857142857142,28,embedding_mean_query,0.2,20,20,801
musique,1.0,0.07142857142857142,28,embedding_last_query,0.2,20,20,801
musique,1.0,0.17857142857142858,28,random,0.3,20,20,1202
musique,0.0,0.0,28,chunk_head,0.3,20,20,1202
musique,1.0,0.14285714285714285,28,embedding_max,0.3,20,20,1202
musique,1.0,0.21428571428571427,28,embedding_mean_query,0.3,20,20,1202
musique,1.0,0.14285714285714285,28,embedding_last_query,0.3,20,20,1202
musique,1.0,0.4642857142857143,28,random,0.4,20,20,1603
musique,0.0,0.0,28,chunk_head,0.4,20,20,1603
musique,1.0,0.35714285714285715,28,embedding_max,0.4,20,20,1603
musique,1.0,0.42857142857142855,28,embedding_mean_query,0.4,20,20,1603
musique,1.0,0.5,28,embedding_last_query,0.4,20,20,1603
musique,1.0,0.4642857142857143,28,random,0.5,20,20,2004
musique,0.0,0.0,28,chunk_head,0.5,20,20,2004
musique,1.0,0.35714285714285715,28,embedding_max,0.5,20,20,2004
musique,1.0,0.5,28,embedding_mean_query,0.5,20,20,2004
musique,1.0,0.5714285714285714,28,embedding_last_query,0.5,20,20,2004
musique,1.0,0.7857142857142857,28,random,0.6,20,20,2405
musique,0.0,0.0,28,chunk_head,0.6,20,20,2405
musique,1.0,0.35714285714285715,28,embedding_max,0.6,20,20,2405
musique,1.0,0.5,28,embedding_mean_query,0.6,20,20,2405
musique,1.0,0.6428571428571429,28,embedding_last_query,0.6,20,20,2405
musique,1.0,0.7142857142857143,28,random,0.7,20,20,2806
musique,0.0,0.0,28,chunk_head,0.7,20,20,2806
musique,1.0,0.6428571428571429,28,embedding_max,0.7,20,20,2806
musique,1.0,0.5714285714285714,28,embedding_mean_query,0.7,20,20,2806
musique,1.0,0.7857142857142857,28,embedding_last_query,0.7,20,20,2806
musique,1.0,0.75,28,random,0.8,20,20,3207
musique,1.0,0.5,28,chunk_head,0.8,20,20,3207
musique,1.0,0.8571428571428571,28,embedding_max,0.8,20,20,3207
musique,1.0,0.8571428571428571,28,embedding_mean_query,0.8,20,20,3207
musique,1.0,0.8571428571428571,28,embedding_last_query,0.8,20,20,3207
musique,1.0,0.8928571428571429,28,random,0.9,20,20,3608
musique,1.0,0.5,28,chunk_head,0.9,20,20,3608
musique,1.0,1.0,28,embedding_max,0.9,20,20,3608
musique,1.0,0.9285714285714286,28,embedding_mean_query,0.9,20,20,3608
musique,1.0,0.9285714285714286,28,embedding_last_query,0.9,20,20,3608
musique,1.0,1.0,28,random,1.0,20,20,4009
musique,1.0,1.0,28,chunk_head,1.0,20,20,4009
musique,1.0,1.0,28,embedding_max,1.0,20,20,4009
musique,1.0,1.0,28,embedding_mean_query,1.0,20,20,4009
musique,1.0,1.0,28,embedding_last_query,1.0,20,20,4009
musique,0.0,0.0,13,random,0.0,22,22,0
musique,0.0,0.0,13,chunk_head,0.0,22,22,0
musique,0.0,0.0,13,embedding_max,0.0,22,22,0
musique,0.0,0.0,13,embedding_mean_query,0.0,22,22,0
musique,0.0,0.0,13,embedding_last_query,0.0,22,22,0
musique,1.0,0.15384615384615385,13,random,0.1,22,22,401
musique,1.0,0.23076923076923078,13,chunk_head,0.1,22,22,401
musique,1.0,0.07692307692307693,13,embedding_max,0.1,22,22,401
musique,1.0,0.07692307692307693,13,embedding_mean_query,0.1,22,22,401
musique,1.0,0.15384615384615385,13,embedding_last_query,0.1,22,22,401
musique,1.0,0.3076923076923077,13,random,0.2,22,22,802
musique,1.0,1.0,13,chunk_head,0.2,22,22,802
musique,1.0,0.3076923076923077,13,embedding_max,0.2,22,22,802
musique,1.0,0.23076923076923078,13,embedding_mean_query,0.2,22,22,802
musique,1.0,0.15384615384615385,13,embedding_last_query,0.2,22,22,802
musique,1.0,0.23076923076923078,13,random,0.3,22,22,1203
musique,1.0,1.0,13,chunk_head,0.3,22,22,1203
musique,1.0,0.46153846153846156,13,embedding_max,0.3,22,22,1203
musique,1.0,0.38461538461538464,13,embedding_mean_query,0.3,22,22,1203
musique,1.0,0.23076923076923078,13,embedding_last_query,0.3,22,22,1203
musique,1.0,0.38461538461538464,13,random,0.4,22,22,1604
musique,1.0,1.0,13,chunk_head,0.4,22,22,1604
musique,1.0,0.6153846153846154,13,embedding_max,0.4,22,22,1604
musique,1.0,0.5384615384615384,13,embedding_mean_query,0.4,22,22,1604
musique,1.0,0.46153846153846156,13,embedding_last_query,0.4,22,22,1604
musique,1.0,0.6923076923076923,13,random,0.5,22,22,2005
musique,1.0,1.0,13,chunk_head,0.5,22,22,2005
musique,1.0,0.7692307692307693,13,embedding_max,0.5,22,22,2005
musique,1.0,0.6153846153846154,13,embedding_mean_query,0.5,22,22,2005
musique,1.0,0.6153846153846154,13,embedding_last_query,0.5,22,22,2005
musique,1.0,0.3076923076923077,13,random,0.6,22,22,2406
musique,1.0,1.0,13,chunk_head,0.6,22,22,2406
musique,1.0,0.8461538461538461,13,embedding_max,0.6,22,22,2406
musique,1.0,0.6153846153846154,13,embedding_mean_query,0.6,22,22,2406
musique,1.0,0.6923076923076923,13,embedding_last_query,0.6,22,22,2406
musique,1.0,0.7692307692307693,13,random,0.7,22,22,2807
musique,1.0,1.0,13,chunk_head,0.7,22,22,2807
musique,1.0,0.8461538461538461,13,embedding_max,0.7,22,22,2807
musique,1.0,0.6923076923076923,13,embedding_mean_query,0.7,22,22,2807
musique,1.0,0.6923076923076923,13,embedding_last_query,0.7,22,22,2807
musique,1.0,0.8461538461538461,13,random,0.8,22,22,3208
musique,1.0,1.0,13,chunk_head,0.8,22,22,3208
musique,1.0,0.8461538461538461,13,embedding_max,0.8,22,22,3208
musique,1.0,0.7692307692307693,13,embedding_mean_query,0.8,22,22,3208
musique,1.0,0.7692307692307693,13,embedding_last_query,0.8,22,22,3208
musique,1.0,1.0,13,random,0.9,22,22,3609
musique,1.0,1.0,13,chunk_head,0.9,22,22,3609
musique,1.0,0.9230769230769231,13,embedding_max,0.9,22,22,3609
musique,1.0,0.8461538461538461,13,embedding_mean_query,0.9,22,22,3609
musique,1.0,0.9230769230769231,13,embedding_last_query,0.9,22,22,3609
musique,1.0,1.0,13,random,1.0,22,22,4010
musique,1.0,1.0,13,chunk_head,1.0,22,22,4010
musique,1.0,1.0,13,embedding_max,1.0,22,22,4010
musique,1.0,1.0,13,embedding_mean_query,1.0,22,22,4010
musique,1.0,1.0,13,embedding_last_query,1.0,22,22,4010
musique,0.0,0.0,18,random,0.0,23,23,0
musique,0.0,0.0,18,chunk_head,0.0,23,23,0
musique,0.0,0.0,18,embedding_max,0.0,23,23,0
musique,0.0,0.0,18,embedding_mean_query,0.0,23,23,0
musique,0.0,0.0,18,embedding_last_query,0.0,23,23,0
musique,0.0,0.0,18,random,0.1,23,23,400
musique,0.0,0.0,18,chunk_head,0.1,23,23,400
musique,0.0,0.0,18,embedding_max,0.1,23,23,400
musique,0.0,0.0,18,embedding_mean_query,0.1,23,23,400
musique,1.0,0.05555555555555555,18,embedding_last_query,0.1,23,23,400
musique,1.0,0.16666666666666666,18,random,0.2,23,23,800
musique,0.0,0.0,18,chunk_head,0.2,23,23,800
musique,1.0,0.05555555555555555,18,embedding_max,0.2,23,23,800
musique,1.0,0.1111111111111111,18,embedding_mean_query,0.2,23,23,800
musique,1.0,0.1111111111111111,18,embedding_last_query,0.2,23,23,800
musique,1.0,0.4444444444444444,18,random,0.3,23,23,1201
musique,0.0,0.0,18,chunk_head,0.3,23,23,1201
musique,1.0,0.2222222222222222,18,embedding_max,0.3,23,23,1201
musique,1.0,0.3333333333333333,18,embedding_mean_query,0.3,23,23,1201
musique,1.0,0.2222222222222222,18,embedding_last_query,0.3,23,23,1201
musique,1.0,0.3333333333333333,18,random,0.4,23,23,1601
musique,0.0,0.0,18,chunk_head,0.4,23,23,1601
musique,1.0,0.3333333333333333,18,embedding_max,0.4,23,23,1601
musique,1.0,0.4444444444444444,18,embedding_mean_query,0.4,23,23,1601
musique,1.0,0.3333333333333333,18,embedding_last_query,0.4,23,23,1601
musique,1.0,0.4444444444444444,18,random,0.5,23,23,2002
musique,0.0,0.0,18,chunk_head,0.5,23,23,2002
musique,1.0,0.5555555555555556,18,embedding_max,0.5,23,23,2002
musique,1.0,0.5555555555555556,18,embedding_mean_query,0.5,23,23,2002
musique,1.0,0.5,18,embedding_last_query,0.5,23,23,2002
musique,1.0,0.7222222222222222,18,random,0.6,23,23,2402
musique,0.0,0.0,18,chunk_head,0.6,23,23,2402
musique,1.0,0.6666666666666666,18,embedding_max,0.6,23,23,2402
musique,1.0,0.6666666666666666,18,embedding_mean_query,0.6,23,23,2402
musique,1.0,0.5,18,embedding_last_query,0.6,23,23,2402
musique,1.0,0.6666666666666666,18,random,0.7,23,23,2802
musique,0.0,0.0,18,chunk_head,0.7,23,23,2802
musique,1.0,0.7777777777777778,18,embedding_max,0.7,23,23,2802
musique,1.0,0.6666666666666666,18,embedding_mean_query,0.7,23,23,2802
musique,1.0,0.6666666666666666,18,embedding_last_query,0.7,23,23,2802
musique,1.0,0.8333333333333334,18,random,0.8,23,23,3203
musique,0.0,0.0,18,chunk_head,0.8,23,23,3203
musique,1.0,0.8333333333333334,18,embedding_max,0.8,23,23,3203
musique,1.0,0.7777777777777778,18,embedding_mean_query,0.8,23,23,3203
musique,1.0,0.7777777777777778,18,embedding_last_query,0.8,23,23,3203
musique,1.0,0.9444444444444444,18,random,0.9,23,23,3603
musique,0.0,0.0,18,chunk_head,0.9,23,23,3603
musique,1.0,0.8888888888888888,18,embedding_max,0.9,23,23,3603
musique,1.0,0.8333333333333334,18,embedding_mean_query,0.9,23,23,3603
musique,1.0,0.9444444444444444,18,embedding_last_query,0.9,23,23,3603
musique,1.0,1.0,18,random,1.0,23,23,4004
musique,1.0,1.0,18,chunk_head,1.0,23,23,4004
musique,1.0,1.0,18,embedding_max,1.0,23,23,4004
musique,1.0,1.0,18,embedding_mean_query,1.0,23,23,4004
musique,1.0,1.0,18,embedding_last_query,1.0,23,23,4004
musique,0.0,0.0,39,random,0.0,30,30,0
musique,0.0,0.0,39,chunk_head,0.0,30,30,0
musique,0.0,0.0,39,embedding_max,0.0,30,30,0
musique,0.0,0.0,39,embedding_mean_query,0.0,30,30,0
musique,0.0,0.0,39,embedding_last_query,0.0,30,30,0
musique,1.0,0.1794871794871795,39,random,0.1,30,30,400
musique,0.0,0.0,39,chunk_head,0.1,30,30,400
musique,1.0,0.02564102564102564,39,embedding_max,0.1,30,30,400
musique,1.0,0.02564102564102564,39,embedding_mean_query,0.1,30,30,400
musique,1.0,0.23076923076923078,39,embedding_last_query,0.1,30,30,400
musique,1.0,0.1282051282051282,39,random,0.2,30,30,800
musique,1.0,0.3333333333333333,39,chunk_head,0.2,30,30,800
musique,1.0,0.05128205128205128,39,embedding_max,0.2,30,30,800
musique,1.0,0.15384615384615385,39,embedding_mean_query,0.2,30,30,800
musique,1.0,0.2564102564102564,39,embedding_last_query,0.2,30,30,800
musique,1.0,0.20512820512820512,39,random,0.3,30,30,1200
musique,1.0,0.3333333333333333,39,chunk_head,0.3,30,30,1200
musique,1.0,0.28205128205128205,39,embedding_max,0.3,30,30,1200
musique,1.0,0.3333333333333333,39,embedding_mean_query,0.3,30,30,1200
musique,1.0,0.28205128205128205,39,embedding_last_query,0.3,30,30,1200
musique,1.0,0.48717948717948717,39,random,0.4,30,30,1601
musique,1.0,1.0,39,chunk_head,0.4,30,30,1601
musique,1.0,0.358974358974359,39,embedding_max,0.4,30,30,1601
musique,1.0,0.358974358974359,39,embedding_mean_query,0.4,30,30,1601
musique,1.0,0.48717948717948717,39,embedding_last_query,0.4,30,30,1601
musique,1.0,0.48717948717948717,39,random,0.5,30,30,2001
musique,1.0,1.0,39,chunk_head,0.5,30,30,2001
musique,1.0,0.41025641025641024,39,embedding_max,0.5,30,30,2001
musique,1.0,0.46153846153846156,39,embedding_mean_query,0.5,30,30,2001
musique,1.0,0.5128205128205128,39,embedding_last_query,0.5,30,30,2001
musique,1.0,0.46153846153846156,39,random,0.6,30,30,2401
musique,1.0,1.0,39,chunk_head,0.6,30,30,2401
musique,1.0,0.46153846153846156,39,embedding_max,0.6,30,30,2401
musique,1.0,0.5641025641025641,39,embedding_mean_query,0.6,30,30,2401
musique,1.0,0.5641025641025641,39,embedding_last_query,0.6,30,30,2401
musique,1.0,0.717948717948718,39,random,0.7,30,30,2802
musique,1.0,1.0,39,chunk_head,0.7,30,30,2802
musique,1.0,0.6410256410256411,39,embedding_max,0.7,30,30,2802
musique,1.0,0.717948717948718,39,embedding_mean_query,0.7,30,30,2802
musique,1.0,0.6923076923076923,39,embedding_last_query,0.7,30,30,2802
musique,1.0,0.8205128205128205,39,random,0.8,30,30,3202
musique,1.0,1.0,39,chunk_head,0.8,30,30,3202
musique,1.0,0.717948717948718,39,embedding_max,0.8,30,30,3202
musique,1.0,0.717948717948718,39,embedding_mean_query,0.8,30,30,3202
musique,1.0,0.7435897435897436,39,embedding_last_query,0.8,30,30,3202
musique,1.0,0.8461538461538461,39,random,0.9,30,30,3602
musique,1.0,1.0,39,chunk_head,0.9,30,30,3602
musique,1.0,0.7948717948717948,39,embedding_max,0.9,30,30,3602
musique,1.0,0.7435897435897436,39,embedding_mean_query,0.9,30,30,3602
musique,1.0,0.8717948717948718,39,embedding_last_query,0.9,30,30,3602
musique,1.0,1.0,39,random,1.0,30,30,4003
musique,1.0,1.0,39,chunk_head,1.0,30,30,4003
musique,1.0,1.0,39,embedding_max,1.0,30,30,4003
musique,1.0,1.0,39,embedding_mean_query,1.0,30,30,4003
musique,1.0,1.0,39,embedding_last_query,1.0,30,30,4003
musique,0.0,0.0,48,random,0.0,31,31,0
musique,0.0,0.0,48,chunk_head,0.0,31,31,0
musique,0.0,0.0,48,embedding_max,0.0,31,31,0
musique,0.0,0.0,48,embedding_mean_query,0.0,31,31,0
musique,0.0,0.0,48,embedding_last_query,0.0,31,31,0
musique,1.0,0.08333333333333333,48,random,0.1,31,31,400
musique,1.0,0.25,48,chunk_head,0.1,31,31,400
musique,0.0,0.0,48,embedding_max,0.1,31,31,400
musique,0.0,0.0,48,embedding_mean_query,0.1,31,31,400
musique,1.0,0.25,48,embedding_last_query,0.1,31,31,400
musique,1.0,0.16666666666666666,48,random,0.2,31,31,801
musique,1.0,0.5,48,chunk_head,0.2,31,31,801
musique,1.0,0.08333333333333333,48,embedding_max,0.2,31,31,801
musique,1.0,0.08333333333333333,48,embedding_mean_query,0.2,31,31,801
musique,1.0,0.25,48,embedding_last_query,0.2,31,31,801
musique,1.0,0.25,48,random,0.3,31,31,1201
musique,1.0,0.5,48,chunk_head,0.3,31,31,1201
musique,1.0,0.08333333333333333,48,embedding_max,0.3,31,31,1201
musique,1.0,0.2916666666666667,48,embedding_mean_query,0.3,31,31,1201
musique,1.0,0.25,48,embedding_last_query,0.3,31,31,1201
musique,1.0,0.4583333333333333,48,random,0.4,31,31,1602
musique,1.0,0.5,48,chunk_head,0.4,31,31,1602
musique,1.0,0.3333333333333333,48,embedding_max,0.4,31,31,1602
musique,1.0,0.3333333333333333,48,embedding_mean_query,0.4,31,31,1602
musique,1.0,0.3333333333333333,48,embedding_last_query,0.4,31,31,1602
musique,1.0,0.4791666666666667,48,random,0.5,31,31,2002
musique,1.0,0.5,48,chunk_head,0.5,31,31,2002
musique,1.0,0.3333333333333333,48,embedding_max,0.5,31,31,2002
musique,1.0,0.3333333333333333,48,embedding_mean_query,0.5,31,31,2002
musique,1.0,0.4166666666666667,48,embedding_last_query,0.5,31,31,2002
musique,1.0,0.5833333333333334,48,random,0.6,31,31,2403
musique,1.0,0.5,48,chunk_head,0.6,31,31,2403
musique,1.0,0.5833333333333334,48,embedding_max,0.6,31,31,2403
musique,1.0,0.5,48,embedding_mean_query,0.6,31,31,2403
musique,1.0,0.5833333333333334,48,embedding_last_query,0.6,31,31,2403
musique,1.0,0.6458333333333334,48,random,0.7,31,31,2803
musique,1.0,0.75,48,chunk_head,0.7,31,31,2803
musique,1.0,0.75,48,embedding_max,0.7,31,31,2803
musique,1.0,0.75,48,embedding_mean_query,0.7,31,31,2803
musique,1.0,0.5833333333333334,48,embedding_last_query,0.7,31,31,2803
musique,1.0,0.8333333333333334,48,random,0.8,31,31,3204
musique,1.0,1.0,48,chunk_head,0.8,31,31,3204
musique,1.0,0.75,48,embedding_max,0.8,31,31,3204
musique,1.0,0.75,48,embedding_mean_query,0.8,31,31,3204
musique,1.0,0.75,48,embedding_last_query,0.8,31,31,3204
musique,1.0,0.9375,48,random,0.9,31,31,3604
musique,1.0,1.0,48,chunk_head,0.9,31,31,3604
musique,1.0,0.9166666666666666,48,embedding_max,0.9,31,31,3604
musique,1.0,0.75,48,embedding_mean_query,0.9,31,31,3604
musique,1.0,1.0,48,embedding_last_query,0.9,31,31,3604
musique,1.0,1.0,48,random,1.0,31,31,4005
musique,1.0,1.0,48,chunk_head,1.0,31,31,4005
musique,1.0,1.0,48,embedding_max,1.0,31,31,4005
musique,1.0,1.0,48,embedding_mean_query,1.0,31,31,4005
musique,1.0,1.0,48,embedding_last_query,1.0,31,31,4005
musique,0.0,0.0,52,random,0.0,32,32,0
musique,0.0,0.0,52,chunk_head,0.0,32,32,0
musique,0.0,0.0,52,embedding_max,0.0,32,32,0
musique,0.0,0.0,52,embedding_mean_query,0.0,32,32,0
musique,0.0,0.0,52,embedding_last_query,0.0,32,32,0
musique,1.0,0.07692307692307693,52,random,0.1,32,32,400
musique,1.0,0.5,52,chunk_head,0.1,32,32,400
musique,1.0,0.038461538461538464,52,embedding_max,0.1,32,32,400
musique,1.0,0.038461538461538464,52,embedding_mean_query,0.1,32,32,400
musique,1.0,0.057692307692307696,52,embedding_last_query,0.1,32,32,400
musique,1.0,0.17307692307692307,52,random,0.2,32,32,801
musique,1.0,0.5,52,chunk_head,0.2,32,32,801
musique,1.0,0.057692307692307696,52,embedding_max,0.2,32,32,801
musique,1.0,0.057692307692307696,52,embedding_mean_query,0.2,32,32,801
musique,1.0,0.1346153846153846,52,embedding_last_query,0.2,32,32,801
musique,1.0,0.34615384615384615,52,random,0.3,32,32,1202
musique,1.0,0.5,52,chunk_head,0.3,32,32,1202
musique,1.0,0.09615384615384616,52,embedding_max,0.3,32,32,1202
musique,1.0,0.21153846153846154,52,embedding_mean_query,0.3,32,32,1202
musique,1.0,0.1346153846153846,52,embedding_last_query,0.3,32,32,1202
musique,1.0,0.38461538461538464,52,random,0.4,32,32,1603
musique,1.0,0.5,52,chunk_head,0.4,32,32,1603
musique,1.0,0.21153846153846154,52,embedding_max,0.4,32,32,1603
musique,1.0,0.25,52,embedding_mean_query,0.4,32,32,1603
musique,1.0,0.17307692307692307,52,embedding_last_query,0.4,32,32,1603
musique,1.0,0.5192307692307693,52,random,0.5,32,32,2004
musique,1.0,0.5,52,chunk_head,0.5,32,32,2004
musique,1.0,0.3076923076923077,52,embedding_max,0.5,32,32,2004
musique,1.0,0.28846153846153844,52,embedding_mean_query,0.5,32,32,2004
musique,1.0,0.25,52,embedding_last_query,0.5,32,32,2004
musique,1.0,0.5769230769230769,52,random,0.6,32,32,2404
musique,1.0,0.5,52,chunk_head,0.6,32,32,2404
musique,1.0,0.40384615384615385,52,embedding_max,0.6,32,32,2404
musique,1.0,0.28846153846153844,52,embedding_mean_query,0.6,32,32,2404
musique,1.0,0.38461538461538464,52,embedding_last_query,0.6,32,32,2404
musique,1.0,0.7307692307692307,52,random,0.7,32,32,2805
musique,1.0,1.0,52,chunk_head,0.7,32,32,2805
musique,1.0,0.5192307692307693,52,embedding_max,0.7,32,32,2805
musique,1.0,0.38461538461538464,52,embedding_mean_query,0.7,32,32,2805
musique,1.0,0.5384615384615384,52,embedding_last_query,0.7,32,32,2805
musique,1.0,0.6923076923076923,52,random,0.8,32,32,3206
musique,1.0,1.0,52,chunk_head,0.8,32,32,3206
musique,1.0,0.6730769230769231,52,embedding_max,0.8,32,32,3206
musique,1.0,0.5769230769230769,52,embedding_mean_query,0.8,32,32,3206
musique,1.0,0.6538461538461539,52,embedding_last_query,0.8,32,32,3206
musique,1.0,0.8461538461538461,52,random,0.9,32,32,3607
musique,1.0,1.0,52,chunk_head,0.9,32,32,3607
musique,1.0,0.7692307692307693,52,embedding_max,0.9,32,32,3607
musique,1.0,0.7692307692307693,52,embedding_mean_query,0.9,32,32,3607
musique,1.0,0.75,52,embedding_last_query,0.9,32,32,3607
musique,1.0,1.0,52,random,1.0,32,32,4008
musique,1.0,1.0,52,chunk_head,1.0,32,32,4008
musique,1.0,1.0,52,embedding_max,1.0,32,32,4008
musique,1.0,1.0,52,embedding_mean_query,1.0,32,32,4008
musique,1.0,1.0,52,embedding_last_query,1.0,32,32,4008
musique,0.0,0.0,28,random,0.0,34,34,0
musique,0.0,0.0,28,chunk_head,0.0,34,34,0
musique,0.0,0.0,28,embedding_max,0.0,34,34,0
musique,0.0,0.0,28,embedding_mean_query,0.0,34,34,0
musique,0.0,0.0,28,embedding_last_query,0.0,34,34,0
musique,1.0,0.21428571428571427,28,random,0.1,34,34,400
musique,0.0,0.0,28,chunk_head,0.1,34,34,400
musique,1.0,0.2857142857142857,28,embedding_max,0.1,34,34,400
musique,1.0,0.2857142857142857,28,embedding_mean_query,0.1,34,34,400
musique,1.0,0.14285714285714285,28,embedding_last_query,0.1,34,34,400
musique,1.0,0.14285714285714285,28,random,0.2,34,34,801
musique,0.0,0.0,28,chunk_head,0.2,34,34,801
musique,1.0,0.42857142857142855,28,embedding_max,0.2,34,34,801
musique,1.0,0.5,28,embedding_mean_query,0.2,34,34,801
musique,1.0,0.21428571428571427,28,embedding_last_query,0.2,34,34,801
musique,1.0,0.21428571428571427,28,random,0.3,34,34,1202
musique,0.0,0.0,28,chunk_head,0.3,34,34,1202
musique,1.0,0.5357142857142857,28,embedding_max,0.3,34,34,1202
musique,1.0,0.5,28,embedding_mean_query,0.3,34,34,1202
musique,1.0,0.21428571428571427,28,embedding_last_query,0.3,34,34,1202
musique,1.0,0.2857142857142857,28,random,0.4,34,34,1603
musique,0.0,0.0,28,chunk_head,0.4,34,34,1603
musique,1.0,0.6428571428571429,28,embedding_max,0.4,34,34,1603
musique,1.0,0.5714285714285714,28,embedding_mean_query,0.4,34,34,1603
musique,1.0,0.21428571428571427,28,embedding_last_query,0.4,34,34,1603
musique,1.0,0.6071428571428571,28,random,0.5,34,34,2004
musique,0.0,0.0,28,chunk_head,0.5,34,34,2004
musique,1.0,0.7857142857142857,28,embedding_max,0.5,34,34,2004
musique,1.0,0.5714285714285714,28,embedding_mean_query,0.5,34,34,2004
musique,1.0,0.35714285714285715,28,embedding_last_query,0.5,34,34,2004
musique,1.0,0.75,28,random,0.6,34,34,2405
musique,0.0,0.0,28,chunk_head,0.6,34,34,2405
musique,1.0,0.7857142857142857,28,embedding_max,0.6,34,34,2405
musique,1.0,0.7142857142857143,28,embedding_mean_query,0.6,34,34,2405
musique,1.0,0.35714285714285715,28,embedding_last_query,0.6,34,34,2405
musique,1.0,0.75,28,random,0.7,34,34,2806
musique,1.0,0.5,28,chunk_head,0.7,34,34,2806
musique,1.0,0.8571428571428571,28,embedding_max,0.7,34,34,2806
musique,1.0,0.8571428571428571,28,embedding_mean_query,0.7,34,34,2806
musique,1.0,0.35714285714285715,28,embedding_last_query,0.7,34,34,2806
musique,1.0,0.7857142857142857,28,random,0.8,34,34,3207
musique,1.0,0.5,28,chunk_head,0.8,34,34,3207
musique,1.0,0.8571428571428571,28,embedding_max,0.8,34,34,3207
musique,1.0,1.0,28,embedding_mean_query,0.8,34,34,3207
musique,1.0,0.5714285714285714,28,embedding_last_query,0.8,34,34,3207
musique,1.0,1.0,28,random,0.9,34,34,3608
musique,1.0,1.0,28,chunk_head,0.9,34,34,3608
musique,1.0,0.8571428571428571,28,embedding_max,0.9,34,34,3608
musique,1.0,1.0,28,embedding_mean_query,0.9,34,34,3608
musique,1.0,0.9285714285714286,28,embedding_last_query,0.9,34,34,3608
musique,1.0,1.0,28,random,1.0,34,34,4009
musique,1.0,1.0,28,chunk_head,1.0,34,34,4009
musique,1.0,1.0,28,embedding_max,1.0,34,34,4009
musique,1.0,1.0,28,embedding_mean_query,1.0,34,34,4009
musique,1.0,1.0,28,embedding_last_query,1.0,34,34,4009
musique,0.0,0.0,65,random,0.0,35,35,0
musique,0.0,0.0,65,chunk_head,0.0,35,35,0
musique,0.0,0.0,65,embedding_max,0.0,35,35,0
musique,0.0,0.0,65,embedding_mean_query,0.0,35,35,0
musique,0.0,0.0,65,embedding_last_query,0.0,35,35,0
musique,1.0,0.07692307692307693,65,random,0.1,35,35,400
musique,1.0,0.2,65,chunk_head,0.1,35,35,400
musique,0.0,0.0,65,embedding_max,0.1,35,35,400
musique,0.0,0.0,65,embedding_mean_query,0.1,35,35,400
musique,1.0,0.07692307692307693,65,embedding_last_query,0.1,35,35,400
musique,1.0,0.18461538461538463,65,random,0.2,35,35,800
musique,1.0,0.2,65,chunk_head,0.2,35,35,800
musique,1.0,0.07692307692307693,65,embedding_max,0.2,35,35,800
musique,1.0,0.07692307692307693,65,embedding_mean_query,0.2,35,35,800
musique,1.0,0.07692307692307693,65,embedding_last_query,0.2,35,35,800
musique,1.0,0.3230769230769231,65,random,0.3,35,35,1200
musique,1.0,0.4,65,chunk_head,0.3,35,35,1200
musique,1.0,0.15384615384615385,65,embedding_max,0.3,35,35,1200
musique,1.0,0.15384615384615385,65,embedding_mean_query,0.3,35,35,1200
musique,1.0,0.07692307692307693,65,embedding_last_query,0.3,35,35,1200
musique,1.0,0.4461538461538462,65,random,0.4,35,35,1601
musique,1.0,0.4,65,chunk_head,0.4,35,35,1601
musique,1.0,0.23076923076923078,65,embedding_max,0.4,35,35,1601
musique,1.0,0.23076923076923078,65,embedding_mean_query,0.4,35,35,1601
musique,1.0,0.23076923076923078,65,embedding_last_query,0.4,35,35,1601
musique,1.0,0.5846153846153846,65,random,0.5,35,35,2001
musique,1.0,0.6,65,chunk_head,0.5,35,35,2001
musique,1.0,0.23076923076923078,65,embedding_max,0.5,35,35,2001
musique,1.0,0.46153846153846156,65,embedding_mean_query,0.5,35,35,2001
musique,1.0,0.2923076923076923,65,embedding_last_query,0.5,35,35,2001
musique,1.0,0.5846153846153846,65,random,0.6,35,35,2401
musique,1.0,0.8,65,chunk_head,0.6,35,35,2401
musique,1.0,0.3076923076923077,65,embedding_max,0.6,35,35,2401
musique,1.0,0.5384615384615384,65,embedding_mean_query,0.6,35,35,2401
musique,1.0,0.5384615384615384,65,embedding_last_query,0.6,35,35,2401
musique,1.0,0.7230769230769231,65,random,0.7,35,35,2802
musique,1.0,0.8,65,chunk_head,0.7,35,35,2802
musique,1.0,0.5384615384615384,65,embedding_max,0.7,35,35,2802
musique,1.0,0.5384615384615384,65,embedding_mean_query,0.7,35,35,2802
musique,1.0,0.6153846153846154,65,embedding_last_query,0.7,35,35,2802
musique,1.0,0.676923076923077,65,random,0.8,35,35,3202
musique,1.0,1.0,65,chunk_head,0.8,35,35,3202
musique,1.0,0.7692307692307693,65,embedding_max,0.8,35,35,3202
musique,1.0,0.7692307692307693,65,embedding_mean_query,0.8,35,35,3202
musique,1.0,0.8461538461538461,65,embedding_last_query,0.8,35,35,3202
musique,1.0,0.9076923076923077,65,random,0.9,35,35,3602
musique,1.0,1.0,65,chunk_head,0.9,35,35,3602
musique,1.0,0.8461538461538461,65,embedding_max,0.9,35,35,3602
musique,1.0,0.9230769230769231,65,embedding_mean_query,0.9,35,35,3602
musique,1.0,0.9230769230769231,65,embedding_last_query,0.9,35,35,3602
musique,1.0,1.0,65,random,1.0,35,35,4003
musique,1.0,1.0,65,chunk_head,1.0,35,35,4003
musique,1.0,1.0,65,embedding_max,1.0,35,35,4003
musique,1.0,1.0,65,embedding_mean_query,1.0,35,35,4003
musique,1.0,1.0,65,embedding_last_query,1.0,35,35,4003
musique,0.0,0.0,45,random,0.0,39,39,0
musique,0.0,0.0,45,chunk_head,0.0,39,39,0
musique,0.0,0.0,45,embedding_max,0.0,39,39,0
musique,0.0,0.0,45,embedding_mean_query,0.0,39,39,0
musique,0.0,0.0,45,embedding_last_query,0.0,39,39,0
musique,1.0,0.06666666666666667,45,random,0.1,39,39,400
musique,0.0,0.0,45,chunk_head,0.1,39,39,400
musique,1.0,0.1111111111111111,45,embedding_max,0.1,39,39,400
musique,1.0,0.13333333333333333,45,embedding_mean_query,0.1,39,39,400
musique,1.0,0.1111111111111111,45,embedding_last_query,0.1,39,39,400
musique,1.0,0.1111111111111111,45,random,0.2,39,39,801
musique,0.0,0.0,45,chunk_head,0.2,39,39,801
musique,1.0,0.3333333333333333,45,embedding_max,0.2,39,39,801
musique,1.0,0.26666666666666666,45,embedding_mean_query,0.2,39,39,801
musique,1.0,0.2,45,embedding_last_query,0.2,39,39,801
musique,1.0,0.28888888888888886,45,random,0.3,39,39,1202
musique,0.0,0.0,45,chunk_head,0.3,39,39,1202
musique,1.0,0.4,45,embedding_max,0.3,39,39,1202
musique,1.0,0.3333333333333333,45,embedding_mean_query,0.3,39,39,1202
musique,1.0,0.3333333333333333,45,embedding_last_query,0.3,39,39,1202
musique,1.0,0.4444444444444444,45,random,0.4,39,39,1603
musique,0.0,0.0,45,chunk_head,0.4,39,39,1603
musique,1.0,0.6,45,embedding_max,0.4,39,39,1603
musique,1.0,0.3333333333333333,45,embedding_mean_query,0.4,39,39,1603
musique,1.0,0.4666666666666667,45,embedding_last_query,0.4,39,39,1603
musique,1.0,0.4444444444444444,45,random,0.5,39,39,2004
musique,1.0,0.3333333333333333,45,chunk_head,0.5,39,39,2004
musique,1.0,0.6,45,embedding_max,0.5,39,39,2004
musique,1.0,0.5333333333333333,45,embedding_mean_query,0.5,39,39,2004
musique,1.0,0.5333333333333333,45,embedding_last_query,0.5,39,39,2004
musique,1.0,0.5333333333333333,45,random,0.6,39,39,2404
musique,1.0,0.6666666666666666,45,chunk_head,0.6,39,39,2404
musique,1.0,0.6,45,embedding_max,0.6,39,39,2404
musique,1.0,0.5333333333333333,45,embedding_mean_query,0.6,39,39,2404
musique,1.0,0.7333333333333333,45,embedding_last_query,0.6,39,39,2404
musique,1.0,0.7333333333333333,45,random,0.7,39,39,2805
musique,1.0,0.6666666666666666,45,chunk_head,0.7,39,39,2805
musique,1.0,0.6666666666666666,45,embedding_max,0.7,39,39,2805
musique,1.0,0.6666666666666666,45,embedding_mean_query,0.7,39,39,2805
musique,1.0,0.7333333333333333,45,embedding_last_query,0.7,39,39,2805
musique,1.0,0.8222222222222222,45,random,0.8,39,39,3206
musique,1.0,1.0,45,chunk_head,0.8,39,39,3206
musique,1.0,0.8666666666666667,45,embedding_max,0.8,39,39,3206
musique,1.0,0.8,45,embedding_mean_query,0.8,39,39,3206
musique,1.0,0.7333333333333333,45,embedding_last_query,0.8,39,39,3206
musique,1.0,0.9333333333333333,45,random,0.9,39,39,3607
musique,1.0,1.0,45,chunk_head,0.9,39,39,3607
musique,1.0,0.9333333333333333,45,embedding_max,0.9,39,39,3607
musique,1.0,0.9333333333333333,45,embedding_mean_query,0.9,39,39,3607
musique,1.0,0.8888888888888888,45,embedding_last_query,0.9,39,39,3607
musique,1.0,1.0,45,random,1.0,39,39,4008
musique,1.0,1.0,45,chunk_head,1.0,39,39,4008
musique,1.0,1.0,45,embedding_max,1.0,39,39,4008
musique,1.0,1.0,45,embedding_mean_query,1.0,39,39,4008
musique,1.0,1.0,45,embedding_last_query,1.0,39,39,4008
musique,0.0,0.0,17,random,0.0,43,43,0
musique,0.0,0.0,17,chunk_head,0.0,43,43,0
musique,0.0,0.0,17,embedding_max,0.0,43,43,0
musique,0.0,0.0,17,embedding_mean_query,0.0,43,43,0
musique,0.0,0.0,17,embedding_last_query,0.0,43,43,0
musique,1.0,0.11764705882352941,17,random,0.1,43,43,400
musique,0.0,0.0,17,chunk_head,0.1,43,43,400
musique,0.0,0.0,17,embedding_max,0.1,43,43,400
musique,0.0,0.0,17,embedding_mean_query,0.1,43,43,400
musique,1.0,0.058823529411764705,17,embedding_last_query,0.1,43,43,400
musique,1.0,0.29411764705882354,17,random,0.2,43,43,800
musique,0.0,0.0,17,chunk_head,0.2,43,43,800
musique,1.0,0.058823529411764705,17,embedding_max,0.2,43,43,800
musique,0.0,0.0,17,embedding_mean_query,0.2,43,43,800
musique,1.0,0.11764705882352941,17,embedding_last_query,0.2,43,43,800
musique,1.0,0.4117647058823529,17,random,0.3,43,43,1200
musique,0.0,0.0,17,chunk_head,0.3,43,43,1200
musique,1.0,0.11764705882352941,17,embedding_max,0.3,43,43,1200
musique,1.0,0.058823529411764705,17,embedding_mean_query,0.3,43,43,1200
musique,1.0,0.11764705882352941,17,embedding_last_query,0.3,43,43,1200
musique,1.0,0.5882352941176471,17,random,0.4,43,43,1600
musique,0.0,0.0,17,chunk_head,0.4,43,43,1600
musique,1.0,0.23529411764705882,17,embedding_max,0.4,43,43,1600
musique,1.0,0.23529411764705882,17,embedding_mean_query,0.4,43,43,1600
musique,1.0,0.17647058823529413,17,embedding_last_query,0.4,43,43,1600
musique,1.0,0.6470588235294118,17,random,0.5,43,43,2000
musique,0.0,0.0,17,chunk_head,0.5,43,43,2000
musique,1.0,0.47058823529411764,17,embedding_max,0.5,43,43,2000
musique,1.0,0.29411764705882354,17,embedding_mean_query,0.5,43,43,2000
musique,1.0,0.23529411764705882,17,embedding_last_query,0.5,43,43,2000
musique,1.0,0.47058823529411764,17,random,0.6,43,43,2400
musique,0.0,0.0,17,chunk_head,0.6,43,43,2400
musique,1.0,0.5882352941176471,17,embedding_max,0.6,43,43,2400
musique,1.0,0.5294117647058824,17,embedding_mean_query,0.6,43,43,2400
musique,1.0,0.35294117647058826,17,embedding_last_query,0.6,43,43,2400
musique,1.0,0.7647058823529411,17,random,0.7,43,43,2800
musique,0.0,0.0,17,chunk_head,0.7,43,43,2800
musique,1.0,0.7058823529411765,17,embedding_max,0.7,43,43,2800
musique,1.0,0.7647058823529411,17,embedding_mean_query,0.7,43,43,2800
musique,1.0,0.5294117647058824,17,embedding_last_query,0.7,43,43,2800
musique,1.0,0.7058823529411765,17,random,0.8,43,43,3200
musique,1.0,1.0,17,chunk_head,0.8,43,43,3200
musique,1.0,0.8823529411764706,17,embedding_max,0.8,43,43,3200
musique,1.0,0.8823529411764706,17,embedding_mean_query,0.8,43,43,3200
musique,1.0,0.6470588235294118,17,embedding_last_query,0.8,43,43,3200
musique,1.0,0.9411764705882353,17,random,0.9,43,43,3600
musique,1.0,1.0,17,chunk_head,0.9,43,43,3600
musique,1.0,1.0,17,embedding_max,0.9,43,43,3600
musique,1.0,0.9411764705882353,17,embedding_mean_query,0.9,43,43,3600
musique,1.0,0.7058823529411765,17,embedding_last_query,0.9,43,43,3600
musique,1.0,1.0,17,random,1.0,43,43,4000
musique,1.0,1.0,17,chunk_head,1.0,43,43,4000
musique,1.0,1.0,17,embedding_max,1.0,43,43,4000
musique,1.0,1.0,17,embedding_mean_query,1.0,43,43,4000
musique,1.0,1.0,17,embedding_last_query,1.0,43,43,4000
musique,0.0,0.0,32,random,0.0,44,44,0
musique,0.0,0.0,32,chunk_head,0.0,44,44,0
musique,0.0,0.0,32,embedding_max,0.0,44,44,0
musique,0.0,0.0,32,embedding_mean_query,0.0,44,44,0
musique,0.0,0.0,32,embedding_last_query,0.0,44,44,0
musique,1.0,0.15625,32,random,0.1,44,44,400
musique,0.0,0.0,32,chunk_head,0.1,44,44,400
musique,1.0,0.0625,32,embedding_max,0.1,44,44,400
musique,1.0,0.0625,32,embedding_mean_query,0.1,44,44,400
musique,1.0,0.0625,32,embedding_last_query,0.1,44,44,400
musique,1.0,0.125,32,random,0.2,44,44,801
musique,0.0,0.0,32,chunk_head,0.2,44,44,801
musique,1.0,0.125,32,embedding_max,0.2,44,44,801
musique,1.0,0.125,32,embedding_mean_query,0.2,44,44,801
musique,1.0,0.125,32,embedding_last_query,0.2,44,44,801
musique,1.0,0.3125,32,random,0.3,44,44,1202
musique,0.0,0.0,32,chunk_head,0.3,44,44,1202
musique,1.0,0.1875,32,embedding_max,0.3,44,44,1202
musique,1.0,0.1875,32,embedding_mean_query,0.3,44,44,1202
musique,1.0,0.1875,32,embedding_last_query,0.3,44,44,1202
musique,1.0,0.34375,32,random,0.4,44,44,1602
musique,0.0,0.0,32,chunk_head,0.4,44,44,1602
musique,1.0,0.375,32,embedding_max,0.4,44,44,1602
musique,1.0,0.3125,32,embedding_mean_query,0.4,44,44,1602
musique,1.0,0.25,32,embedding_last_query,0.4,44,44,1602
musique,1.0,0.59375,32,random,0.5,44,44,2003
musique,0.0,0.0,32,chunk_head,0.5,44,44,2003
musique,1.0,0.5625,32,embedding_max,0.5,44,44,2003
musique,1.0,0.375,32,embedding_mean_query,0.5,44,44,2003
musique,1.0,0.3125,32,embedding_last_query,0.5,44,44,2003
musique,1.0,0.59375,32,random,0.6,44,44,2404
musique,0.0,0.0,32,chunk_head,0.6,44,44,2404
musique,1.0,0.5625,32,embedding_max,0.6,44,44,2404
musique,1.0,0.375,32,embedding_mean_query,0.6,44,44,2404
musique,1.0,0.3125,32,embedding_last_query,0.6,44,44,2404
musique,1.0,0.71875,32,random,0.7,44,44,2804
musique,1.0,0.5,32,chunk_head,0.7,44,44,2804
musique,1.0,0.5625,32,embedding_max,0.7,44,44,2804
musique,1.0,0.4375,32,embedding_mean_query,0.7,44,44,2804
musique,1.0,0.4375,32,embedding_last_query,0.7,44,44,2804
musique,1.0,0.78125,32,random,0.8,44,44,3205
musique,1.0,0.5,32,chunk_head,0.8,44,44,3205
musique,1.0,0.625,32,embedding_max,0.8,44,44,3205
musique,1.0,0.6875,32,embedding_mean_query,0.8,44,44,3205
musique,1.0,0.6875,32,embedding_last_query,0.8,44,44,3205
musique,1.0,0.84375,32,random,0.9,44,44,3606
musique,1.0,0.5,32,chunk_head,0.9,44,44,3606
musique,1.0,0.8125,32,embedding_max,0.9,44,44,3606
musique,1.0,0.875,32,embedding_mean_query,0.9,44,44,3606
musique,1.0,0.875,32,embedding_last_query,0.9,44,44,3606
musique,1.0,1.0,32,random,1.0,44,44,4007
musique,1.0,1.0,32,chunk_head,1.0,44,44,4007
musique,1.0,1.0,32,embedding_max,1.0,44,44,4007
musique,1.0,1.0,32,embedding_mean_query,1.0,44,44,4007
musique,1.0,1.0,32,embedding_last_query,1.0,44,44,4007
musique,0.0,0.0,156,random,0.0,45,45,0
musique,0.0,0.0,156,chunk_head,0.0,45,45,0
musique,0.0,0.0,156,embedding_max,0.0,45,45,0
musique,0.0,0.0,156,embedding_mean_query,0.0,45,45,0
musique,0.0,0.0,156,embedding_last_query,0.0,45,45,0
musique,1.0,0.09615384615384616,156,random,0.1,45,45,400
musique,1.0,0.16666666666666666,156,chunk_head,0.1,45,45,400
musique,1.0,0.07692307692307693,156,embedding_max,0.1,45,45,400
musique,1.0,0.07692307692307693,156,embedding_mean_query,0.1,45,45,400
musique,1.0,0.19230769230769232,156,embedding_last_query,0.1,45,45,400
musique,1.0,0.2564102564102564,156,random,0.2,45,45,801
musique,1.0,0.3333333333333333,156,chunk_head,0.2,45,45,801
musique,1.0,0.19230769230769232,156,embedding_max,0.2,45,45,801
musique,1.0,0.19230769230769232,156,embedding_mean_query,0.2,45,45,801
musique,1.0,0.3076923076923077,156,embedding_last_query,0.2,45,45,801
musique,1.0,0.30128205128205127,156,random,0.3,45,45,1201
musique,1.0,0.3333333333333333,156,chunk_head,0.3,45,45,1201
musique,1.0,0.4230769230769231,156,embedding_max,0.3,45,45,1201
musique,1.0,0.3076923076923077,156,embedding_mean_query,0.3,45,45,1201
musique,1.0,0.46153846153846156,156,embedding_last_query,0.3,45,45,1201
musique,1.0,0.4423076923076923,156,random,0.4,45,45,1602
musique,1.0,0.5,156,chunk_head,0.4,45,45,1602
musique,1.0,0.46153846153846156,156,embedding_max,0.4,45,45,1602
musique,1.0,0.46153846153846156,156,embedding_mean_query,0.4,45,45,1602
musique,1.0,0.5384615384615384,156,embedding_last_query,0.4,45,45,1602
musique,1.0,0.5448717948717948,156,random,0.5,45,45,2002
musique,1.0,0.5,156,chunk_head,0.5,45,45,2002
musique,1.0,0.5384615384615384,156,embedding_max,0.5,45,45,2002
musique,1.0,0.5384615384615384,156,embedding_mean_query,0.5,45,45,2002
musique,1.0,0.6153846153846154,156,embedding_last_query,0.5,45,45,2002
musique,1.0,0.5512820512820513,156,random,0.6,45,45,2403
musique,1.0,0.6666666666666666,156,chunk_head,0.6,45,45,2403
musique,1.0,0.7307692307692307,156,embedding_max,0.6,45,45,2403
musique,1.0,0.5384615384615384,156,embedding_mean_query,0.6,45,45,2403
musique,1.0,0.7307692307692307,156,embedding_last_query,0.6,45,45,2403
musique,1.0,0.7115384615384616,156,random,0.7,45,45,2803
musique,1.0,0.8333333333333334,156,chunk_head,0.7,45,45,2803
musique,1.0,0.8846153846153846,156,embedding_max,0.7,45,45,2803
musique,1.0,0.8653846153846154,156,embedding_mean_query,0.7,45,45,2803
musique,1.0,0.8076923076923077,156,embedding_last_query,0.7,45,45,2803
musique,1.0,0.8205128205128205,156,random,0.8,45,45,3204
musique,1.0,0.8333333333333334,156,chunk_head,0.8,45,45,3204
musique,1.0,0.9230769230769231,156,embedding_max,0.8,45,45,3204
musique,1.0,0.9615384615384616,156,embedding_mean_query,0.8,45,45,3204
musique,1.0,0.8846153846153846,156,embedding_last_query,0.8,45,45,3204
musique,1.0,0.8653846153846154,156,random,0.9,45,45,3604
musique,1.0,1.0,156,chunk_head,0.9,45,45,3604
musique,1.0,1.0,156,embedding_max,0.9,45,45,3604
musique,1.0,0.9615384615384616,156,embedding_mean_query,0.9,45,45,3604
musique,1.0,0.8846153846153846,156,embedding_last_query,0.9,45,45,3604
musique,1.0,1.0,156,random,1.0,45,45,4005
musique,1.0,1.0,156,chunk_head,1.0,45,45,4005
musique,1.0,1.0,156,embedding_max,1.0,45,45,4005
musique,1.0,1.0,156,embedding_mean_query,1.0,45,45,4005
musique,1.0,1.0,156,embedding_last_query,1.0,45,45,4005
musique,0.0,0.0,78,random,0.0,46,46,0
musique,0.0,0.0,78,chunk_head,0.0,46,46,0
musique,0.0,0.0,78,embedding_max,0.0,46,46,0
musique,0.0,0.0,78,embedding_mean_query,0.0,46,46,0
musique,0.0,0.0,78,embedding_last_query,0.0,46,46,0
musique,1.0,0.14102564102564102,78,random,0.1,46,46,400
musique,0.0,0.0,78,chunk_head,0.1,46,46,400
musique,1.0,0.07692307692307693,78,embedding_max,0.1,46,46,400
musique,1.0,0.07692307692307693,78,embedding_mean_query,0.1,46,46,400
musique,1.0,0.14102564102564102,78,embedding_last_query,0.1,46,46,400
musique,1.0,0.21794871794871795,78,random,0.2,46,46,801
musique,0.0,0.0,78,chunk_head,0.2,46,46,801
musique,1.0,0.11538461538461539,78,embedding_max,0.2,46,46,801
musique,1.0,0.23076923076923078,78,embedding_mean_query,0.2,46,46,801
musique,1.0,0.2692307692307692,78,embedding_last_query,0.2,46,46,801
musique,1.0,0.34615384615384615,78,random,0.3,46,46,1201
musique,0.0,0.0,78,chunk_head,0.3,46,46,1201
musique,1.0,0.38461538461538464,78,embedding_max,0.3,46,46,1201
musique,1.0,0.34615384615384615,78,embedding_mean_query,0.3,46,46,1201
musique,1.0,0.46153846153846156,78,embedding_last_query,0.3,46,46,1201
musique,1.0,0.32051282051282054,78,random,0.4,46,46,1602
musique,0.0,0.0,78,chunk_head,0.4,46,46,1602
musique,1.0,0.46153846153846156,78,embedding_max,0.4,46,46,1602
musique,1.0,0.46153846153846156,78,embedding_mean_query,0.4,46,46,1602
musique,1.0,0.5384615384615384,78,embedding_last_query,0.4,46,46,1602
musique,1.0,0.5512820512820513,78,random,0.5,46,46,2003
musique,1.0,0.3333333333333333,78,chunk_head,0.5,46,46,2003
musique,1.0,0.5384615384615384,78,embedding_max,0.5,46,46,2003
musique,1.0,0.7051282051282052,78,embedding_mean_query,0.5,46,46,2003
musique,1.0,0.6666666666666666,78,embedding_last_query,0.5,46,46,2003
musique,1.0,0.6666666666666666,78,random,0.6,46,46,2403
musique,1.0,0.3333333333333333,78,chunk_head,0.6,46,46,2403
musique,1.0,0.7307692307692307,78,embedding_max,0.6,46,46,2403
musique,1.0,0.8461538461538461,78,embedding_mean_query,0.6,46,46,2403
musique,1.0,0.7307692307692307,78,embedding_last_query,0.6,46,46,2403
musique,1.0,0.7948717948717948,78,random,0.7,46,46,2804
musique,1.0,0.3333333333333333,78,chunk_head,0.7,46,46,2804
musique,1.0,0.8846153846153846,78,embedding_max,0.7,46,46,2804
musique,1.0,0.8846153846153846,78,embedding_mean_query,0.7,46,46,2804
musique,1.0,0.8076923076923077,78,embedding_last_query,0.7,46,46,2804
musique,1.0,0.782051282051282,78,random,0.8,46,46,3204
musique,1.0,0.6666666666666666,78,chunk_head,0.8,46,46,3204
musique,1.0,0.9615384615384616,78,embedding_max,0.8,46,46,3204
musique,1.0,0.9615384615384616,78,embedding_mean_query,0.8,46,46,3204
musique,1.0,0.8846153846153846,78,embedding_last_query,0.8,46,46,3204
musique,1.0,0.8333333333333334,78,random,0.9,46,46,3605
musique,1.0,1.0,78,chunk_head,0.9,46,46,3605
musique,1.0,1.0,78,embedding_max,0.9,46,46,3605
musique,1.0,0.9615384615384616,78,embedding_mean_query,0.9,46,46,3605
musique,1.0,0.8846153846153846,78,embedding_last_query,0.9,46,46,3605
musique,1.0,1.0,78,random,1.0,46,46,4006
musique,1.0,1.0,78,chunk_head,1.0,46,46,4006
musique,1.0,1.0,78,embedding_max,1.0,46,46,4006
musique,1.0,1.0,78,embedding_mean_query,1.0,46,46,4006
musique,1.0,1.0,78,embedding_last_query,1.0,46,46,4006
musique,0.0,0.0,78,random,0.0,47,47,0
musique,0.0,0.0,78,chunk_head,0.0,47,47,0
musique,0.0,0.0,78,embedding_max,0.0,47,47,0
musique,0.0,0.0,78,embedding_mean_query,0.0,47,47,0
musique,0.0,0.0,78,embedding_last_query,0.0,47,47,0
musique,1.0,0.16666666666666666,78,random,0.1,47,47,400
musique,0.0,0.0,78,chunk_head,0.1,47,47,400
musique,1.0,0.07692307692307693,78,embedding_max,0.1,47,47,400
musique,1.0,0.07692307692307693,78,embedding_mean_query,0.1,47,47,400
musique,1.0,0.16666666666666666,78,embedding_last_query,0.1,47,47,400
musique,1.0,0.11538461538461539,78,random,0.2,47,47,800
musique,0.0,0.0,78,chunk_head,0.2,47,47,800
musique,1.0,0.11538461538461539,78,embedding_max,0.2,47,47,800
musique,1.0,0.15384615384615385,78,embedding_mean_query,0.2,47,47,800
musique,1.0,0.2564102564102564,78,embedding_last_query,0.2,47,47,800
musique,1.0,0.24358974358974358,78,random,0.3,47,47,1200
musique,0.0,0.0,78,chunk_head,0.3,47,47,1200
musique,1.0,0.3076923076923077,78,embedding_max,0.3,47,47,1200
musique,1.0,0.3076923076923077,78,embedding_mean_query,0.3,47,47,1200
musique,1.0,0.46153846153846156,78,embedding_last_query,0.3,47,47,1200
musique,1.0,0.38461538461538464,78,random,0.4,47,47,1601
musique,1.0,0.3333333333333333,78,chunk_head,0.4,47,47,1601
musique,1.0,0.4230769230769231,78,embedding_max,0.4,47,47,1601
musique,1.0,0.4230769230769231,78,embedding_mean_query,0.4,47,47,1601
musique,1.0,0.5384615384615384,78,embedding_last_query,0.4,47,47,1601
musique,1.0,0.5,78,random,0.5,47,47,2001
musique,1.0,0.3333333333333333,78,chunk_head,0.5,47,47,2001
musique,1.0,0.5128205128205128,78,embedding_max,0.5,47,47,2001
musique,1.0,0.6282051282051282,78,embedding_mean_query,0.5,47,47,2001
musique,1.0,0.6282051282051282,78,embedding_last_query,0.5,47,47,2001
musique,1.0,0.6153846153846154,78,random,0.6,47,47,2401
musique,1.0,0.3333333333333333,78,chunk_head,0.6,47,47,2401
musique,1.0,0.7307692307692307,78,embedding_max,0.6,47,47,2401
musique,1.0,0.8846153846153846,78,embedding_mean_query,0.6,47,47,2401
musique,1.0,0.7307692307692307,78,embedding_last_query,0.6,47,47,2401
musique,1.0,0.6282051282051282,78,random,0.7,47,47,2802
musique,1.0,0.3333333333333333,78,chunk_head,0.7,47,47,2802
musique,1.0,0.8076923076923077,78,embedding_max,0.7,47,47,2802
musique,1.0,0.9230769230769231,78,embedding_mean_query,0.7,47,47,2802
musique,1.0,0.8076923076923077,78,embedding_last_query,0.7,47,47,2802
musique,1.0,0.8076923076923077,78,random,0.8,47,47,3202
musique,1.0,0.6666666666666666,78,chunk_head,0.8,47,47,3202
musique,1.0,0.9615384615384616,78,embedding_max,0.8,47,47,3202
musique,1.0,0.9615384615384616,78,embedding_mean_query,0.8,47,47,3202
musique,1.0,0.8846153846153846,78,embedding_last_query,0.8,47,47,3202
musique,1.0,0.9230769230769231,78,random,0.9,47,47,3602
musique,1.0,0.6794871794871795,78,chunk_head,0.9,47,47,3602
musique,1.0,1.0,78,embedding_max,0.9,47,47,3602
musique,1.0,0.9615384615384616,78,embedding_mean_query,0.9,47,47,3602
musique,1.0,0.8974358974358975,78,embedding_last_query,0.9,47,47,3602
musique,1.0,1.0,78,random,1.0,47,47,4003
musique,1.0,1.0,78,chunk_head,1.0,47,47,4003
musique,1.0,1.0,78,embedding_max,1.0,47,47,4003
musique,1.0,1.0,78,embedding_mean_query,1.0,47,47,4003
musique,1.0,1.0,78,embedding_last_query,1.0,47,47,4003
musique,0.0,0.0,32,random,0.0,49,49,0
musique,0.0,0.0,32,chunk_head,0.0,49,49,0
musique,0.0,0.0,32,embedding_max,0.0,49,49,0
musique,0.0,0.0,32,embedding_mean_query,0.0,49,49,0
musique,0.0,0.0,32,embedding_last_query,0.0,49,49,0
musique,1.0,0.03125,32,random,0.1,49,49,401
musique,1.0,0.5,32,chunk_head,0.1,49,49,401
musique,0.0,0.0,32,embedding_max,0.1,49,49,401
musique,0.0,0.0,32,embedding_mean_query,0.1,49,49,401
musique,0.0,0.0,32,embedding_last_query,0.1,49,49,401
musique,1.0,0.125,32,random,0.2,49,49,802
musique,1.0,0.5,32,chunk_head,0.2,49,49,802
musique,1.0,0.09375,32,embedding_max,0.2,49,49,802
musique,0.0,0.0,32,embedding_mean_query,0.2,49,49,802
musique,1.0,0.125,32,embedding_last_query,0.2,49,49,802
musique,1.0,0.28125,32,random,0.3,49,49,1203
musique,1.0,0.5,32,chunk_head,0.3,49,49,1203
musique,1.0,0.125,32,embedding_max,0.3,49,49,1203
musique,1.0,0.125,32,embedding_mean_query,0.3,49,49,1203
musique,1.0,0.125,32,embedding_last_query,0.3,49,49,1203
musique,1.0,0.28125,32,random,0.4,49,49,1604
musique,1.0,0.5,32,chunk_head,0.4,49,49,1604
musique,1.0,0.15625,32,embedding_max,0.4,49,49,1604
musique,1.0,0.25,32,embedding_mean_query,0.4,49,49,1604
musique,1.0,0.1875,32,embedding_last_query,0.4,49,49,1604
musique,1.0,0.53125,32,random,0.5,49,49,2005
musique,1.0,0.5,32,chunk_head,0.5,49,49,2005
musique,1.0,0.25,32,embedding_max,0.5,49,49,2005
musique,1.0,0.25,32,embedding_mean_query,0.5,49,49,2005
musique,1.0,0.3125,32,embedding_last_query,0.5,49,49,2005
musique,1.0,0.65625,32,random,0.6,49,49,2406
musique,1.0,0.5,32,chunk_head,0.6,49,49,2406
musique,1.0,0.5,32,embedding_max,0.6,49,49,2406
musique,1.0,0.3125,32,embedding_mean_query,0.6,49,49,2406
musique,1.0,0.5625,32,embedding_last_query,0.6,49,49,2406
musique,1.0,0.625,32,random,0.7,49,49,2807
musique,1.0,0.5,32,chunk_head,0.7,49,49,2807
musique,1.0,0.5,32,embedding_max,0.7,49,49,2807
musique,1.0,0.625,32,embedding_mean_query,0.7,49,49,2807
musique,1.0,0.5625,32,embedding_last_query,0.7,49,49,2807
musique,1.0,0.75,32,random,0.8,49,49,3208
musique,1.0,0.5,32,chunk_head,0.8,49,49,3208
musique,1.0,0.5625,32,embedding_max,0.8,49,49,3208
musique,1.0,0.75,32,embedding_mean_query,0.8,49,49,3208
musique,1.0,0.75,32,embedding_last_query,0.8,49,49,3208
musique,1.0,0.875,32,random,0.9,49,49,3609
musique,1.0,0.5,32,chunk_head,0.9,49,49,3609
musique,1.0,0.875,32,embedding_max,0.9,49,49,3609
musique,1.0,0.8125,32,embedding_mean_query,0.9,49,49,3609
musique,1.0,0.8125,32,embedding_last_query,0.9,49,49,3609
musique,1.0,1.0,32,random,1.0,49,49,4010
musique,1.0,1.0,32,chunk_head,1.0,49,49,4010
musique,1.0,1.0,32,embedding_max,1.0,49,49,4010
musique,1.0,1.0,32,embedding_mean_query,1.0,49,49,4010
musique,1.0,1.0,32,embedding_last_query,1.0,49,49,4010
musique,0.0,0.0,112,random,0.0,50,50,0
musique,0.0,0.0,112,chunk_head,0.0,50,50,0
musique,0.0,0.0,112,embedding_max,0.0,50,50,0
musique,0.0,0.0,112,embedding_mean_query,0.0,50,50,0
musique,0.0,0.0,112,embedding_last_query,0.0,50,50,0
musique,1.0,0.11607142857142858,112,random,0.1,50,50,400
musique,1.0,0.14285714285714285,112,chunk_head,0.1,50,50,400
musique,0.0,0.0,112,embedding_max,0.1,50,50,400
musique,0.0,0.0,112,embedding_mean_query,0.1,50,50,400
musique,0.0,0.0,112,embedding_last_query,0.1,50,50,400
musique,1.0,0.25,112,random,0.2,50,50,801
musique,1.0,0.14285714285714285,112,chunk_head,0.2,50,50,801
musique,1.0,0.0625,112,embedding_max,0.2,50,50,801
musique,0.0,0.0,112,embedding_mean_query,0.2,50,50,801
musique,1.0,0.125,112,embedding_last_query,0.2,50,50,801
musique,1.0,0.32142857142857145,112,random,0.3,50,50,1202
musique,1.0,0.2857142857142857,112,chunk_head,0.3,50,50,1202
musique,1.0,0.0625,112,embedding_max,0.3,50,50,1202
musique,1.0,0.125,112,embedding_mean_query,0.3,50,50,1202
musique,1.0,0.125,112,embedding_last_query,0.3,50,50,1202
musique,1.0,0.4642857142857143,112,random,0.4,50,50,1602
musique,1.0,0.2857142857142857,112,chunk_head,0.4,50,50,1602
musique,1.0,0.1875,112,embedding_max,0.4,50,50,1602
musique,1.0,0.1875,112,embedding_mean_query,0.4,50,50,1602
musique,1.0,0.25,112,embedding_last_query,0.4,50,50,1602
musique,1.0,0.5178571428571429,112,random,0.5,50,50,2003
musique,1.0,0.42857142857142855,112,chunk_head,0.5,50,50,2003
musique,1.0,0.1875,112,embedding_max,0.5,50,50,2003
musique,1.0,0.25,112,embedding_mean_query,0.5,50,50,2003
musique,1.0,0.5,112,embedding_last_query,0.5,50,50,2003
musique,1.0,0.5714285714285714,112,random,0.6,50,50,2404
musique,1.0,0.5714285714285714,112,chunk_head,0.6,50,50,2404
musique,1.0,0.375,112,embedding_max,0.6,50,50,2404
musique,1.0,0.4375,112,embedding_mean_query,0.6,50,50,2404
musique,1.0,0.5625,112,embedding_last_query,0.6,50,50,2404
musique,1.0,0.7321428571428571,112,random,0.7,50,50,2804
musique,1.0,0.7142857142857143,112,chunk_head,0.7,50,50,2804
musique,1.0,0.5,112,embedding_max,0.7,50,50,2804
musique,1.0,0.5,112,embedding_mean_query,0.7,50,50,2804
musique,1.0,0.5625,112,embedding_last_query,0.7,50,50,2804
musique,1.0,0.8035714285714286,112,random,0.8,50,50,3205
musique,1.0,0.7142857142857143,112,chunk_head,0.8,50,50,3205
musique,1.0,0.5625,112,embedding_max,0.8,50,50,3205
musique,1.0,0.5625,112,embedding_mean_query,0.8,50,50,3205
musique,1.0,0.75,112,embedding_last_query,0.8,50,50,3205
musique,1.0,0.8928571428571429,112,random,0.9,50,50,3606
musique,1.0,0.8571428571428571,112,chunk_head,0.9,50,50,3606
musique,1.0,0.75,112,embedding_max,0.9,50,50,3606
musique,1.0,0.75,112,embedding_mean_query,0.9,50,50,3606
musique,1.0,0.875,112,embedding_last_query,0.9,50,50,3606
musique,1.0,1.0,112,random,1.0,50,50,4007
musique,1.0,1.0,112,chunk_head,1.0,50,50,4007
musique,1.0,1.0,112,embedding_max,1.0,50,50,4007
musique,1.0,1.0,112,embedding_mean_query,1.0,50,50,4007
musique,1.0,1.0,112,embedding_last_query,1.0,50,50,4007
musique,0.0,0.0,80,random,0.0,52,52,0
musique,0.0,0.0,80,chunk_head,0.0,52,52,0
musique,0.0,0.0,80,embedding_max,0.0,52,52,0
musique,0.0,0.0,80,embedding_mean_query,0.0,52,52,0
musique,0.0,0.0,80,embedding_last_query,0.0,52,52,0
musique,1.0,0.125,80,random,0.1,52,52,400
musique,0.0,0.0,80,chunk_head,0.1,52,52,400
musique,1.0,0.0625,80,embedding_max,0.1,52,52,400
musique,1.0,0.0625,80,embedding_mean_query,0.1,52,52,400
musique,0.0,0.0,80,embedding_last_query,0.1,52,52,400
musique,1.0,0.2125,80,random,0.2,52,52,801
musique,1.0,0.2,80,chunk_head,0.2,52,52,801
musique,1.0,0.125,80,embedding_max,0.2,52,52,801
musique,1.0,0.0625,80,embedding_mean_query,0.2,52,52,801
musique,1.0,0.125,80,embedding_last_query,0.2,52,52,801
musique,1.0,0.3,80,random,0.3,52,52,1202
musique,1.0,0.2,80,chunk_head,0.3,52,52,1202
musique,1.0,0.1875,80,embedding_max,0.3,52,52,1202
musique,1.0,0.125,80,embedding_mean_query,0.3,52,52,1202
musique,1.0,0.125,80,embedding_last_query,0.3,52,52,1202
musique,1.0,0.425,80,random,0.4,52,52,1602
musique,1.0,0.4,80,chunk_head,0.4,52,52,1602
musique,1.0,0.3125,80,embedding_max,0.4,52,52,1602
musique,1.0,0.3125,80,embedding_mean_query,0.4,52,52,1602
musique,1.0,0.25,80,embedding_last_query,0.4,52,52,1602
musique,1.0,0.5125,80,random,0.5,52,52,2003
musique,1.0,0.4,80,chunk_head,0.5,52,52,2003
musique,1.0,0.5,80,embedding_max,0.5,52,52,2003
musique,1.0,0.4375,80,embedding_mean_query,0.5,52,52,2003
musique,1.0,0.5,80,embedding_last_query,0.5,52,52,2003
musique,1.0,0.5625,80,random,0.6,52,52,2404
musique,1.0,0.4,80,chunk_head,0.6,52,52,2404
musique,1.0,0.625,80,embedding_max,0.6,52,52,2404
musique,1.0,0.6875,80,embedding_mean_query,0.6,52,52,2404
musique,1.0,0.5625,80,embedding_last_query,0.6,52,52,2404
musique,1.0,0.7375,80,random,0.7,52,52,2804
musique,1.0,0.6,80,chunk_head,0.7,52,52,2804
musique,1.0,0.875,80,embedding_max,0.7,52,52,2804
musique,1.0,0.6875,80,embedding_mean_query,0.7,52,52,2804
musique,1.0,0.5625,80,embedding_last_query,0.7,52,52,2804
musique,1.0,0.75,80,random,0.8,52,52,3205
musique,1.0,0.6,80,chunk_head,0.8,52,52,3205
musique,1.0,0.875,80,embedding_max,0.8,52,52,3205
musique,1.0,0.75,80,embedding_mean_query,0.8,52,52,3205
musique,1.0,0.75,80,embedding_last_query,0.8,52,52,3205
musique,1.0,0.9375,80,random,0.9,52,52,3606
musique,1.0,0.8,80,chunk_head,0.9,52,52,3606
musique,1.0,0.9375,80,embedding_max,0.9,52,52,3606
musique,1.0,0.9375,80,embedding_mean_query,0.9,52,52,3606
musique,1.0,0.875,80,embedding_last_query,0.9,52,52,3606
musique,1.0,1.0,80,random,1.0,52,52,4007
musique,1.0,1.0,80,chunk_head,1.0,52,52,4007
musique,1.0,1.0,80,embedding_max,1.0,52,52,4007
musique,1.0,1.0,80,embedding_mean_query,1.0,52,52,4007
musique,1.0,1.0,80,embedding_last_query,1.0,52,52,4007
musique,0.0,0.0,15,random,0.0,54,54,0
musique,0.0,0.0,15,chunk_head,0.0,54,54,0
musique,0.0,0.0,15,embedding_max,0.0,54,54,0
musique,0.0,0.0,15,embedding_mean_query,0.0,54,54,0
musique,0.0,0.0,15,embedding_last_query,0.0,54,54,0
musique,0.0,0.0,15,random,0.1,54,54,399
musique,0.0,0.0,15,chunk_head,0.1,54,54,399
musique,0.0,0.0,15,embedding_max,0.1,54,54,399
musique,0.0,0.0,15,embedding_mean_query,0.1,54,54,399
musique,1.0,0.2,15,embedding_last_query,0.1,54,54,399
musique,1.0,0.3333333333333333,15,random,0.2,54,54,798
musique,0.0,0.0,15,chunk_head,0.2,54,54,798
musique,0.0,0.0,15,embedding_max,0.2,54,54,798
musique,1.0,0.06666666666666667,15,embedding_mean_query,0.2,54,54,798
musique,1.0,0.2,15,embedding_last_query,0.2,54,54,798
musique,1.0,0.2,15,random,0.3,54,54,1197
musique,0.0,0.0,15,chunk_head,0.3,54,54,1197
musique,1.0,0.06666666666666667,15,embedding_max,0.3,54,54,1197
musique,1.0,0.06666666666666667,15,embedding_mean_query,0.3,54,54,1197
musique,1.0,0.26666666666666666,15,embedding_last_query,0.3,54,54,1197
musique,1.0,0.5333333333333333,15,random,0.4,54,54,1596
musique,0.0,0.0,15,chunk_head,0.4,54,54,1596
musique,1.0,0.13333333333333333,15,embedding_max,0.4,54,54,1596
musique,1.0,0.26666666666666666,15,embedding_mean_query,0.4,54,54,1596
musique,1.0,0.26666666666666666,15,embedding_last_query,0.4,54,54,1596
musique,1.0,0.4666666666666667,15,random,0.5,54,54,1996
musique,0.0,0.0,15,chunk_head,0.5,54,54,1996
musique,1.0,0.3333333333333333,15,embedding_max,0.5,54,54,1996
musique,1.0,0.26666666666666666,15,embedding_mean_query,0.5,54,54,1996
musique,1.0,0.3333333333333333,15,embedding_last_query,0.5,54,54,1996
musique,1.0,0.5333333333333333,15,random,0.6,54,54,2395
musique,0.0,0.0,15,chunk_head,0.6,54,54,2395
musique,1.0,0.4666666666666667,15,embedding_max,0.6,54,54,2395
musique,1.0,0.4,15,embedding_mean_query,0.6,54,54,2395
musique,1.0,0.3333333333333333,15,embedding_last_query,0.6,54,54,2395
musique,1.0,0.7333333333333333,15,random,0.7,54,54,2794
musique,0.0,0.0,15,chunk_head,0.7,54,54,2794
musique,1.0,0.4666666666666667,15,embedding_max,0.7,54,54,2794
musique,1.0,0.4666666666666667,15,embedding_mean_query,0.7,54,54,2794
musique,1.0,0.4,15,embedding_last_query,0.7,54,54,2794
musique,1.0,0.9333333333333333,15,random,0.8,54,54,3193
musique,1.0,1.0,15,chunk_head,0.8,54,54,3193
musique,1.0,0.5333333333333333,15,embedding_max,0.8,54,54,3193
musique,1.0,0.4666666666666667,15,embedding_mean_query,0.8,54,54,3193
musique,1.0,0.6,15,embedding_last_query,0.8,54,54,3193
musique,1.0,0.9333333333333333,15,random,0.9,54,54,3592
musique,1.0,1.0,15,chunk_head,0.9,54,54,3592
musique,1.0,0.6,15,embedding_max,0.9,54,54,3592
musique,1.0,0.6666666666666666,15,embedding_mean_query,0.9,54,54,3592
musique,1.0,0.7333333333333333,15,embedding_last_query,0.9,54,54,3592
musique,1.0,1.0,15,random,1.0,54,54,3992
musique,1.0,1.0,15,chunk_head,1.0,54,54,3992
musique,1.0,1.0,15,embedding_max,1.0,54,54,3992
musique,1.0,1.0,15,embedding_mean_query,1.0,54,54,3992
musique,1.0,1.0,15,embedding_last_query,1.0,54,54,3992
musique,0.0,0.0,60,random,0.0,55,55,0
musique,0.0,0.0,60,chunk_head,0.0,55,55,0
musique,0.0,0.0,60,embedding_max,0.0,55,55,0
musique,0.0,0.0,60,embedding_mean_query,0.0,55,55,0
musique,0.0,0.0,60,embedding_last_query,0.0,55,55,0
musique,1.0,0.08333333333333333,60,random,0.1,55,55,399
musique,0.0,0.0,60,chunk_head,0.1,55,55,399
musique,1.0,0.2833333333333333,60,embedding_max,0.1,55,55,399
musique,1.0,0.2,60,embedding_mean_query,0.1,55,55,399
musique,1.0,0.06666666666666667,60,embedding_last_query,0.1,55,55,399
musique,1.0,0.16666666666666666,60,random,0.2,55,55,799
musique,0.0,0.0,60,chunk_head,0.2,55,55,799
musique,1.0,0.3,60,embedding_max,0.2,55,55,799
musique,1.0,0.3,60,embedding_mean_query,0.2,55,55,799
musique,1.0,0.06666666666666667,60,embedding_last_query,0.2,55,55,799
musique,1.0,0.2,60,random,0.3,55,55,1198
musique,0.0,0.0,60,chunk_head,0.3,55,55,1198
musique,1.0,0.4,60,embedding_max,0.3,55,55,1198
musique,1.0,0.4,60,embedding_mean_query,0.3,55,55,1198
musique,1.0,0.21666666666666667,60,embedding_last_query,0.3,55,55,1198
musique,1.0,0.4,60,random,0.4,55,55,1598
musique,0.0,0.0,60,chunk_head,0.4,55,55,1598
musique,1.0,0.4666666666666667,60,embedding_max,0.4,55,55,1598
musique,1.0,0.45,60,embedding_mean_query,0.4,55,55,1598
musique,1.0,0.3333333333333333,60,embedding_last_query,0.4,55,55,1598
musique,1.0,0.55,60,random,0.5,55,55,1997
musique,0.0,0.0,60,chunk_head,0.5,55,55,1997
musique,1.0,0.5,60,embedding_max,0.5,55,55,1997
musique,1.0,0.5,60,embedding_mean_query,0.5,55,55,1997
musique,1.0,0.4,60,embedding_last_query,0.5,55,55,1997
musique,1.0,0.6,60,random,0.6,55,55,2397
musique,0.0,0.0,60,chunk_head,0.6,55,55,2397
musique,1.0,0.5333333333333333,60,embedding_max,0.6,55,55,2397
musique,1.0,0.6,60,embedding_mean_query,0.6,55,55,2397
musique,1.0,0.4666666666666667,60,embedding_last_query,0.6,55,55,2397
musique,1.0,0.6666666666666666,60,random,0.7,55,55,2796
musique,1.0,0.5,60,chunk_head,0.7,55,55,2796
musique,1.0,0.6666666666666666,60,embedding_max,0.7,55,55,2796
musique,1.0,0.6333333333333333,60,embedding_mean_query,0.7,55,55,2796
musique,1.0,0.6,60,embedding_last_query,0.7,55,55,2796
musique,1.0,0.7833333333333333,60,random,0.8,55,55,3196
musique,1.0,1.0,60,chunk_head,0.8,55,55,3196
musique,1.0,0.8,60,embedding_max,0.8,55,55,3196
musique,1.0,0.7666666666666667,60,embedding_mean_query,0.8,55,55,3196
musique,1.0,0.7666666666666667,60,embedding_last_query,0.8,55,55,3196
musique,1.0,0.9333333333333333,60,random,0.9,55,55,3595
musique,1.0,1.0,60,chunk_head,0.9,55,55,3595
musique,1.0,0.9,60,embedding_max,0.9,55,55,3595
musique,1.0,0.8666666666666667,60,embedding_mean_query,0.9,55,55,3595
musique,1.0,1.0,60,embedding_last_query,0.9,55,55,3595
musique,1.0,1.0,60,random,1.0,55,55,3995
musique,1.0,1.0,60,chunk_head,1.0,55,55,3995
musique,1.0,1.0,60,embedding_max,1.0,55,55,3995
musique,1.0,1.0,60,embedding_mean_query,1.0,55,55,3995
musique,1.0,1.0,60,embedding_last_query,1.0,55,55,3995
musique,0.0,0.0,78,random,0.0,60,60,0
musique,0.0,0.0,78,chunk_head,0.0,60,60,0
musique,0.0,0.0,78,embedding_max,0.0,60,60,0
musique,0.0,0.0,78,embedding_mean_query,0.0,60,60,0
musique,0.0,0.0,78,embedding_last_query,0.0,60,60,0
musique,1.0,0.038461538461538464,78,random,0.1,60,60,399
musique,1.0,0.16666666666666666,78,chunk_head,0.1,60,60,399
musique,1.0,0.07692307692307693,78,embedding_max,0.1,60,60,399
musique,1.0,0.07692307692307693,78,embedding_mean_query,0.1,60,60,399
musique,1.0,0.07692307692307693,78,embedding_last_query,0.1,60,60,399
musique,1.0,0.21794871794871795,78,random,0.2,60,60,799
musique,1.0,0.3333333333333333,78,chunk_head,0.2,60,60,799
musique,1.0,0.11538461538461539,78,embedding_max,0.2,60,60,799
musique,1.0,0.11538461538461539,78,embedding_mean_query,0.2,60,60,799
musique,1.0,0.14102564102564102,78,embedding_last_query,0.2,60,60,799
musique,1.0,0.2564102564102564,78,random,0.3,60,60,1199
musique,1.0,0.3333333333333333,78,chunk_head,0.3,60,60,1199
musique,1.0,0.15384615384615385,78,embedding_max,0.3,60,60,1199
musique,1.0,0.2692307692307692,78,embedding_mean_query,0.3,60,60,1199
musique,1.0,0.23076923076923078,78,embedding_last_query,0.3,60,60,1199
musique,1.0,0.46153846153846156,78,random,0.4,60,60,1598
musique,1.0,0.3333333333333333,78,chunk_head,0.4,60,60,1598
musique,1.0,0.2692307692307692,78,embedding_max,0.4,60,60,1598
musique,1.0,0.3076923076923077,78,embedding_mean_query,0.4,60,60,1598
musique,1.0,0.34615384615384615,78,embedding_last_query,0.4,60,60,1598
musique,1.0,0.5128205128205128,78,random,0.5,60,60,1998
musique,1.0,0.3333333333333333,78,chunk_head,0.5,60,60,1998
musique,1.0,0.4230769230769231,78,embedding_max,0.5,60,60,1998
musique,1.0,0.46153846153846156,78,embedding_mean_query,0.5,60,60,1998
musique,1.0,0.4230769230769231,78,embedding_last_query,0.5,60,60,1998
musique,1.0,0.6282051282051282,78,random,0.6,60,60,2398
musique,1.0,0.6666666666666666,78,chunk_head,0.6,60,60,2398
musique,1.0,0.5,78,embedding_max,0.6,60,60,2398
musique,1.0,0.46153846153846156,78,embedding_mean_query,0.6,60,60,2398
musique,1.0,0.5769230769230769,78,embedding_last_query,0.6,60,60,2398
musique,1.0,0.7564102564102564,78,random,0.7,60,60,2797
musique,1.0,0.6666666666666666,78,chunk_head,0.7,60,60,2797
musique,1.0,0.5384615384615384,78,embedding_max,0.7,60,60,2797
musique,1.0,0.5769230769230769,78,embedding_mean_query,0.7,60,60,2797
musique,1.0,0.6153846153846154,78,embedding_last_query,0.7,60,60,2797
musique,1.0,0.7692307692307693,78,random,0.8,60,60,3197
musique,1.0,0.782051282051282,78,chunk_head,0.8,60,60,3197
musique,1.0,0.6538461538461539,78,embedding_max,0.8,60,60,3197
musique,1.0,0.7692307692307693,78,embedding_mean_query,0.8,60,60,3197
musique,1.0,0.7307692307692307,78,embedding_last_query,0.8,60,60,3197
musique,1.0,0.8846153846153846,78,random,0.9,60,60,3597
musique,1.0,1.0,78,chunk_head,0.9,60,60,3597
musique,1.0,0.7307692307692307,78,embedding_max,0.9,60,60,3597
musique,1.0,0.9230769230769231,78,embedding_mean_query,0.9,60,60,3597
musique,1.0,0.8846153846153846,78,embedding_last_query,0.9,60,60,3597
musique,1.0,1.0,78,random,1.0,60,60,3997
musique,1.0,1.0,78,chunk_head,1.0,60,60,3997
musique,1.0,1.0,78,embedding_max,1.0,60,60,3997
musique,1.0,1.0,78,embedding_mean_query,1.0,60,60,3997
musique,1.0,1.0,78,embedding_last_query,1.0,60,60,3997
musique,0.0,0.0,15,random,0.0,61,61,0
musique,0.0,0.0,15,chunk_head,0.0,61,61,0
musique,0.0,0.0,15,embedding_max,0.0,61,61,0
musique,0.0,0.0,15,embedding_mean_query,0.0,61,61,0
musique,0.0,0.0,15,embedding_last_query,0.0,61,61,0
musique,1.0,0.2,15,random,0.1,61,61,400
musique,0.0,0.0,15,chunk_head,0.1,61,61,400
musique,1.0,0.06666666666666667,15,embedding_max,0.1,61,61,400
musique,1.0,0.06666666666666667,15,embedding_mean_query,0.1,61,61,400
musique,1.0,0.06666666666666667,15,embedding_last_query,0.1,61,61,400
musique,1.0,0.26666666666666666,15,random,0.2,61,61,801
musique,1.0,1.0,15,chunk_head,0.2,61,61,801
musique,1.0,0.3333333333333333,15,embedding_max,0.2,61,61,801
musique,1.0,0.26666666666666666,15,embedding_mean_query,0.2,61,61,801
musique,1.0,0.06666666666666667,15,embedding_last_query,0.2,61,61,801
musique,1.0,0.4,15,random,0.3,61,61,1201
musique,1.0,1.0,15,chunk_head,0.3,61,61,1201
musique,1.0,0.3333333333333333,15,embedding_max,0.3,61,61,1201
musique,1.0,0.3333333333333333,15,embedding_mean_query,0.3,61,61,1201
musique,1.0,0.06666666666666667,15,embedding_last_query,0.3,61,61,1201
musique,1.0,0.3333333333333333,15,random,0.4,61,61,1602
musique,1.0,1.0,15,chunk_head,0.4,61,61,1602
musique,1.0,0.4,15,embedding_max,0.4,61,61,1602
musique,1.0,0.4,15,embedding_mean_query,0.4,61,61,1602
musique,1.0,0.2,15,embedding_last_query,0.4,61,61,1602
musique,1.0,0.5333333333333333,15,random,0.5,61,61,2002
musique,1.0,1.0,15,chunk_head,0.5,61,61,2002
musique,1.0,0.4666666666666667,15,embedding_max,0.5,61,61,2002
musique,1.0,0.4666666666666667,15,embedding_mean_query,0.5,61,61,2002
musique,1.0,0.26666666666666666,15,embedding_last_query,0.5,61,61,2002
musique,1.0,0.7333333333333333,15,random,0.6,61,61,2403
musique,1.0,1.0,15,chunk_head,0.6,61,61,2403
musique,1.0,0.4666666666666667,15,embedding_max,0.6,61,61,2403
musique,1.0,0.6,15,embedding_mean_query,0.6,61,61,2403
musique,1.0,0.26666666666666666,15,embedding_last_query,0.6,61,61,2403
musique,1.0,0.5333333333333333,15,random,0.7,61,61,2803
musique,1.0,1.0,15,chunk_head,0.7,61,61,2803
musique,1.0,0.8,15,embedding_max,0.7,61,61,2803
musique,1.0,0.6666666666666666,15,embedding_mean_query,0.7,61,61,2803
musique,1.0,0.3333333333333333,15,embedding_last_query,0.7,61,61,2803
musique,1.0,0.8666666666666667,15,random,0.8,61,61,3204
musique,1.0,1.0,15,chunk_head,0.8,61,61,3204
musique,1.0,0.8,15,embedding_max,0.8,61,61,3204
musique,1.0,0.8,15,embedding_mean_query,0.8,61,61,3204
musique,1.0,0.6666666666666666,15,embedding_last_query,0.8,61,61,3204
musique,1.0,1.0,15,random,0.9,61,61,3604
musique,1.0,1.0,15,chunk_head,0.9,61,61,3604
musique,1.0,0.8666666666666667,15,embedding_max,0.9,61,61,3604
musique,1.0,0.8666666666666667,15,embedding_mean_query,0.9,61,61,3604
musique,1.0,0.9333333333333333,15,embedding_last_query,0.9,61,61,3604
musique,1.0,1.0,15,random,1.0,61,61,4005
musique,1.0,1.0,15,chunk_head,1.0,61,61,4005
musique,1.0,1.0,15,embedding_max,1.0,61,61,4005
musique,1.0,1.0,15,embedding_mean_query,1.0,61,61,4005
musique,1.0,1.0,15,embedding_last_query,1.0,61,61,4005
musique,0.0,0.0,14,random,0.0,64,64,0
musique,0.0,0.0,14,chunk_head,0.0,64,64,0
musique,0.0,0.0,14,embedding_max,0.0,64,64,0
musique,0.0,0.0,14,embedding_mean_query,0.0,64,64,0
musique,0.0,0.0,14,embedding_last_query,0.0,64,64,0
musique,0.0,0.0,14,random,0.1,64,64,400
musique,0.0,0.0,14,chunk_head,0.1,64,64,400
musique,1.0,0.14285714285714285,14,embedding_max,0.1,64,64,400
musique,1.0,0.2857142857142857,14,embedding_mean_query,0.1,64,64,400
musique,1.0,0.07142857142857142,14,embedding_last_query,0.1,64,64,400
musique,1.0,0.14285714285714285,14,random,0.2,64,64,801
musique,0.0,0.0,14,chunk_head,0.2,64,64,801
musique,1.0,0.35714285714285715,14,embedding_max,0.2,64,64,801
musique,1.0,0.42857142857142855,14,embedding_mean_query,0.2,64,64,801
musique,1.0,0.07142857142857142,14,embedding_last_query,0.2,64,64,801
musique,1.0,0.21428571428571427,14,random,0.3,64,64,1201
musique,0.0,0.0,14,chunk_head,0.3,64,64,1201
musique,1.0,0.35714285714285715,14,embedding_max,0.3,64,64,1201
musique,1.0,0.5,14,embedding_mean_query,0.3,64,64,1201
musique,1.0,0.2857142857142857,14,embedding_last_query,0.3,64,64,1201
musique,1.0,0.5,14,random,0.4,64,64,1602
musique,0.0,0.0,14,chunk_head,0.4,64,64,1602
musique,1.0,0.5,14,embedding_max,0.4,64,64,1602
musique,1.0,0.5714285714285714,14,embedding_mean_query,0.4,64,64,1602
musique,1.0,0.42857142857142855,14,embedding_last_query,0.4,64,64,1602
musique,1.0,0.35714285714285715,14,random,0.5,64,64,2002
musique,0.0,0.0,14,chunk_head,0.5,64,64,2002
musique,1.0,0.6428571428571429,14,embedding_max,0.5,64,64,2002
musique,1.0,0.6428571428571429,14,embedding_mean_query,0.5,64,64,2002
musique,1.0,0.42857142857142855,14,embedding_last_query,0.5,64,64,2002
musique,1.0,0.8571428571428571,14,random,0.6,64,64,2403
musique,0.0,0.0,14,chunk_head,0.6,64,64,2403
musique,1.0,0.7857142857142857,14,embedding_max,0.6,64,64,2403
musique,1.0,0.6428571428571429,14,embedding_mean_query,0.6,64,64,2403
musique,1.0,0.5,14,embedding_last_query,0.6,64,64,2403
musique,1.0,0.7142857142857143,14,random,0.7,64,64,2803
musique,1.0,1.0,14,chunk_head,0.7,64,64,2803
musique,1.0,0.7857142857142857,14,embedding_max,0.7,64,64,2803
musique,1.0,0.7142857142857143,14,embedding_mean_query,0.7,64,64,2803
musique,1.0,0.6428571428571429,14,embedding_last_query,0.7,64,64,2803
musique,1.0,0.7857142857142857,14,random,0.8,64,64,3204
musique,1.0,1.0,14,chunk_head,0.8,64,64,3204
musique,1.0,0.8571428571428571,14,embedding_max,0.8,64,64,3204
musique,1.0,0.7857142857142857,14,embedding_mean_query,0.8,64,64,3204
musique,1.0,0.7857142857142857,14,embedding_last_query,0.8,64,64,3204
musique,1.0,0.9285714285714286,14,random,0.9,64,64,3604
musique,1.0,1.0,14,chunk_head,0.9,64,64,3604
musique,1.0,0.9285714285714286,14,embedding_max,0.9,64,64,3604
musique,1.0,1.0,14,embedding_mean_query,0.9,64,64,3604
musique,1.0,0.9285714285714286,14,embedding_last_query,0.9,64,64,3604
musique,1.0,1.0,14,random,1.0,64,64,4005
musique,1.0,1.0,14,chunk_head,1.0,64,64,4005
musique,1.0,1.0,14,embedding_max,1.0,64,64,4005
musique,1.0,1.0,14,embedding_mean_query,1.0,64,64,4005
musique,1.0,1.0,14,embedding_last_query,1.0,64,64,4005
musique,0.0,0.0,23,random,0.0,67,67,0
musique,0.0,0.0,23,chunk_head,0.0,67,67,0
musique,0.0,0.0,23,embedding_max,0.0,67,67,0
musique,0.0,0.0,23,embedding_mean_query,0.0,67,67,0
musique,0.0,0.0,23,embedding_last_query,0.0,67,67,0
musique,1.0,0.17391304347826086,23,random,0.1,67,67,401
musique,1.0,0.43478260869565216,23,chunk_head,0.1,67,67,401
musique,0.0,0.0,23,embedding_max,0.1,67,67,401
musique,0.0,0.0,23,embedding_mean_query,0.1,67,67,401
musique,1.0,0.21739130434782608,23,embedding_last_query,0.1,67,67,401
musique,1.0,0.043478260869565216,23,random,0.2,67,67,802
musique,1.0,0.43478260869565216,23,chunk_head,0.2,67,67,802
musique,1.0,0.30434782608695654,23,embedding_max,0.2,67,67,802
musique,1.0,0.043478260869565216,23,embedding_mean_query,0.2,67,67,802
musique,1.0,0.21739130434782608,23,embedding_last_query,0.2,67,67,802
musique,1.0,0.21739130434782608,23,random,0.3,67,67,1203
musique,1.0,0.43478260869565216,23,chunk_head,0.3,67,67,1203
musique,1.0,0.34782608695652173,23,embedding_max,0.3,67,67,1203
musique,1.0,0.13043478260869565,23,embedding_mean_query,0.3,67,67,1203
musique,1.0,0.21739130434782608,23,embedding_last_query,0.3,67,67,1203
musique,1.0,0.17391304347826086,23,random,0.4,67,67,1604
musique,1.0,1.0,23,chunk_head,0.4,67,67,1604
musique,1.0,0.43478260869565216,23,embedding_max,0.4,67,67,1604
musique,1.0,0.30434782608695654,23,embedding_mean_query,0.4,67,67,1604
musique,1.0,0.34782608695652173,23,embedding_last_query,0.4,67,67,1604
musique,1.0,0.34782608695652173,23,random,0.5,67,67,2005
musique,1.0,1.0,23,chunk_head,0.5,67,67,2005
musique,1.0,0.43478260869565216,23,embedding_max,0.5,67,67,2005
musique,1.0,0.4782608695652174,23,embedding_mean_query,0.5,67,67,2005
musique,1.0,0.4782608695652174,23,embedding_last_query,0.5,67,67,2005
musique,1.0,0.6956521739130435,23,random,0.6,67,67,2406
musique,1.0,1.0,23,chunk_head,0.6,67,67,2406
musique,1.0,0.43478260869565216,23,embedding_max,0.6,67,67,2406
musique,1.0,0.4782608695652174,23,embedding_mean_query,0.6,67,67,2406
musique,1.0,0.4782608695652174,23,embedding_last_query,0.6,67,67,2406
musique,1.0,0.5652173913043478,23,random,0.7,67,67,2807
musique,1.0,1.0,23,chunk_head,0.7,67,67,2807
musique,1.0,0.6521739130434783,23,embedding_max,0.7,67,67,2807
musique,1.0,0.6956521739130435,23,embedding_mean_query,0.7,67,67,2807
musique,1.0,0.6086956521739131,23,embedding_last_query,0.7,67,67,2807
musique,1.0,0.782608695652174,23,random,0.8,67,67,3208
musique,1.0,1.0,23,chunk_head,0.8,67,67,3208
musique,1.0,0.782608695652174,23,embedding_max,0.8,67,67,3208
musique,1.0,0.8695652173913043,23,embedding_mean_query,0.8,67,67,3208
musique,1.0,0.782608695652174,23,embedding_last_query,0.8,67,67,3208
musique,1.0,0.9130434782608695,23,random,0.9,67,67,3609
musique,1.0,1.0,23,chunk_head,0.9,67,67,3609
musique,1.0,0.9130434782608695,23,embedding_max,0.9,67,67,3609
musique,1.0,0.9565217391304348,23,embedding_mean_query,0.9,67,67,3609
musique,1.0,0.9130434782608695,23,embedding_last_query,0.9,67,67,3609
musique,1.0,1.0,23,random,1.0,67,67,4010
musique,1.0,1.0,23,chunk_head,1.0,67,67,4010
musique,1.0,1.0,23,embedding_max,1.0,67,67,4010
musique,1.0,1.0,23,embedding_mean_query,1.0,67,67,4010
musique,1.0,1.0,23,embedding_last_query,1.0,67,67,4010
musique,0.0,0.0,28,random,0.0,68,68,0
musique,0.0,0.0,28,chunk_head,0.0,68,68,0
musique,0.0,0.0,28,embedding_max,0.0,68,68,0
musique,0.0,0.0,28,embedding_mean_query,0.0,68,68,0
musique,0.0,0.0,28,embedding_last_query,0.0,68,68,0
musique,1.0,0.14285714285714285,28,random,0.1,68,68,400
musique,0.0,0.0,28,chunk_head,0.1,68,68,400
musique,1.0,0.07142857142857142,28,embedding_max,0.1,68,68,400
musique,0.0,0.0,28,embedding_mean_query,0.1,68,68,400
musique,1.0,0.07142857142857142,28,embedding_last_query,0.1,68,68,400
musique,1.0,0.17857142857142858,28,random,0.2,68,68,800
musique,1.0,0.5,28,chunk_head,0.2,68,68,800
musique,1.0,0.07142857142857142,28,embedding_max,0.2,68,68,800
musique,0.0,0.0,28,embedding_mean_query,0.2,68,68,800
musique,1.0,0.07142857142857142,28,embedding_last_query,0.2,68,68,800
musique,1.0,0.21428571428571427,28,random,0.3,68,68,1200
musique,1.0,0.5,28,chunk_head,0.3,68,68,1200
musique,1.0,0.07142857142857142,28,embedding_max,0.3,68,68,1200
musique,1.0,0.07142857142857142,28,embedding_mean_query,0.3,68,68,1200
musique,1.0,0.14285714285714285,28,embedding_last_query,0.3,68,68,1200
musique,1.0,0.42857142857142855,28,random,0.4,68,68,1600
musique,1.0,0.5,28,chunk_head,0.4,68,68,1600
musique,1.0,0.21428571428571427,28,embedding_max,0.4,68,68,1600
musique,1.0,0.21428571428571427,28,embedding_mean_query,0.4,68,68,1600
musique,1.0,0.35714285714285715,28,embedding_last_query,0.4,68,68,1600
musique,1.0,0.5,28,random,0.5,68,68,2000
musique,1.0,1.0,28,chunk_head,0.5,68,68,2000
musique,1.0,0.21428571428571427,28,embedding_max,0.5,68,68,2000
musique,1.0,0.2857142857142857,28,embedding_mean_query,0.5,68,68,2000
musique,1.0,0.42857142857142855,28,embedding_last_query,0.5,68,68,2000
musique,1.0,0.5714285714285714,28,random,0.6,68,68,2400
musique,1.0,1.0,28,chunk_head,0.6,68,68,2400
musique,1.0,0.39285714285714285,28,embedding_max,0.6,68,68,2400
musique,1.0,0.35714285714285715,28,embedding_mean_query,0.6,68,68,2400
musique,1.0,0.42857142857142855,28,embedding_last_query,0.6,68,68,2400
musique,1.0,0.6785714285714286,28,random,0.7,68,68,2800
musique,1.0,1.0,28,chunk_head,0.7,68,68,2800
musique,1.0,0.5714285714285714,28,embedding_max,0.7,68,68,2800
musique,1.0,0.5,28,embedding_mean_query,0.7,68,68,2800
musique,1.0,0.5714285714285714,28,embedding_last_query,0.7,68,68,2800
musique,1.0,0.8928571428571429,28,random,0.8,68,68,3200
musique,1.0,1.0,28,chunk_head,0.8,68,68,3200
musique,1.0,0.7142857142857143,28,embedding_max,0.8,68,68,3200
musique,1.0,0.5714285714285714,28,embedding_mean_query,0.8,68,68,3200
musique,1.0,0.6428571428571429,28,embedding_last_query,0.8,68,68,3200
musique,1.0,1.0,28,random,0.9,68,68,3600
musique,1.0,1.0,28,chunk_head,0.9,68,68,3600
musique,1.0,0.8571428571428571,28,embedding_max,0.9,68,68,3600
musique,1.0,0.7142857142857143,28,embedding_mean_query,0.9,68,68,3600
musique,1.0,0.7857142857142857,28,embedding_last_query,0.9,68,68,3600
musique,1.0,1.0,28,random,1.0,68,68,4001
musique,1.0,1.0,28,chunk_head,1.0,68,68,4001
musique,1.0,1.0,28,embedding_max,1.0,68,68,4001
musique,1.0,1.0,28,embedding_mean_query,1.0,68,68,4001
musique,1.0,1.0,28,embedding_last_query,1.0,68,68,4001
musique,0.0,0.0,14,random,0.0,70,70,0
musique,0.0,0.0,14,chunk_head,0.0,70,70,0
musique,0.0,0.0,14,embedding_max,0.0,70,70,0
musique,0.0,0.0,14,embedding_mean_query,0.0,70,70,0
musique,0.0,0.0,14,embedding_last_query,0.0,70,70,0
musique,1.0,0.14285714285714285,14,random,0.1,70,70,400
musique,0.0,0.0,14,chunk_head,0.1,70,70,400
musique,1.0,0.07142857142857142,14,embedding_max,0.1,70,70,400
musique,0.0,0.0,14,embedding_mean_query,0.1,70,70,400
musique,1.0,0.35714285714285715,14,embedding_last_query,0.1,70,70,400
musique,1.0,0.2857142857142857,14,random,0.2,70,70,801
musique,0.0,0.0,14,chunk_head,0.2,70,70,801
musique,1.0,0.35714285714285715,14,embedding_max,0.2,70,70,801
musique,0.0,0.0,14,embedding_mean_query,0.2,70,70,801
musique,1.0,0.35714285714285715,14,embedding_last_query,0.2,70,70,801
musique,1.0,0.21428571428571427,14,random,0.3,70,70,1202
musique,0.0,0.0,14,chunk_head,0.3,70,70,1202
musique,1.0,0.5,14,embedding_max,0.3,70,70,1202
musique,1.0,0.2857142857142857,14,embedding_mean_query,0.3,70,70,1202
musique,1.0,0.42857142857142855,14,embedding_last_query,0.3,70,70,1202
musique,1.0,0.21428571428571427,14,random,0.4,70,70,1603
musique,0.0,0.0,14,chunk_head,0.4,70,70,1603
musique,1.0,0.5,14,embedding_max,0.4,70,70,1603
musique,1.0,0.35714285714285715,14,embedding_mean_query,0.4,70,70,1603
musique,1.0,0.5,14,embedding_last_query,0.4,70,70,1603
musique,1.0,0.42857142857142855,14,random,0.5,70,70,2004
musique,1.0,1.0,14,chunk_head,0.5,70,70,2004
musique,1.0,0.6428571428571429,14,embedding_max,0.5,70,70,2004
musique,1.0,0.42857142857142855,14,embedding_mean_query,0.5,70,70,2004
musique,1.0,0.5714285714285714,14,embedding_last_query,0.5,70,70,2004
musique,1.0,0.7142857142857143,14,random,0.6,70,70,2405
musique,1.0,1.0,14,chunk_head,0.6,70,70,2405
musique,1.0,0.7142857142857143,14,embedding_max,0.6,70,70,2405
musique,1.0,0.5,14,embedding_mean_query,0.6,70,70,2405
musique,1.0,0.6428571428571429,14,embedding_last_query,0.6,70,70,2405
musique,1.0,0.8571428571428571,14,random,0.7,70,70,2806
musique,1.0,1.0,14,chunk_head,0.7,70,70,2806
musique,1.0,0.8571428571428571,14,embedding_max,0.7,70,70,2806
musique,1.0,0.5714285714285714,14,embedding_mean_query,0.7,70,70,2806
musique,1.0,0.7857142857142857,14,embedding_last_query,0.7,70,70,2806
musique,1.0,0.7857142857142857,14,random,0.8,70,70,3207
musique,1.0,1.0,14,chunk_head,0.8,70,70,3207
musique,1.0,0.8571428571428571,14,embedding_max,0.8,70,70,3207
musique,1.0,0.6428571428571429,14,embedding_mean_query,0.8,70,70,3207
musique,1.0,0.8571428571428571,14,embedding_last_query,0.8,70,70,3207
musique,1.0,0.7142857142857143,14,random,0.9,70,70,3608
musique,1.0,1.0,14,chunk_head,0.9,70,70,3608
musique,1.0,1.0,14,embedding_max,0.9,70,70,3608
musique,1.0,0.7142857142857143,14,embedding_mean_query,0.9,70,70,3608
musique,1.0,0.9285714285714286,14,embedding_last_query,0.9,70,70,3608
musique,1.0,1.0,14,random,1.0,70,70,4009
musique,1.0,1.0,14,chunk_head,1.0,70,70,4009
musique,1.0,1.0,14,embedding_max,1.0,70,70,4009
musique,1.0,1.0,14,embedding_mean_query,1.0,70,70,4009
musique,1.0,1.0,14,embedding_last_query,1.0,70,70,4009
musique,0.0,0.0,15,random,0.0,71,71,0
musique,0.0,0.0,15,chunk_head,0.0,71,71,0
musique,0.0,0.0,15,embedding_max,0.0,71,71,0
musique,0.0,0.0,15,embedding_mean_query,0.0,71,71,0
musique,0.0,0.0,15,embedding_last_query,0.0,71,71,0
musique,1.0,0.2,15,random,0.1,71,71,400
musique,0.0,0.0,15,chunk_head,0.1,71,71,400
musique,1.0,0.06666666666666667,15,embedding_max,0.1,71,71,400
musique,1.0,0.06666666666666667,15,embedding_mean_query,0.1,71,71,400
musique,1.0,0.06666666666666667,15,embedding_last_query,0.1,71,71,400
musique,1.0,0.13333333333333333,15,random,0.2,71,71,800
musique,0.0,0.0,15,chunk_head,0.2,71,71,800
musique,1.0,0.2,15,embedding_max,0.2,71,71,800
musique,1.0,0.2,15,embedding_mean_query,0.2,71,71,800
musique,1.0,0.06666666666666667,15,embedding_last_query,0.2,71,71,800
musique,1.0,0.2,15,random,0.3,71,71,1200
musique,0.0,0.0,15,chunk_head,0.3,71,71,1200
musique,1.0,0.3333333333333333,15,embedding_max,0.3,71,71,1200
musique,1.0,0.26666666666666666,15,embedding_mean_query,0.3,71,71,1200
musique,1.0,0.13333333333333333,15,embedding_last_query,0.3,71,71,1200
musique,1.0,0.5333333333333333,15,random,0.4,71,71,1600
musique,0.0,0.0,15,chunk_head,0.4,71,71,1600
musique,1.0,0.4,15,embedding_max,0.4,71,71,1600
musique,1.0,0.3333333333333333,15,embedding_mean_query,0.4,71,71,1600
musique,1.0,0.13333333333333333,15,embedding_last_query,0.4,71,71,1600
musique,1.0,0.5333333333333333,15,random,0.5,71,71,2001
musique,0.0,0.0,15,chunk_head,0.5,71,71,2001
musique,1.0,0.4666666666666667,15,embedding_max,0.5,71,71,2001
musique,1.0,0.4,15,embedding_mean_query,0.5,71,71,2001
musique,1.0,0.2,15,embedding_last_query,0.5,71,71,2001
musique,1.0,0.4666666666666667,15,random,0.6,71,71,2401
musique,1.0,1.0,15,chunk_head,0.6,71,71,2401
musique,1.0,0.6,15,embedding_max,0.6,71,71,2401
musique,1.0,0.4,15,embedding_mean_query,0.6,71,71,2401
musique,1.0,0.5333333333333333,15,embedding_last_query,0.6,71,71,2401
musique,1.0,0.6666666666666666,15,random,0.7,71,71,2801
musique,1.0,1.0,15,chunk_head,0.7,71,71,2801
musique,1.0,0.8,15,embedding_max,0.7,71,71,2801
musique,1.0,0.5333333333333333,15,embedding_mean_query,0.7,71,71,2801
musique,1.0,0.6666666666666666,15,embedding_last_query,0.7,71,71,2801
musique,1.0,0.6666666666666666,15,random,0.8,71,71,3201
musique,1.0,1.0,15,chunk_head,0.8,71,71,3201
musique,1.0,0.8666666666666667,15,embedding_max,0.8,71,71,3201
musique,1.0,0.6666666666666666,15,embedding_mean_query,0.8,71,71,3201
musique,1.0,0.6666666666666666,15,embedding_last_query,0.8,71,71,3201
musique,1.0,0.9333333333333333,15,random,0.9,71,71,3601
musique,1.0,1.0,15,chunk_head,0.9,71,71,3601
musique,1.0,0.9333333333333333,15,embedding_max,0.9,71,71,3601
musique,1.0,0.8,15,embedding_mean_query,0.9,71,71,3601
musique,1.0,0.8,15,embedding_last_query,0.9,71,71,3601
musique,1.0,1.0,15,random,1.0,71,71,4002
musique,1.0,1.0,15,chunk_head,1.0,71,71,4002
musique,1.0,1.0,15,embedding_max,1.0,71,71,4002
musique,1.0,1.0,15,embedding_mean_query,1.0,71,71,4002
musique,1.0,1.0,15,embedding_last_query,1.0,71,71,4002
musique,0.0,0.0,45,random,0.0,72,72,0
musique,0.0,0.0,45,chunk_head,0.0,72,72,0
musique,0.0,0.0,45,embedding_max,0.0,72,72,0
musique,0.0,0.0,45,embedding_mean_query,0.0,72,72,0
musique,0.0,0.0,45,embedding_last_query,0.0,72,72,0
musique,1.0,0.06666666666666667,45,random,0.1,72,72,401
musique,0.0,0.0,45,chunk_head,0.1,72,72,401
musique,1.0,0.13333333333333333,45,embedding_max,0.1,72,72,401
musique,1.0,0.13333333333333333,45,embedding_mean_query,0.1,72,72,401
musique,1.0,0.06666666666666667,45,embedding_last_query,0.1,72,72,401
musique,1.0,0.26666666666666666,45,random,0.2,72,72,802
musique,0.0,0.0,45,chunk_head,0.2,72,72,802
musique,1.0,0.13333333333333333,45,embedding_max,0.2,72,72,802
musique,1.0,0.26666666666666666,45,embedding_mean_query,0.2,72,72,802
musique,1.0,0.06666666666666667,45,embedding_last_query,0.2,72,72,802
musique,1.0,0.24444444444444444,45,random,0.3,72,72,1203
musique,0.0,0.0,45,chunk_head,0.3,72,72,1203
musique,1.0,0.3333333333333333,45,embedding_max,0.3,72,72,1203
musique,1.0,0.26666666666666666,45,embedding_mean_query,0.3,72,72,1203
musique,1.0,0.13333333333333333,45,embedding_last_query,0.3,72,72,1203
musique,1.0,0.37777777777777777,45,random,0.4,72,72,1604
musique,1.0,0.3333333333333333,45,chunk_head,0.4,72,72,1604
musique,1.0,0.4666666666666667,45,embedding_max,0.4,72,72,1604
musique,1.0,0.3333333333333333,45,embedding_mean_query,0.4,72,72,1604
musique,1.0,0.13333333333333333,45,embedding_last_query,0.4,72,72,1604
musique,1.0,0.5111111111111111,45,random,0.5,72,72,2005
musique,1.0,0.6666666666666666,45,chunk_head,0.5,72,72,2005
musique,1.0,0.5333333333333333,45,embedding_max,0.5,72,72,2005
musique,1.0,0.4666666666666667,45,embedding_mean_query,0.5,72,72,2005
musique,1.0,0.4,45,embedding_last_query,0.5,72,72,2005
musique,1.0,0.5777777777777777,45,random,0.6,72,72,2406
musique,1.0,0.6666666666666666,45,chunk_head,0.6,72,72,2406
musique,1.0,0.7333333333333333,45,embedding_max,0.6,72,72,2406
musique,1.0,0.5333333333333333,45,embedding_mean_query,0.6,72,72,2406
musique,1.0,0.5333333333333333,45,embedding_last_query,0.6,72,72,2406
musique,1.0,0.7333333333333333,45,random,0.7,72,72,2807
musique,1.0,0.6666666666666666,45,chunk_head,0.7,72,72,2807
musique,1.0,0.8,45,embedding_max,0.7,72,72,2807
musique,1.0,0.6666666666666666,45,embedding_mean_query,0.7,72,72,2807
musique,1.0,0.6666666666666666,45,embedding_last_query,0.7,72,72,2807
musique,1.0,0.7333333333333333,45,random,0.8,72,72,3208
musique,1.0,0.6666666666666666,45,chunk_head,0.8,72,72,3208
musique,1.0,0.8666666666666667,45,embedding_max,0.8,72,72,3208
musique,1.0,0.8666666666666667,45,embedding_mean_query,0.8,72,72,3208
musique,1.0,0.6666666666666666,45,embedding_last_query,0.8,72,72,3208
musique,1.0,0.8888888888888888,45,random,0.9,72,72,3609
musique,1.0,0.6666666666666666,45,chunk_head,0.9,72,72,3609
musique,1.0,0.8666666666666667,45,embedding_max,0.9,72,72,3609
musique,1.0,0.8666666666666667,45,embedding_mean_query,0.9,72,72,3609
musique,1.0,0.9333333333333333,45,embedding_last_query,0.9,72,72,3609
musique,1.0,1.0,45,random,1.0,72,72,4010
musique,1.0,1.0,45,chunk_head,1.0,72,72,4010
musique,1.0,1.0,45,embedding_max,1.0,72,72,4010
musique,1.0,1.0,45,embedding_mean_query,1.0,72,72,4010
musique,1.0,1.0,45,embedding_last_query,1.0,72,72,4010
musique,0.0,0.0,60,random,0.0,73,73,0
musique,0.0,0.0,60,chunk_head,0.0,73,73,0
musique,0.0,0.0,60,embedding_max,0.0,73,73,0
musique,0.0,0.0,60,embedding_mean_query,0.0,73,73,0
musique,0.0,0.0,60,embedding_last_query,0.0,73,73,0
musique,1.0,0.11666666666666667,60,random,0.1,73,73,401
musique,1.0,0.25,60,chunk_head,0.1,73,73,401
musique,1.0,0.13333333333333333,60,embedding_max,0.1,73,73,401
musique,1.0,0.13333333333333333,60,embedding_mean_query,0.1,73,73,401
musique,1.0,0.06666666666666667,60,embedding_last_query,0.1,73,73,401
musique,1.0,0.11666666666666667,60,random,0.2,73,73,802
musique,1.0,0.5,60,chunk_head,0.2,73,73,802
musique,1.0,0.2,60,embedding_max,0.2,73,73,802
musique,1.0,0.23333333333333334,60,embedding_mean_query,0.2,73,73,802
musique,1.0,0.06666666666666667,60,embedding_last_query,0.2,73,73,802
musique,1.0,0.35,60,random,0.3,73,73,1203
musique,1.0,0.5,60,chunk_head,0.3,73,73,1203
musique,1.0,0.38333333333333336,60,embedding_max,0.3,73,73,1203
musique,1.0,0.26666666666666666,60,embedding_mean_query,0.3,73,73,1203
musique,1.0,0.13333333333333333,60,embedding_last_query,0.3,73,73,1203
musique,1.0,0.4666666666666667,60,random,0.4,73,73,1604
musique,1.0,0.5,60,chunk_head,0.4,73,73,1604
musique,1.0,0.4666666666666667,60,embedding_max,0.4,73,73,1604
musique,1.0,0.4,60,embedding_mean_query,0.4,73,73,1604
musique,1.0,0.13333333333333333,60,embedding_last_query,0.4,73,73,1604
musique,1.0,0.5333333333333333,60,random,0.5,73,73,2005
musique,1.0,0.5,60,chunk_head,0.5,73,73,2005
musique,1.0,0.5333333333333333,60,embedding_max,0.5,73,73,2005
musique,1.0,0.5333333333333333,60,embedding_mean_query,0.5,73,73,2005
musique,1.0,0.4,60,embedding_last_query,0.5,73,73,2005
musique,1.0,0.55,60,random,0.6,73,73,2406
musique,1.0,0.75,60,chunk_head,0.6,73,73,2406
musique,1.0,0.7333333333333333,60,embedding_max,0.6,73,73,2406
musique,1.0,0.5333333333333333,60,embedding_mean_query,0.6,73,73,2406
musique,1.0,0.5333333333333333,60,embedding_last_query,0.6,73,73,2406
musique,1.0,0.7333333333333333,60,random,0.7,73,73,2807
musique,1.0,0.75,60,chunk_head,0.7,73,73,2807
musique,1.0,0.8,60,embedding_max,0.7,73,73,2807
musique,1.0,0.6166666666666667,60,embedding_mean_query,0.7,73,73,2807
musique,1.0,0.6666666666666666,60,embedding_last_query,0.7,73,73,2807
musique,1.0,0.8833333333333333,60,random,0.8,73,73,3208
musique,1.0,0.75,60,chunk_head,0.8,73,73,3208
musique,1.0,0.8,60,embedding_max,0.8,73,73,3208
musique,1.0,0.8666666666666667,60,embedding_mean_query,0.8,73,73,3208
musique,1.0,0.6666666666666666,60,embedding_last_query,0.8,73,73,3208
musique,1.0,0.9333333333333333,60,random,0.9,73,73,3609
musique,1.0,0.75,60,chunk_head,0.9,73,73,3609
musique,1.0,0.8666666666666667,60,embedding_max,0.9,73,73,3609
musique,1.0,0.8666666666666667,60,embedding_mean_query,0.9,73,73,3609
musique,1.0,0.9333333333333333,60,embedding_last_query,0.9,73,73,3609
musique,1.0,1.0,60,random,1.0,73,73,4010
musique,1.0,1.0,60,chunk_head,1.0,73,73,4010
musique,1.0,1.0,60,embedding_max,1.0,73,73,4010
musique,1.0,1.0,60,embedding_mean_query,1.0,73,73,4010
musique,1.0,1.0,60,embedding_last_query,1.0,73,73,4010
musique,0.0,0.0,28,random,0.0,74,74,0
musique,0.0,0.0,28,chunk_head,0.0,74,74,0
musique,0.0,0.0,28,embedding_max,0.0,74,74,0
musique,0.0,0.0,28,embedding_mean_query,0.0,74,74,0
musique,0.0,0.0,28,embedding_last_query,0.0,74,74,0
musique,1.0,0.03571428571428571,28,random,0.1,74,74,399
musique,0.0,0.0,28,chunk_head,0.1,74,74,399
musique,1.0,0.07142857142857142,28,embedding_max,0.1,74,74,399
musique,0.0,0.0,28,embedding_mean_query,0.1,74,74,399
musique,1.0,0.07142857142857142,28,embedding_last_query,0.1,74,74,399
musique,1.0,0.17857142857142858,28,random,0.2,74,74,799
musique,0.0,0.0,28,chunk_head,0.2,74,74,799
musique,1.0,0.07142857142857142,28,embedding_max,0.2,74,74,799
musique,1.0,0.07142857142857142,28,embedding_mean_query,0.2,74,74,799
musique,1.0,0.14285714285714285,28,embedding_last_query,0.2,74,74,799
musique,1.0,0.21428571428571427,28,random,0.3,74,74,1199
musique,0.0,0.0,28,chunk_head,0.3,74,74,1199
musique,1.0,0.07142857142857142,28,embedding_max,0.3,74,74,1199
musique,1.0,0.21428571428571427,28,embedding_mean_query,0.3,74,74,1199
musique,1.0,0.2857142857142857,28,embedding_last_query,0.3,74,74,1199
musique,1.0,0.5,28,random,0.4,74,74,1599
musique,1.0,0.5,28,chunk_head,0.4,74,74,1599
musique,1.0,0.17857142857142858,28,embedding_max,0.4,74,74,1599
musique,1.0,0.2857142857142857,28,embedding_mean_query,0.4,74,74,1599
musique,1.0,0.32142857142857145,28,embedding_last_query,0.4,74,74,1599
musique,1.0,0.4642857142857143,28,random,0.5,74,74,1999
musique,1.0,0.5,28,chunk_head,0.5,74,74,1999
musique,1.0,0.2857142857142857,28,embedding_max,0.5,74,74,1999
musique,1.0,0.2857142857142857,28,embedding_mean_query,0.5,74,74,1999
musique,1.0,0.35714285714285715,28,embedding_last_query,0.5,74,74,1999
musique,1.0,0.6785714285714286,28,random,0.6,74,74,2399
musique,1.0,1.0,28,chunk_head,0.6,74,74,2399
musique,1.0,0.5,28,embedding_max,0.6,74,74,2399
musique,1.0,0.42857142857142855,28,embedding_mean_query,0.6,74,74,2399
musique,1.0,0.42857142857142855,28,embedding_last_query,0.6,74,74,2399
musique,1.0,0.6071428571428571,28,random,0.7,74,74,2799
musique,1.0,1.0,28,chunk_head,0.7,74,74,2799
musique,1.0,0.8571428571428571,28,embedding_max,0.7,74,74,2799
musique,1.0,0.5714285714285714,28,embedding_mean_query,0.7,74,74,2799
musique,1.0,0.5714285714285714,28,embedding_last_query,0.7,74,74,2799
musique,1.0,0.6071428571428571,28,random,0.8,74,74,3199
musique,1.0,1.0,28,chunk_head,0.8,74,74,3199
musique,1.0,0.9285714285714286,28,embedding_max,0.8,74,74,3199
musique,1.0,0.8571428571428571,28,embedding_mean_query,0.8,74,74,3199
musique,1.0,0.7142857142857143,28,embedding_last_query,0.8,74,74,3199
musique,1.0,0.9285714285714286,28,random,0.9,74,74,3599
musique,1.0,1.0,28,chunk_head,0.9,74,74,3599
musique,1.0,1.0,28,embedding_max,0.9,74,74,3599
musique,1.0,1.0,28,embedding_mean_query,0.9,74,74,3599
musique,1.0,0.8571428571428571,28,embedding_last_query,0.9,74,74,3599
musique,1.0,1.0,28,random,1.0,74,74,3999
musique,1.0,1.0,28,chunk_head,1.0,74,74,3999
musique,1.0,1.0,28,embedding_max,1.0,74,74,3999
musique,1.0,1.0,28,embedding_mean_query,1.0,74,74,3999
musique,1.0,1.0,28,embedding_last_query,1.0,74,74,3999
musique,0.0,0.0,42,random,0.0,75,75,0
musique,0.0,0.0,42,chunk_head,0.0,75,75,0
musique,0.0,0.0,42,embedding_max,0.0,75,75,0
musique,0.0,0.0,42,embedding_mean_query,0.0,75,75,0
musique,0.0,0.0,42,embedding_last_query,0.0,75,75,0
musique,1.0,0.16666666666666666,42,random,0.1,75,75,400
musique,0.0,0.0,42,chunk_head,0.1,75,75,400
musique,1.0,0.14285714285714285,42,embedding_max,0.1,75,75,400
musique,1.0,0.07142857142857142,42,embedding_mean_query,0.1,75,75,400
musique,1.0,0.07142857142857142,42,embedding_last_query,0.1,75,75,400
musique,1.0,0.09523809523809523,42,random,0.2,75,75,800
musique,0.0,0.0,42,chunk_head,0.2,75,75,800
musique,1.0,0.14285714285714285,42,embedding_max,0.2,75,75,800
musique,1.0,0.14285714285714285,42,embedding_mean_query,0.2,75,75,800
musique,1.0,0.14285714285714285,42,embedding_last_query,0.2,75,75,800
musique,1.0,0.42857142857142855,42,random,0.3,75,75,1200
musique,1.0,0.3333333333333333,42,chunk_head,0.3,75,75,1200
musique,1.0,0.14285714285714285,42,embedding_max,0.3,75,75,1200
musique,1.0,0.14285714285714285,42,embedding_mean_query,0.3,75,75,1200
musique,1.0,0.2857142857142857,42,embedding_last_query,0.3,75,75,1200
musique,1.0,0.35714285714285715,42,random,0.4,75,75,1600
musique,1.0,0.3333333333333333,42,chunk_head,0.4,75,75,1600
musique,1.0,0.16666666666666666,42,embedding_max,0.4,75,75,1600
musique,1.0,0.21428571428571427,42,embedding_mean_query,0.4,75,75,1600
musique,1.0,0.35714285714285715,42,embedding_last_query,0.4,75,75,1600
musique,1.0,0.6428571428571429,42,random,0.5,75,75,2000
musique,1.0,0.6666666666666666,42,chunk_head,0.5,75,75,2000
musique,1.0,0.2857142857142857,42,embedding_max,0.5,75,75,2000
musique,1.0,0.35714285714285715,42,embedding_mean_query,0.5,75,75,2000
musique,1.0,0.35714285714285715,42,embedding_last_query,0.5,75,75,2000
musique,1.0,0.6428571428571429,42,random,0.6,75,75,2400
musique,1.0,0.6666666666666666,42,chunk_head,0.6,75,75,2400
musique,1.0,0.42857142857142855,42,embedding_max,0.6,75,75,2400
musique,1.0,0.42857142857142855,42,embedding_mean_query,0.6,75,75,2400
musique,1.0,0.42857142857142855,42,embedding_last_query,0.6,75,75,2400
musique,1.0,0.7857142857142857,42,random,0.7,75,75,2800
musique,1.0,0.6666666666666666,42,chunk_head,0.7,75,75,2800
musique,1.0,0.7857142857142857,42,embedding_max,0.7,75,75,2800
musique,1.0,0.5714285714285714,42,embedding_mean_query,0.7,75,75,2800
musique,1.0,0.5714285714285714,42,embedding_last_query,0.7,75,75,2800
musique,1.0,0.8333333333333334,42,random,0.8,75,75,3200
musique,1.0,0.6666666666666666,42,chunk_head,0.8,75,75,3200
musique,1.0,0.9285714285714286,42,embedding_max,0.8,75,75,3200
musique,1.0,0.7619047619047619,42,embedding_mean_query,0.8,75,75,3200
musique,1.0,0.7142857142857143,42,embedding_last_query,0.8,75,75,3200
musique,1.0,0.8809523809523809,42,random,0.9,75,75,3600
musique,1.0,1.0,42,chunk_head,0.9,75,75,3600
musique,1.0,1.0,42,embedding_max,0.9,75,75,3600
musique,1.0,1.0,42,embedding_mean_query,0.9,75,75,3600
musique,1.0,0.7857142857142857,42,embedding_last_query,0.9,75,75,3600
musique,1.0,1.0,42,random,1.0,75,75,4001
musique,1.0,1.0,42,chunk_head,1.0,75,75,4001
musique,1.0,1.0,42,embedding_max,1.0,75,75,4001
musique,1.0,1.0,42,embedding_mean_query,1.0,75,75,4001
musique,1.0,1.0,42,embedding_last_query,1.0,75,75,4001
musique,0.0,0.0,70,random,0.0,76,76,0
musique,0.0,0.0,70,chunk_head,0.0,76,76,0
musique,0.0,0.0,70,embedding_max,0.0,76,76,0
musique,0.0,0.0,70,embedding_mean_query,0.0,76,76,0
musique,0.0,0.0,70,embedding_last_query,0.0,76,76,0
musique,1.0,0.1,70,random,0.1,76,76,400
musique,1.0,0.2,70,chunk_head,0.1,76,76,400
musique,1.0,0.14285714285714285,70,embedding_max,0.1,76,76,400
musique,1.0,0.07142857142857142,70,embedding_mean_query,0.1,76,76,400
musique,1.0,0.07142857142857142,70,embedding_last_query,0.1,76,76,400
musique,1.0,0.3142857142857143,70,random,0.2,76,76,800
musique,1.0,0.2,70,chunk_head,0.2,76,76,800
musique,1.0,0.14285714285714285,70,embedding_max,0.2,76,76,800
musique,1.0,0.14285714285714285,70,embedding_mean_query,0.2,76,76,800
musique,1.0,0.14285714285714285,70,embedding_last_query,0.2,76,76,800
musique,1.0,0.24285714285714285,70,random,0.3,76,76,1200
musique,1.0,0.2,70,chunk_head,0.3,76,76,1200
musique,1.0,0.14285714285714285,70,embedding_max,0.3,76,76,1200
musique,1.0,0.14285714285714285,70,embedding_mean_query,0.3,76,76,1200
musique,1.0,0.2857142857142857,70,embedding_last_query,0.3,76,76,1200
musique,1.0,0.37142857142857144,70,random,0.4,76,76,1600
musique,1.0,0.4,70,chunk_head,0.4,76,76,1600
musique,1.0,0.2857142857142857,70,embedding_max,0.4,76,76,1600
musique,1.0,0.21428571428571427,70,embedding_mean_query,0.4,76,76,1600
musique,1.0,0.2857142857142857,70,embedding_last_query,0.4,76,76,1600
musique,1.0,0.5,70,random,0.5,76,76,2001
musique,1.0,0.4,70,chunk_head,0.5,76,76,2001
musique,1.0,0.35714285714285715,70,embedding_max,0.5,76,76,2001
musique,1.0,0.35714285714285715,70,embedding_mean_query,0.5,76,76,2001
musique,1.0,0.35714285714285715,70,embedding_last_query,0.5,76,76,2001
musique,1.0,0.5857142857142857,70,random,0.6,76,76,2401
musique,1.0,0.4,70,chunk_head,0.6,76,76,2401
musique,1.0,0.6428571428571429,70,embedding_max,0.6,76,76,2401
musique,1.0,0.5714285714285714,70,embedding_mean_query,0.6,76,76,2401
musique,1.0,0.42857142857142855,70,embedding_last_query,0.6,76,76,2401
musique,1.0,0.6428571428571429,70,random,0.7,76,76,2801
musique,1.0,0.6,70,chunk_head,0.7,76,76,2801
musique,1.0,0.9285714285714286,70,embedding_max,0.7,76,76,2801
musique,1.0,0.6428571428571429,70,embedding_mean_query,0.7,76,76,2801
musique,1.0,0.5,70,embedding_last_query,0.7,76,76,2801
musique,1.0,0.9,70,random,0.8,76,76,3201
musique,1.0,0.6,70,chunk_head,0.8,76,76,3201
musique,1.0,0.9285714285714286,70,embedding_max,0.8,76,76,3201
musique,1.0,0.9285714285714286,70,embedding_mean_query,0.8,76,76,3201
musique,1.0,0.7142857142857143,70,embedding_last_query,0.8,76,76,3201
musique,1.0,0.8428571428571429,70,random,0.9,76,76,3601
musique,1.0,0.8,70,chunk_head,0.9,76,76,3601
musique,1.0,1.0,70,embedding_max,0.9,76,76,3601
musique,1.0,1.0,70,embedding_mean_query,0.9,76,76,3601
musique,1.0,0.7857142857142857,70,embedding_last_query,0.9,76,76,3601
musique,1.0,1.0,70,random,1.0,76,76,4002
musique,1.0,1.0,70,chunk_head,1.0,76,76,4002
musique,1.0,1.0,70,embedding_max,1.0,76,76,4002
musique,1.0,1.0,70,embedding_mean_query,1.0,76,76,4002
musique,1.0,1.0,70,embedding_last_query,1.0,76,76,4002
musique,0.0,0.0,24,random,0.0,77,77,0
musique,0.0,0.0,24,chunk_head,0.0,77,77,0
musique,0.0,0.0,24,embedding_max,0.0,77,77,0
musique,0.0,0.0,24,embedding_mean_query,0.0,77,77,0
musique,0.0,0.0,24,embedding_last_query,0.0,77,77,0
musique,1.0,0.2916666666666667,24,random,0.1,77,77,400
musique,0.0,0.0,24,chunk_head,0.1,77,77,400
musique,1.0,0.16666666666666666,24,embedding_max,0.1,77,77,400
musique,1.0,0.16666666666666666,24,embedding_mean_query,0.1,77,77,400
musique,1.0,0.08333333333333333,24,embedding_last_query,0.1,77,77,400
musique,1.0,0.041666666666666664,24,random,0.2,77,77,800
musique,0.0,0.0,24,chunk_head,0.2,77,77,800
musique,1.0,0.2916666666666667,24,embedding_max,0.2,77,77,800
musique,1.0,0.3333333333333333,24,embedding_mean_query,0.2,77,77,800
musique,1.0,0.08333333333333333,24,embedding_last_query,0.2,77,77,800
musique,1.0,0.3333333333333333,24,random,0.3,77,77,1200
musique,0.0,0.0,24,chunk_head,0.3,77,77,1200
musique,1.0,0.5,24,embedding_max,0.3,77,77,1200
musique,1.0,0.4166666666666667,24,embedding_mean_query,0.3,77,77,1200
musique,1.0,0.25,24,embedding_last_query,0.3,77,77,1200
musique,1.0,0.2916666666666667,24,random,0.4,77,77,1600
musique,0.0,0.0,24,chunk_head,0.4,77,77,1600
musique,1.0,0.625,24,embedding_max,0.4,77,77,1600
musique,1.0,0.5833333333333334,24,embedding_mean_query,0.4,77,77,1600
musique,1.0,0.4583333333333333,24,embedding_last_query,0.4,77,77,1600
musique,1.0,0.4166666666666667,24,random,0.5,77,77,2001
musique,0.0,0.0,24,chunk_head,0.5,77,77,2001
musique,1.0,0.7083333333333334,24,embedding_max,0.5,77,77,2001
musique,1.0,0.875,24,embedding_mean_query,0.5,77,77,2001
musique,1.0,0.625,24,embedding_last_query,0.5,77,77,2001
musique,1.0,0.4583333333333333,24,random,0.6,77,77,2401
musique,0.0,0.0,24,chunk_head,0.6,77,77,2401
musique,1.0,0.875,24,embedding_max,0.6,77,77,2401
musique,1.0,0.875,24,embedding_mean_query,0.6,77,77,2401
musique,1.0,0.625,24,embedding_last_query,0.6,77,77,2401
musique,1.0,0.875,24,random,0.7,77,77,2801
musique,0.0,0.0,24,chunk_head,0.7,77,77,2801
musique,1.0,0.9166666666666666,24,embedding_max,0.7,77,77,2801
musique,1.0,0.875,24,embedding_mean_query,0.7,77,77,2801
musique,1.0,0.7916666666666666,24,embedding_last_query,0.7,77,77,2801
musique,1.0,0.875,24,random,0.8,77,77,3201
musique,0.0,0.0,24,chunk_head,0.8,77,77,3201
musique,1.0,0.9166666666666666,24,embedding_max,0.8,77,77,3201
musique,1.0,0.875,24,embedding_mean_query,0.8,77,77,3201
musique,1.0,0.8333333333333334,24,embedding_last_query,0.8,77,77,3201
musique,1.0,0.7916666666666666,24,random,0.9,77,77,3601
musique,0.0,0.0,24,chunk_head,0.9,77,77,3601
musique,1.0,0.9166666666666666,24,embedding_max,0.9,77,77,3601
musique,1.0,0.9166666666666666,24,embedding_mean_query,0.9,77,77,3601
musique,1.0,0.8333333333333334,24,embedding_last_query,0.9,77,77,3601
musique,1.0,1.0,24,random,1.0,77,77,4002
musique,1.0,1.0,24,chunk_head,1.0,77,77,4002
musique,1.0,1.0,24,embedding_max,1.0,77,77,4002
musique,1.0,1.0,24,embedding_mean_query,1.0,77,77,4002
musique,1.0,1.0,24,embedding_last_query,1.0,77,77,4002
musique,0.0,0.0,75,random,0.0,79,79,0
musique,0.0,0.0,75,chunk_head,0.0,79,79,0
musique,0.0,0.0,75,embedding_max,0.0,79,79,0
musique,0.0,0.0,75,embedding_mean_query,0.0,79,79,0
musique,0.0,0.0,75,embedding_last_query,0.0,79,79,0
musique,1.0,0.14666666666666667,75,random,0.1,79,79,400
musique,1.0,0.2,75,chunk_head,0.1,79,79,400
musique,1.0,0.26666666666666666,75,embedding_max,0.1,79,79,400
musique,1.0,0.26666666666666666,75,embedding_mean_query,0.1,79,79,400
musique,1.0,0.06666666666666667,75,embedding_last_query,0.1,79,79,400
musique,1.0,0.2,75,random,0.2,79,79,801
musique,1.0,0.4,75,chunk_head,0.2,79,79,801
musique,1.0,0.37333333333333335,75,embedding_max,0.2,79,79,801
musique,1.0,0.30666666666666664,75,embedding_mean_query,0.2,79,79,801
musique,1.0,0.09333333333333334,75,embedding_last_query,0.2,79,79,801
musique,1.0,0.28,75,random,0.3,79,79,1202
musique,1.0,0.4,75,chunk_head,0.3,79,79,1202
musique,1.0,0.4666666666666667,75,embedding_max,0.3,79,79,1202
musique,1.0,0.3333333333333333,75,embedding_mean_query,0.3,79,79,1202
musique,1.0,0.3466666666666667,75,embedding_last_query,0.3,79,79,1202
musique,1.0,0.4266666666666667,75,random,0.4,79,79,1603
musique,1.0,0.6,75,chunk_head,0.4,79,79,1603
musique,1.0,0.56,75,embedding_max,0.4,79,79,1603
musique,1.0,0.4,75,embedding_mean_query,0.4,79,79,1603
musique,1.0,0.41333333333333333,75,embedding_last_query,0.4,79,79,1603
musique,1.0,0.49333333333333335,75,random,0.5,79,79,2004
musique,1.0,0.8,75,chunk_head,0.5,79,79,2004
musique,1.0,0.6533333333333333,75,embedding_max,0.5,79,79,2004
musique,1.0,0.49333333333333335,75,embedding_mean_query,0.5,79,79,2004
musique,1.0,0.41333333333333333,75,embedding_last_query,0.5,79,79,2004
musique,1.0,0.56,75,random,0.6,79,79,2405
musique,1.0,0.8,75,chunk_head,0.6,79,79,2405
musique,1.0,0.68,75,embedding_max,0.6,79,79,2405
musique,1.0,0.5866666666666667,75,embedding_mean_query,0.6,79,79,2405
musique,1.0,0.48,75,embedding_last_query,0.6,79,79,2405
musique,1.0,0.7333333333333333,75,random,0.7,79,79,2806
musique,1.0,0.8,75,chunk_head,0.7,79,79,2806
musique,1.0,0.68,75,embedding_max,0.7,79,79,2806
musique,1.0,0.6533333333333333,75,embedding_mean_query,0.7,79,79,2806
musique,1.0,0.64,75,embedding_last_query,0.7,79,79,2806
musique,1.0,0.84,75,random,0.8,79,79,3207
musique,1.0,0.8,75,chunk_head,0.8,79,79,3207
musique,1.0,0.72,75,embedding_max,0.8,79,79,3207
musique,1.0,0.72,75,embedding_mean_query,0.8,79,79,3207
musique,1.0,0.7333333333333333,75,embedding_last_query,0.8,79,79,3207
musique,1.0,0.9466666666666667,75,random,0.9,79,79,3608
musique,1.0,0.8,75,chunk_head,0.9,79,79,3608
musique,1.0,0.8666666666666667,75,embedding_max,0.9,79,79,3608
musique,1.0,0.9066666666666666,75,embedding_mean_query,0.9,79,79,3608
musique,1.0,0.9066666666666666,75,embedding_last_query,0.9,79,79,3608
musique,1.0,1.0,75,random,1.0,79,79,4009
musique,1.0,1.0,75,chunk_head,1.0,79,79,4009
musique,1.0,1.0,75,embedding_max,1.0,79,79,4009
musique,1.0,1.0,75,embedding_mean_query,1.0,79,79,4009
musique,1.0,1.0,75,embedding_last_query,1.0,79,79,4009
musique,0.0,0.0,15,random,0.0,80,80,0
musique,0.0,0.0,15,chunk_head,0.0,80,80,0
musique,0.0,0.0,15,embedding_max,0.0,80,80,0
musique,0.0,0.0,15,embedding_mean_query,0.0,80,80,0
musique,0.0,0.0,15,embedding_last_query,0.0,80,80,0
musique,1.0,0.2,15,random,0.1,80,80,400
musique,0.0,0.0,15,chunk_head,0.1,80,80,400
musique,1.0,0.26666666666666666,15,embedding_max,0.1,80,80,400
musique,1.0,0.26666666666666666,15,embedding_mean_query,0.1,80,80,400
musique,1.0,0.06666666666666667,15,embedding_last_query,0.1,80,80,400
musique,1.0,0.26666666666666666,15,random,0.2,80,80,800
musique,0.0,0.0,15,chunk_head,0.2,80,80,800
musique,1.0,0.26666666666666666,15,embedding_max,0.2,80,80,800
musique,1.0,0.26666666666666666,15,embedding_mean_query,0.2,80,80,800
musique,1.0,0.13333333333333333,15,embedding_last_query,0.2,80,80,800
musique,1.0,0.2,15,random,0.3,80,80,1201
musique,0.0,0.0,15,chunk_head,0.3,80,80,1201
musique,1.0,0.5333333333333333,15,embedding_max,0.3,80,80,1201
musique,1.0,0.3333333333333333,15,embedding_mean_query,0.3,80,80,1201
musique,1.0,0.26666666666666666,15,embedding_last_query,0.3,80,80,1201
musique,1.0,0.5333333333333333,15,random,0.4,80,80,1601
musique,0.0,0.0,15,chunk_head,0.4,80,80,1601
musique,1.0,0.6666666666666666,15,embedding_max,0.4,80,80,1601
musique,1.0,0.4666666666666667,15,embedding_mean_query,0.4,80,80,1601
musique,1.0,0.3333333333333333,15,embedding_last_query,0.4,80,80,1601
musique,1.0,0.6,15,random,0.5,80,80,2002
musique,1.0,1.0,15,chunk_head,0.5,80,80,2002
musique,1.0,0.6666666666666666,15,embedding_max,0.5,80,80,2002
musique,1.0,0.6,15,embedding_mean_query,0.5,80,80,2002
musique,1.0,0.3333333333333333,15,embedding_last_query,0.5,80,80,2002
musique,1.0,0.6666666666666666,15,random,0.6,80,80,2402
musique,1.0,1.0,15,chunk_head,0.6,80,80,2402
musique,1.0,0.8,15,embedding_max,0.6,80,80,2402
musique,1.0,0.6666666666666666,15,embedding_mean_query,0.6,80,80,2402
musique,1.0,0.4666666666666667,15,embedding_last_query,0.6,80,80,2402
musique,1.0,0.8,15,random,0.7,80,80,2802
musique,1.0,1.0,15,chunk_head,0.7,80,80,2802
musique,1.0,0.8,15,embedding_max,0.7,80,80,2802
musique,1.0,0.7333333333333333,15,embedding_mean_query,0.7,80,80,2802
musique,1.0,0.6666666666666666,15,embedding_last_query,0.7,80,80,2802
musique,1.0,0.8666666666666667,15,random,0.8,80,80,3203
musique,1.0,1.0,15,chunk_head,0.8,80,80,3203
musique,1.0,0.8,15,embedding_max,0.8,80,80,3203
musique,1.0,0.8,15,embedding_mean_query,0.8,80,80,3203
musique,1.0,0.8,15,embedding_last_query,0.8,80,80,3203
musique,1.0,0.9333333333333333,15,random,0.9,80,80,3603
musique,1.0,1.0,15,chunk_head,0.9,80,80,3603
musique,1.0,0.8666666666666667,15,embedding_max,0.9,80,80,3603
musique,1.0,0.8666666666666667,15,embedding_mean_query,0.9,80,80,3603
musique,1.0,0.8666666666666667,15,embedding_last_query,0.9,80,80,3603
musique,1.0,1.0,15,random,1.0,80,80,4004
musique,1.0,1.0,15,chunk_head,1.0,80,80,4004
musique,1.0,1.0,15,embedding_max,1.0,80,80,4004
musique,1.0,1.0,15,embedding_mean_query,1.0,80,80,4004
musique,1.0,1.0,15,embedding_last_query,1.0,80,80,4004
musique,0.0,0.0,32,random,0.0,81,81,0
musique,0.0,0.0,32,chunk_head,0.0,81,81,0
musique,0.0,0.0,32,embedding_max,0.0,81,81,0
musique,0.0,0.0,32,embedding_mean_query,0.0,81,81,0
musique,0.0,0.0,32,embedding_last_query,0.0,81,81,0
musique,1.0,0.15625,32,random,0.1,81,81,400
musique,0.0,0.0,32,chunk_head,0.1,81,81,400
musique,0.0,0.0,32,embedding_max,0.1,81,81,400
musique,0.0,0.0,32,embedding_mean_query,0.1,81,81,400
musique,1.0,0.0625,32,embedding_last_query,0.1,81,81,400
musique,1.0,0.1875,32,random,0.2,81,81,801
musique,1.0,0.5,32,chunk_head,0.2,81,81,801
musique,1.0,0.0625,32,embedding_max,0.2,81,81,801
musique,1.0,0.0625,32,embedding_mean_query,0.2,81,81,801
musique,1.0,0.25,32,embedding_last_query,0.2,81,81,801
musique,1.0,0.34375,32,random,0.3,81,81,1202
musique,1.0,1.0,32,chunk_head,0.3,81,81,1202
musique,1.0,0.125,32,embedding_max,0.3,81,81,1202
musique,1.0,0.1875,32,embedding_mean_query,0.3,81,81,1202
musique,1.0,0.3125,32,embedding_last_query,0.3,81,81,1202
musique,1.0,0.25,32,random,0.4,81,81,1603
musique,1.0,1.0,32,chunk_head,0.4,81,81,1603
musique,1.0,0.1875,32,embedding_max,0.4,81,81,1603
musique,1.0,0.25,32,embedding_mean_query,0.4,81,81,1603
musique,1.0,0.4375,32,embedding_last_query,0.4,81,81,1603
musique,1.0,0.59375,32,random,0.5,81,81,2004
musique,1.0,1.0,32,chunk_head,0.5,81,81,2004
musique,1.0,0.25,32,embedding_max,0.5,81,81,2004
musique,1.0,0.25,32,embedding_mean_query,0.5,81,81,2004
musique,1.0,0.5,32,embedding_last_query,0.5,81,81,2004
musique,1.0,0.625,32,random,0.6,81,81,2404
musique,1.0,1.0,32,chunk_head,0.6,81,81,2404
musique,1.0,0.4375,32,embedding_max,0.6,81,81,2404
musique,1.0,0.375,32,embedding_mean_query,0.6,81,81,2404
musique,1.0,0.5,32,embedding_last_query,0.6,81,81,2404
musique,1.0,0.84375,32,random,0.7,81,81,2805
musique,1.0,1.0,32,chunk_head,0.7,81,81,2805
musique,1.0,0.625,32,embedding_max,0.7,81,81,2805
musique,1.0,0.5625,32,embedding_mean_query,0.7,81,81,2805
musique,1.0,0.5625,32,embedding_last_query,0.7,81,81,2805
musique,1.0,0.75,32,random,0.8,81,81,3206
musique,1.0,1.0,32,chunk_head,0.8,81,81,3206
musique,1.0,0.6875,32,embedding_max,0.8,81,81,3206
musique,1.0,0.6875,32,embedding_mean_query,0.8,81,81,3206
musique,1.0,0.6875,32,embedding_last_query,0.8,81,81,3206
musique,1.0,0.84375,32,random,0.9,81,81,3607
musique,1.0,1.0,32,chunk_head,0.9,81,81,3607
musique,1.0,0.875,32,embedding_max,0.9,81,81,3607
musique,1.0,0.8125,32,embedding_mean_query,0.9,81,81,3607
musique,1.0,0.9375,32,embedding_last_query,0.9,81,81,3607
musique,1.0,1.0,32,random,1.0,81,81,4008
musique,1.0,1.0,32,chunk_head,1.0,81,81,4008
musique,1.0,1.0,32,embedding_max,1.0,81,81,4008
musique,1.0,1.0,32,embedding_mean_query,1.0,81,81,4008
musique,1.0,1.0,32,embedding_last_query,1.0,81,81,4008
musique,0.0,0.0,26,random,0.0,82,82,0
musique,0.0,0.0,26,chunk_head,0.0,82,82,0
musique,0.0,0.0,26,embedding_max,0.0,82,82,0
musique,0.0,0.0,26,embedding_mean_query,0.0,82,82,0
musique,0.0,0.0,26,embedding_last_query,0.0,82,82,0
musique,1.0,0.038461538461538464,26,random,0.1,82,82,399
musique,0.0,0.0,26,chunk_head,0.1,82,82,399
musique,1.0,0.15384615384615385,26,embedding_max,0.1,82,82,399
musique,1.0,0.15384615384615385,26,embedding_mean_query,0.1,82,82,399
musique,1.0,0.07692307692307693,26,embedding_last_query,0.1,82,82,399
musique,1.0,0.19230769230769232,26,random,0.2,82,82,799
musique,0.0,0.0,26,chunk_head,0.2,82,82,799
musique,1.0,0.15384615384615385,26,embedding_max,0.2,82,82,799
musique,1.0,0.23076923076923078,26,embedding_mean_query,0.2,82,82,799
musique,1.0,0.07692307692307693,26,embedding_last_query,0.2,82,82,799
musique,1.0,0.34615384615384615,26,random,0.3,82,82,1199
musique,1.0,0.5,26,chunk_head,0.3,82,82,1199
musique,1.0,0.15384615384615385,26,embedding_max,0.3,82,82,1199
musique,1.0,0.23076923076923078,26,embedding_mean_query,0.3,82,82,1199
musique,1.0,0.3076923076923077,26,embedding_last_query,0.3,82,82,1199
musique,1.0,0.4230769230769231,26,random,0.4,82,82,1599
musique,1.0,0.5,26,chunk_head,0.4,82,82,1599
musique,1.0,0.38461538461538464,26,embedding_max,0.4,82,82,1599
musique,1.0,0.38461538461538464,26,embedding_mean_query,0.4,82,82,1599
musique,1.0,0.38461538461538464,26,embedding_last_query,0.4,82,82,1599
musique,1.0,0.5769230769230769,26,random,0.5,82,82,1999
musique,1.0,0.5,26,chunk_head,0.5,82,82,1999
musique,1.0,0.46153846153846156,26,embedding_max,0.5,82,82,1999
musique,1.0,0.38461538461538464,26,embedding_mean_query,0.5,82,82,1999
musique,1.0,0.46153846153846156,26,embedding_last_query,0.5,82,82,1999
musique,1.0,0.6153846153846154,26,random,0.6,82,82,2399
musique,1.0,0.5,26,chunk_head,0.6,82,82,2399
musique,1.0,0.6153846153846154,26,embedding_max,0.6,82,82,2399
musique,1.0,0.5384615384615384,26,embedding_mean_query,0.6,82,82,2399
musique,1.0,0.46153846153846156,26,embedding_last_query,0.6,82,82,2399
musique,1.0,0.6153846153846154,26,random,0.7,82,82,2799
musique,1.0,1.0,26,chunk_head,0.7,82,82,2799
musique,1.0,0.6153846153846154,26,embedding_max,0.7,82,82,2799
musique,1.0,0.6923076923076923,26,embedding_mean_query,0.7,82,82,2799
musique,1.0,0.6153846153846154,26,embedding_last_query,0.7,82,82,2799
musique,1.0,0.8846153846153846,26,random,0.8,82,82,3199
musique,1.0,1.0,26,chunk_head,0.8,82,82,3199
musique,1.0,0.7692307692307693,26,embedding_max,0.8,82,82,3199
musique,1.0,0.7692307692307693,26,embedding_mean_query,0.8,82,82,3199
musique,1.0,0.7692307692307693,26,embedding_last_query,0.8,82,82,3199
musique,1.0,0.9615384615384616,26,random,0.9,82,82,3599
musique,1.0,1.0,26,chunk_head,0.9,82,82,3599
musique,1.0,1.0,26,embedding_max,0.9,82,82,3599
musique,1.0,0.9230769230769231,26,embedding_mean_query,0.9,82,82,3599
musique,1.0,0.7692307692307693,26,embedding_last_query,0.9,82,82,3599
musique,1.0,1.0,26,random,1.0,82,82,3999
musique,1.0,1.0,26,chunk_head,1.0,82,82,3999
musique,1.0,1.0,26,embedding_max,1.0,82,82,3999
musique,1.0,1.0,26,embedding_mean_query,1.0,82,82,3999
musique,1.0,1.0,26,embedding_last_query,1.0,82,82,3999
musique,0.0,0.0,26,random,0.0,83,83,0
musique,0.0,0.0,26,chunk_head,0.0,83,83,0
musique,0.0,0.0,26,embedding_max,0.0,83,83,0
musique,0.0,0.0,26,embedding_mean_query,0.0,83,83,0
musique,0.0,0.0,26,embedding_last_query,0.0,83,83,0
musique,1.0,0.11538461538461539,26,random,0.1,83,83,399
musique,1.0,0.5,26,chunk_head,0.1,83,83,399
musique,1.0,0.15384615384615385,26,embedding_max,0.1,83,83,399
musique,1.0,0.07692307692307693,26,embedding_mean_query,0.1,83,83,399
musique,1.0,0.07692307692307693,26,embedding_last_query,0.1,83,83,399
musique,1.0,0.23076923076923078,26,random,0.2,83,83,798
musique,1.0,0.5,26,chunk_head,0.2,83,83,798
musique,1.0,0.15384615384615385,26,embedding_max,0.2,83,83,798
musique,1.0,0.15384615384615385,26,embedding_mean_query,0.2,83,83,798
musique,1.0,0.07692307692307693,26,embedding_last_query,0.2,83,83,798
musique,1.0,0.3076923076923077,26,random,0.3,83,83,1197
musique,1.0,0.5,26,chunk_head,0.3,83,83,1197
musique,1.0,0.15384615384615385,26,embedding_max,0.3,83,83,1197
musique,1.0,0.19230769230769232,26,embedding_mean_query,0.3,83,83,1197
musique,1.0,0.3076923076923077,26,embedding_last_query,0.3,83,83,1197
musique,1.0,0.4230769230769231,26,random,0.4,83,83,1597
musique,1.0,0.5,26,chunk_head,0.4,83,83,1597
musique,1.0,0.38461538461538464,26,embedding_max,0.4,83,83,1597
musique,1.0,0.38461538461538464,26,embedding_mean_query,0.4,83,83,1597
musique,1.0,0.38461538461538464,26,embedding_last_query,0.4,83,83,1597
musique,1.0,0.46153846153846156,26,random,0.5,83,83,1996
musique,1.0,1.0,26,chunk_head,0.5,83,83,1996
musique,1.0,0.46153846153846156,26,embedding_max,0.5,83,83,1996
musique,1.0,0.38461538461538464,26,embedding_mean_query,0.5,83,83,1996
musique,1.0,0.46153846153846156,26,embedding_last_query,0.5,83,83,1996
musique,1.0,0.6153846153846154,26,random,0.6,83,83,2395
musique,1.0,1.0,26,chunk_head,0.6,83,83,2395
musique,1.0,0.6153846153846154,26,embedding_max,0.6,83,83,2395
musique,1.0,0.5384615384615384,26,embedding_mean_query,0.6,83,83,2395
musique,1.0,0.46153846153846156,26,embedding_last_query,0.6,83,83,2395
musique,1.0,0.6153846153846154,26,random,0.7,83,83,2795
musique,1.0,1.0,26,chunk_head,0.7,83,83,2795
musique,1.0,0.6923076923076923,26,embedding_max,0.7,83,83,2795
musique,1.0,0.6923076923076923,26,embedding_mean_query,0.7,83,83,2795
musique,1.0,0.6153846153846154,26,embedding_last_query,0.7,83,83,2795
musique,1.0,0.6538461538461539,26,random,0.8,83,83,3194
musique,1.0,1.0,26,chunk_head,0.8,83,83,3194
musique,1.0,0.8461538461538461,26,embedding_max,0.8,83,83,3194
musique,1.0,0.8461538461538461,26,embedding_mean_query,0.8,83,83,3194
musique,1.0,0.6923076923076923,26,embedding_last_query,0.8,83,83,3194
musique,1.0,0.9230769230769231,26,random,0.9,83,83,3593
musique,1.0,1.0,26,chunk_head,0.9,83,83,3593
musique,1.0,1.0,26,embedding_max,0.9,83,83,3593
musique,1.0,0.9230769230769231,26,embedding_mean_query,0.9,83,83,3593
musique,1.0,0.7692307692307693,26,embedding_last_query,0.9,83,83,3593
musique,1.0,1.0,26,random,1.0,83,83,3993
musique,1.0,1.0,26,chunk_head,1.0,83,83,3993
musique,1.0,1.0,26,embedding_max,1.0,83,83,3993
musique,1.0,1.0,26,embedding_mean_query,1.0,83,83,3993
musique,1.0,1.0,26,embedding_last_query,1.0,83,83,3993
musique,0.0,0.0,26,random,0.0,84,84,0
musique,0.0,0.0,26,chunk_head,0.0,84,84,0
musique,0.0,0.0,26,embedding_max,0.0,84,84,0
musique,0.0,0.0,26,embedding_mean_query,0.0,84,84,0
musique,0.0,0.0,26,embedding_last_query,0.0,84,84,0
musique,0.0,0.0,26,random,0.1,84,84,400
musique,1.0,0.5,26,chunk_head,0.1,84,84,400
musique,0.0,0.0,26,embedding_max,0.1,84,84,400
musique,1.0,0.07692307692307693,26,embedding_mean_query,0.1,84,84,400
musique,1.0,0.07692307692307693,26,embedding_last_query,0.1,84,84,400
musique,1.0,0.038461538461538464,26,random,0.2,84,84,801
musique,1.0,0.5,26,chunk_head,0.2,84,84,801
musique,1.0,0.07692307692307693,26,embedding_max,0.2,84,84,801
musique,1.0,0.15384615384615385,26,embedding_mean_query,0.2,84,84,801
musique,1.0,0.07692307692307693,26,embedding_last_query,0.2,84,84,801
musique,1.0,0.2692307692307692,26,random,0.3,84,84,1201
musique,1.0,0.5,26,chunk_head,0.3,84,84,1201
musique,1.0,0.3076923076923077,26,embedding_max,0.3,84,84,1201
musique,1.0,0.23076923076923078,26,embedding_mean_query,0.3,84,84,1201
musique,1.0,0.3076923076923077,26,embedding_last_query,0.3,84,84,1201
musique,1.0,0.3076923076923077,26,random,0.4,84,84,1602
musique,1.0,1.0,26,chunk_head,0.4,84,84,1602
musique,1.0,0.46153846153846156,26,embedding_max,0.4,84,84,1602
musique,1.0,0.3076923076923077,26,embedding_mean_query,0.4,84,84,1602
musique,1.0,0.38461538461538464,26,embedding_last_query,0.4,84,84,1602
musique,1.0,0.46153846153846156,26,random,0.5,84,84,2002
musique,1.0,1.0,26,chunk_head,0.5,84,84,2002
musique,1.0,0.46153846153846156,26,embedding_max,0.5,84,84,2002
musique,1.0,0.46153846153846156,26,embedding_mean_query,0.5,84,84,2002
musique,1.0,0.46153846153846156,26,embedding_last_query,0.5,84,84,2002
musique,1.0,0.5769230769230769,26,random,0.6,84,84,2403
musique,1.0,1.0,26,chunk_head,0.6,84,84,2403
musique,1.0,0.6153846153846154,26,embedding_max,0.6,84,84,2403
musique,1.0,0.6153846153846154,26,embedding_mean_query,0.6,84,84,2403
musique,1.0,0.46153846153846156,26,embedding_last_query,0.6,84,84,2403
musique,1.0,0.6153846153846154,26,random,0.7,84,84,2803
musique,1.0,1.0,26,chunk_head,0.7,84,84,2803
musique,1.0,0.7692307692307693,26,embedding_max,0.7,84,84,2803
musique,1.0,0.6923076923076923,26,embedding_mean_query,0.7,84,84,2803
musique,1.0,0.6153846153846154,26,embedding_last_query,0.7,84,84,2803
musique,1.0,0.7692307692307693,26,random,0.8,84,84,3204
musique,1.0,1.0,26,chunk_head,0.8,84,84,3204
musique,1.0,0.7692307692307693,26,embedding_max,0.8,84,84,3204
musique,1.0,0.8461538461538461,26,embedding_mean_query,0.8,84,84,3204
musique,1.0,0.6923076923076923,26,embedding_last_query,0.8,84,84,3204
musique,1.0,0.8846153846153846,26,random,0.9,84,84,3604
musique,1.0,1.0,26,chunk_head,0.9,84,84,3604
musique,1.0,1.0,26,embedding_max,0.9,84,84,3604
musique,1.0,0.9230769230769231,26,embedding_mean_query,0.9,84,84,3604
musique,1.0,0.7692307692307693,26,embedding_last_query,0.9,84,84,3604
musique,1.0,1.0,26,random,1.0,84,84,4005
musique,1.0,1.0,26,chunk_head,1.0,84,84,4005
musique,1.0,1.0,26,embedding_max,1.0,84,84,4005
musique,1.0,1.0,26,embedding_mean_query,1.0,84,84,4005
musique,1.0,1.0,26,embedding_last_query,1.0,84,84,4005
musique,0.0,0.0,180,random,0.0,85,85,0
musique,0.0,0.0,180,chunk_head,0.0,85,85,0
musique,0.0,0.0,180,embedding_max,0.0,85,85,0
musique,0.0,0.0,180,embedding_mean_query,0.0,85,85,0
musique,0.0,0.0,180,embedding_last_query,0.0,85,85,0
musique,1.0,0.08333333333333333,180,random,0.1,85,85,399
musique,1.0,0.16666666666666666,180,chunk_head,0.1,85,85,399
musique,1.0,0.07222222222222222,180,embedding_max,0.1,85,85,399
musique,0.0,0.0,180,embedding_mean_query,0.1,85,85,399
musique,1.0,0.044444444444444446,180,embedding_last_query,0.1,85,85,399
musique,1.0,0.14444444444444443,180,random,0.2,85,85,798
musique,1.0,0.16666666666666666,180,chunk_head,0.2,85,85,798
musique,1.0,0.08888888888888889,180,embedding_max,0.2,85,85,798
musique,1.0,0.022222222222222223,180,embedding_mean_query,0.2,85,85,798
musique,1.0,0.12222222222222222,180,embedding_last_query,0.2,85,85,798
musique,1.0,0.29444444444444445,180,random,0.3,85,85,1197
musique,1.0,0.3333333333333333,180,chunk_head,0.3,85,85,1197
musique,1.0,0.13333333333333333,180,embedding_max,0.3,85,85,1197
musique,1.0,0.1111111111111111,180,embedding_mean_query,0.3,85,85,1197
musique,1.0,0.2111111111111111,180,embedding_last_query,0.3,85,85,1197
musique,1.0,0.4166666666666667,180,random,0.4,85,85,1596
musique,1.0,0.3333333333333333,180,chunk_head,0.4,85,85,1596
musique,1.0,0.18888888888888888,180,embedding_max,0.4,85,85,1596
musique,1.0,0.16666666666666666,180,embedding_mean_query,0.4,85,85,1596
musique,1.0,0.3,180,embedding_last_query,0.4,85,85,1596
musique,1.0,0.5111111111111111,180,random,0.5,85,85,1995
musique,1.0,0.3333333333333333,180,chunk_head,0.5,85,85,1995
musique,1.0,0.2777777777777778,180,embedding_max,0.5,85,85,1995
musique,1.0,0.31666666666666665,180,embedding_mean_query,0.5,85,85,1995
musique,1.0,0.4666666666666667,180,embedding_last_query,0.5,85,85,1995
musique,1.0,0.6222222222222222,180,random,0.6,85,85,2394
musique,1.0,0.5,180,chunk_head,0.6,85,85,2394
musique,1.0,0.36666666666666664,180,embedding_max,0.6,85,85,2394
musique,1.0,0.5333333333333333,180,embedding_mean_query,0.6,85,85,2394
musique,1.0,0.6111111111111112,180,embedding_last_query,0.6,85,85,2394
musique,1.0,0.7,180,random,0.7,85,85,2793
musique,1.0,0.6666666666666666,180,chunk_head,0.7,85,85,2793
musique,1.0,0.6222222222222222,180,embedding_max,0.7,85,85,2793
musique,1.0,0.6444444444444445,180,embedding_mean_query,0.7,85,85,2793
musique,1.0,0.6666666666666666,180,embedding_last_query,0.7,85,85,2793
musique,1.0,0.7666666666666667,180,random,0.8,85,85,3192
musique,1.0,0.75,180,chunk_head,0.8,85,85,3192
musique,1.0,0.7444444444444445,180,embedding_max,0.8,85,85,3192
musique,1.0,0.7111111111111111,180,embedding_mean_query,0.8,85,85,3192
musique,1.0,0.7555555555555555,180,embedding_last_query,0.8,85,85,3192
musique,1.0,0.9166666666666666,180,random,0.9,85,85,3591
musique,1.0,0.8333333333333334,180,chunk_head,0.9,85,85,3591
musique,1.0,0.8444444444444444,180,embedding_max,0.9,85,85,3591
musique,1.0,0.9,180,embedding_mean_query,0.9,85,85,3591
musique,1.0,0.8222222222222222,180,embedding_last_query,0.9,85,85,3591
musique,1.0,1.0,180,random,1.0,85,85,3991
musique,1.0,1.0,180,chunk_head,1.0,85,85,3991
musique,1.0,1.0,180,embedding_max,1.0,85,85,3991
musique,1.0,1.0,180,embedding_mean_query,1.0,85,85,3991
musique,1.0,1.0,180,embedding_last_query,1.0,85,85,3991
musique,0.0,0.0,150,random,0.0,86,86,0
musique,0.0,0.0,150,chunk_head,0.0,86,86,0
musique,0.0,0.0,150,embedding_max,0.0,86,86,0
musique,0.0,0.0,150,embedding_mean_query,0.0,86,86,0
musique,0.0,0.0,150,embedding_last_query,0.0,86,86,0
musique,1.0,0.12666666666666668,150,random,0.1,86,86,400
musique,1.0,0.2,150,chunk_head,0.1,86,86,400
musique,1.0,0.1,150,embedding_max,0.1,86,86,400
musique,1.0,0.006666666666666667,150,embedding_mean_query,0.1,86,86,400
musique,1.0,0.03333333333333333,150,embedding_last_query,0.1,86,86,400
musique,1.0,0.14666666666666667,150,random,0.2,86,86,800
musique,1.0,0.2,150,chunk_head,0.2,86,86,800
musique,1.0,0.13333333333333333,150,embedding_max,0.2,86,86,800
musique,1.0,0.10666666666666667,150,embedding_mean_query,0.2,86,86,800
musique,1.0,0.14,150,embedding_last_query,0.2,86,86,800
musique,1.0,0.2866666666666667,150,random,0.3,86,86,1201
musique,1.0,0.4,150,chunk_head,0.3,86,86,1201
musique,1.0,0.16666666666666666,150,embedding_max,0.3,86,86,1201
musique,1.0,0.2,150,embedding_mean_query,0.3,86,86,1201
musique,1.0,0.24,150,embedding_last_query,0.3,86,86,1201
musique,1.0,0.42,150,random,0.4,86,86,1601
musique,1.0,0.6,150,chunk_head,0.4,86,86,1601
musique,1.0,0.2,150,embedding_max,0.4,86,86,1601
musique,1.0,0.2,150,embedding_mean_query,0.4,86,86,1601
musique,1.0,0.3333333333333333,150,embedding_last_query,0.4,86,86,1601
musique,1.0,0.5066666666666667,150,random,0.5,86,86,2002
musique,1.0,0.8,150,chunk_head,0.5,86,86,2002
musique,1.0,0.26,150,embedding_max,0.5,86,86,2002
musique,1.0,0.29333333333333333,150,embedding_mean_query,0.5,86,86,2002
musique,1.0,0.44,150,embedding_last_query,0.5,86,86,2002
musique,1.0,0.6,150,random,0.6,86,86,2402
musique,1.0,0.8,150,chunk_head,0.6,86,86,2402
musique,1.0,0.3933333333333333,150,embedding_max,0.6,86,86,2402
musique,1.0,0.6266666666666667,150,embedding_mean_query,0.6,86,86,2402
musique,1.0,0.5933333333333334,150,embedding_last_query,0.6,86,86,2402
musique,1.0,0.6933333333333334,150,random,0.7,86,86,2802
musique,1.0,0.8,150,chunk_head,0.7,86,86,2802
musique,1.0,0.56,150,embedding_max,0.7,86,86,2802
musique,1.0,0.6733333333333333,150,embedding_mean_query,0.7,86,86,2802
musique,1.0,0.6933333333333334,150,embedding_last_query,0.7,86,86,2802
musique,1.0,0.78,150,random,0.8,86,86,3203
musique,1.0,1.0,150,chunk_head,0.8,86,86,3203
musique,1.0,0.7266666666666667,150,embedding_max,0.8,86,86,3203
musique,1.0,0.8066666666666666,150,embedding_mean_query,0.8,86,86,3203
musique,1.0,0.8266666666666667,150,embedding_last_query,0.8,86,86,3203
musique,1.0,0.9,150,random,0.9,86,86,3603
musique,1.0,1.0,150,chunk_head,0.9,86,86,3603
musique,1.0,0.9266666666666666,150,embedding_max,0.9,86,86,3603
musique,1.0,0.9733333333333334,150,embedding_mean_query,0.9,86,86,3603
musique,1.0,0.8333333333333334,150,embedding_last_query,0.9,86,86,3603
musique,1.0,1.0,150,random,1.0,86,86,4004
musique,1.0,1.0,150,chunk_head,1.0,86,86,4004
musique,1.0,1.0,150,embedding_max,1.0,86,86,4004
musique,1.0,1.0,150,embedding_mean_query,1.0,86,86,4004
musique,1.0,1.0,150,embedding_last_query,1.0,86,86,4004
musique,0.0,0.0,210,random,0.0,87,87,0
musique,0.0,0.0,210,chunk_head,0.0,87,87,0
musique,0.0,0.0,210,embedding_max,0.0,87,87,0
musique,0.0,0.0,210,embedding_mean_query,0.0,87,87,0
musique,0.0,0.0,210,embedding_last_query,0.0,87,87,0
musique,1.0,0.1,210,random,0.1,87,87,399
musique,1.0,0.14285714285714285,210,chunk_head,0.1,87,87,399
musique,1.0,0.08571428571428572,210,embedding_max,0.1,87,87,399
musique,0.0,0.0,210,embedding_mean_query,0.1,87,87,399
musique,1.0,0.04285714285714286,210,embedding_last_query,0.1,87,87,399
musique,1.0,0.22857142857142856,210,random,0.2,87,87,799
musique,1.0,0.14285714285714285,210,chunk_head,0.2,87,87,799
musique,1.0,0.17142857142857143,210,embedding_max,0.2,87,87,799
musique,1.0,0.06190476190476191,210,embedding_mean_query,0.2,87,87,799
musique,1.0,0.12380952380952381,210,embedding_last_query,0.2,87,87,799
musique,1.0,0.34285714285714286,210,random,0.3,87,87,1199
musique,1.0,0.2857142857142857,210,chunk_head,0.3,87,87,1199
musique,1.0,0.19523809523809524,210,embedding_max,0.3,87,87,1199
musique,1.0,0.17142857142857143,210,embedding_mean_query,0.3,87,87,1199
musique,1.0,0.21428571428571427,210,embedding_last_query,0.3,87,87,1199
musique,1.0,0.4,210,random,0.4,87,87,1599
musique,1.0,0.42857142857142855,210,chunk_head,0.4,87,87,1599
musique,1.0,0.23333333333333334,210,embedding_max,0.4,87,87,1599
musique,1.0,0.21428571428571427,210,embedding_mean_query,0.4,87,87,1599
musique,1.0,0.3047619047619048,210,embedding_last_query,0.4,87,87,1599
musique,1.0,0.4523809523809524,210,random,0.5,87,87,1999
musique,1.0,0.42857142857142855,210,chunk_head,0.5,87,87,1999
musique,1.0,0.3047619047619048,210,embedding_max,0.5,87,87,1999
musique,1.0,0.37142857142857144,210,embedding_mean_query,0.5,87,87,1999
musique,1.0,0.4666666666666667,210,embedding_last_query,0.5,87,87,1999
musique,1.0,0.6333333333333333,210,random,0.6,87,87,2398
musique,1.0,0.5714285714285714,210,chunk_head,0.6,87,87,2398
musique,1.0,0.3952380952380952,210,embedding_max,0.6,87,87,2398
musique,1.0,0.5857142857142857,210,embedding_mean_query,0.6,87,87,2398
musique,1.0,0.6190476190476191,210,embedding_last_query,0.6,87,87,2398
musique,1.0,0.7285714285714285,210,random,0.7,87,87,2798
musique,1.0,0.6714285714285714,210,chunk_head,0.7,87,87,2798
musique,1.0,0.719047619047619,210,embedding_max,0.7,87,87,2798
musique,1.0,0.7095238095238096,210,embedding_mean_query,0.7,87,87,2798
musique,1.0,0.6714285714285714,210,embedding_last_query,0.7,87,87,2798
musique,1.0,0.8142857142857143,210,random,0.8,87,87,3198
musique,1.0,0.7142857142857143,210,chunk_head,0.8,87,87,3198
musique,1.0,0.8047619047619048,210,embedding_max,0.8,87,87,3198
musique,1.0,0.780952380952381,210,embedding_mean_query,0.8,87,87,3198
musique,1.0,0.7619047619047619,210,embedding_last_query,0.8,87,87,3198
musique,1.0,0.9047619047619048,210,random,0.9,87,87,3598
musique,1.0,0.8571428571428571,210,chunk_head,0.9,87,87,3598
musique,1.0,0.9,210,embedding_max,0.9,87,87,3598
musique,1.0,0.9666666666666667,210,embedding_mean_query,0.9,87,87,3598
musique,1.0,0.8238095238095238,210,embedding_last_query,0.9,87,87,3598
musique,1.0,1.0,210,random,1.0,87,87,3998
musique,1.0,1.0,210,chunk_head,1.0,87,87,3998
musique,1.0,1.0,210,embedding_max,1.0,87,87,3998
musique,1.0,1.0,210,embedding_mean_query,1.0,87,87,3998
musique,1.0,1.0,210,embedding_last_query,1.0,87,87,3998
musique,0.0,0.0,48,random,0.0,89,89,0
musique,0.0,0.0,48,chunk_head,0.0,89,89,0
musique,0.0,0.0,48,embedding_max,0.0,89,89,0
musique,0.0,0.0,48,embedding_mean_query,0.0,89,89,0
musique,0.0,0.0,48,embedding_last_query,0.0,89,89,0
musique,1.0,0.08333333333333333,48,random,0.1,89,89,400
musique,1.0,0.25,48,chunk_head,0.1,89,89,400
musique,0.0,0.0,48,embedding_max,0.1,89,89,400
musique,1.0,0.020833333333333332,48,embedding_mean_query,0.1,89,89,400
musique,1.0,0.125,48,embedding_last_query,0.1,89,89,400
musique,1.0,0.25,48,random,0.2,89,89,800
musique,1.0,0.25,48,chunk_head,0.2,89,89,800
musique,1.0,0.16666666666666666,48,embedding_max,0.2,89,89,800
musique,1.0,0.16666666666666666,48,embedding_mean_query,0.2,89,89,800
musique,1.0,0.20833333333333334,48,embedding_last_query,0.2,89,89,800
musique,1.0,0.25,48,random,0.3,89,89,1200
musique,1.0,0.5,48,chunk_head,0.3,89,89,1200
musique,1.0,0.3125,48,embedding_max,0.3,89,89,1200
musique,1.0,0.20833333333333334,48,embedding_mean_query,0.3,89,89,1200
musique,1.0,0.2708333333333333,48,embedding_last_query,0.3,89,89,1200
musique,1.0,0.5,48,random,0.4,89,89,1600
musique,1.0,0.75,48,chunk_head,0.4,89,89,1600
musique,1.0,0.3541666666666667,48,embedding_max,0.4,89,89,1600
musique,1.0,0.2708333333333333,48,embedding_mean_query,0.4,89,89,1600
musique,1.0,0.375,48,embedding_last_query,0.4,89,89,1600
musique,1.0,0.5208333333333334,48,random,0.5,89,89,2000
musique,1.0,0.75,48,chunk_head,0.5,89,89,2000
musique,1.0,0.5,48,embedding_max,0.5,89,89,2000
musique,1.0,0.375,48,embedding_mean_query,0.5,89,89,2000
musique,1.0,0.4791666666666667,48,embedding_last_query,0.5,89,89,2000
musique,1.0,0.4166666666666667,48,random,0.6,89,89,2400
musique,1.0,1.0,48,chunk_head,0.6,89,89,2400
musique,1.0,0.5625,48,embedding_max,0.6,89,89,2400
musique,1.0,0.4583333333333333,48,embedding_mean_query,0.6,89,89,2400
musique,1.0,0.5,48,embedding_last_query,0.6,89,89,2400
musique,1.0,0.7083333333333334,48,random,0.7,89,89,2800
musique,1.0,1.0,48,chunk_head,0.7,89,89,2800
musique,1.0,0.875,48,embedding_max,0.7,89,89,2800
musique,1.0,0.5833333333333334,48,embedding_mean_query,0.7,89,89,2800
musique,1.0,0.5833333333333334,48,embedding_last_query,0.7,89,89,2800
musique,1.0,0.8541666666666666,48,random,0.8,89,89,3200
musique,1.0,1.0,48,chunk_head,0.8,89,89,3200
musique,1.0,0.9583333333333334,48,embedding_max,0.8,89,89,3200
musique,1.0,0.6666666666666666,48,embedding_mean_query,0.8,89,89,3200
musique,1.0,0.75,48,embedding_last_query,0.8,89,89,3200
musique,1.0,0.9375,48,random,0.9,89,89,3600
musique,1.0,1.0,48,chunk_head,0.9,89,89,3600
musique,1.0,1.0,48,embedding_max,0.9,89,89,3600
musique,1.0,0.9375,48,embedding_mean_query,0.9,89,89,3600
musique,1.0,0.8541666666666666,48,embedding_last_query,0.9,89,89,3600
musique,1.0,1.0,48,random,1.0,89,89,4001
musique,1.0,1.0,48,chunk_head,1.0,89,89,4001
musique,1.0,1.0,48,embedding_max,1.0,89,89,4001
musique,1.0,1.0,48,embedding_mean_query,1.0,89,89,4001
musique,1.0,1.0,48,embedding_last_query,1.0,89,89,4001
musique,0.0,0.0,60,random,0.0,90,90,0
musique,0.0,0.0,60,chunk_head,0.0,90,90,0
musique,0.0,0.0,60,embedding_max,0.0,90,90,0
musique,0.0,0.0,60,embedding_mean_query,0.0,90,90,0
musique,0.0,0.0,60,embedding_last_query,0.0,90,90,0
musique,1.0,0.08333333333333333,60,random,0.1,90,90,400
musique,0.0,0.0,60,chunk_head,0.1,90,90,400
musique,0.0,0.0,60,embedding_max,0.1,90,90,400
musique,1.0,0.08333333333333333,60,embedding_mean_query,0.1,90,90,400
musique,1.0,0.08333333333333333,60,embedding_last_query,0.1,90,90,400
musique,1.0,0.25,60,random,0.2,90,90,800
musique,1.0,0.2,60,chunk_head,0.2,90,90,800
musique,1.0,0.2,60,embedding_max,0.2,90,90,800
musique,1.0,0.16666666666666666,60,embedding_mean_query,0.2,90,90,800
musique,1.0,0.13333333333333333,60,embedding_last_query,0.2,90,90,800
musique,1.0,0.35,60,random,0.3,90,90,1200
musique,1.0,0.2,60,chunk_head,0.3,90,90,1200
musique,1.0,0.31666666666666665,60,embedding_max,0.3,90,90,1200
musique,1.0,0.3,60,embedding_mean_query,0.3,90,90,1200
musique,1.0,0.18333333333333332,60,embedding_last_query,0.3,90,90,1200
musique,1.0,0.43333333333333335,60,random,0.4,90,90,1600
musique,1.0,0.4,60,chunk_head,0.4,90,90,1600
musique,1.0,0.43333333333333335,60,embedding_max,0.4,90,90,1600
musique,1.0,0.38333333333333336,60,embedding_mean_query,0.4,90,90,1600
musique,1.0,0.31666666666666665,60,embedding_last_query,0.4,90,90,1600
musique,1.0,0.6333333333333333,60,random,0.5,90,90,2001
musique,1.0,0.6,60,chunk_head,0.5,90,90,2001
musique,1.0,0.5333333333333333,60,embedding_max,0.5,90,90,2001
musique,1.0,0.5166666666666667,60,embedding_mean_query,0.5,90,90,2001
musique,1.0,0.45,60,embedding_last_query,0.5,90,90,2001
musique,1.0,0.6333333333333333,60,random,0.6,90,90,2401
musique,1.0,1.0,60,chunk_head,0.6,90,90,2401
musique,1.0,0.5333333333333333,60,embedding_max,0.6,90,90,2401
musique,1.0,0.5833333333333334,60,embedding_mean_query,0.6,90,90,2401
musique,1.0,0.5,60,embedding_last_query,0.6,90,90,2401
musique,1.0,0.7,60,random,0.7,90,90,2801
musique,1.0,1.0,60,chunk_head,0.7,90,90,2801
musique,1.0,0.8166666666666667,60,embedding_max,0.7,90,90,2801
musique,1.0,0.5833333333333334,60,embedding_mean_query,0.7,90,90,2801
musique,1.0,0.5833333333333334,60,embedding_last_query,0.7,90,90,2801
musique,1.0,0.8333333333333334,60,random,0.8,90,90,3201
musique,1.0,1.0,60,chunk_head,0.8,90,90,3201
musique,1.0,0.85,60,embedding_max,0.8,90,90,3201
musique,1.0,0.7,60,embedding_mean_query,0.8,90,90,3201
musique,1.0,0.75,60,embedding_last_query,0.8,90,90,3201
musique,1.0,0.8166666666666667,60,random,0.9,90,90,3601
musique,1.0,1.0,60,chunk_head,0.9,90,90,3601
musique,1.0,1.0,60,embedding_max,0.9,90,90,3601
musique,1.0,0.85,60,embedding_mean_query,0.9,90,90,3601
musique,1.0,0.9,60,embedding_last_query,0.9,90,90,3601
musique,1.0,1.0,60,random,1.0,90,90,4002
musique,1.0,1.0,60,chunk_head,1.0,90,90,4002
musique,1.0,1.0,60,embedding_max,1.0,90,90,4002
musique,1.0,1.0,60,embedding_mean_query,1.0,90,90,4002
musique,1.0,1.0,60,embedding_last_query,1.0,90,90,4002
musique,0.0,0.0,36,random,0.0,91,91,0
musique,0.0,0.0,36,chunk_head,0.0,91,91,0
musique,0.0,0.0,36,embedding_max,0.0,91,91,0
musique,0.0,0.0,36,embedding_mean_query,0.0,91,91,0
musique,0.0,0.0,36,embedding_last_query,0.0,91,91,0
musique,1.0,0.027777777777777776,36,random,0.1,91,91,400
musique,0.0,0.0,36,chunk_head,0.1,91,91,400
musique,1.0,0.05555555555555555,36,embedding_max,0.1,91,91,400
musique,1.0,0.1111111111111111,36,embedding_mean_query,0.1,91,91,400
musique,1.0,0.1111111111111111,36,embedding_last_query,0.1,91,91,400
musique,1.0,0.16666666666666666,36,random,0.2,91,91,800
musique,0.0,0.0,36,chunk_head,0.2,91,91,800
musique,1.0,0.2222222222222222,36,embedding_max,0.2,91,91,800
musique,1.0,0.2222222222222222,36,embedding_mean_query,0.2,91,91,800
musique,1.0,0.16666666666666666,36,embedding_last_query,0.2,91,91,800
musique,1.0,0.3055555555555556,36,random,0.3,91,91,1200
musique,1.0,0.3333333333333333,36,chunk_head,0.3,91,91,1200
musique,1.0,0.3333333333333333,36,embedding_max,0.3,91,91,1200
musique,1.0,0.2777777777777778,36,embedding_mean_query,0.3,91,91,1200
musique,1.0,0.25,36,embedding_last_query,0.3,91,91,1200
musique,1.0,0.3333333333333333,36,random,0.4,91,91,1600
musique,1.0,1.0,36,chunk_head,0.4,91,91,1600
musique,1.0,0.4444444444444444,36,embedding_max,0.4,91,91,1600
musique,1.0,0.3888888888888889,36,embedding_mean_query,0.4,91,91,1600
musique,1.0,0.3611111111111111,36,embedding_last_query,0.4,91,91,1600
musique,1.0,0.4166666666666667,36,random,0.5,91,91,2000
musique,1.0,1.0,36,chunk_head,0.5,91,91,2000
musique,1.0,0.6111111111111112,36,embedding_max,0.5,91,91,2000
musique,1.0,0.4444444444444444,36,embedding_mean_query,0.5,91,91,2000
musique,1.0,0.4722222222222222,36,embedding_last_query,0.5,91,91,2000
musique,1.0,0.5833333333333334,36,random,0.6,91,91,2400
musique,1.0,1.0,36,chunk_head,0.6,91,91,2400
musique,1.0,0.6111111111111112,36,embedding_max,0.6,91,91,2400
musique,1.0,0.5833333333333334,36,embedding_mean_query,0.6,91,91,2400
musique,1.0,0.5,36,embedding_last_query,0.6,91,91,2400
musique,1.0,0.6388888888888888,36,random,0.7,91,91,2800
musique,1.0,1.0,36,chunk_head,0.7,91,91,2800
musique,1.0,0.8611111111111112,36,embedding_max,0.7,91,91,2800
musique,1.0,0.6388888888888888,36,embedding_mean_query,0.7,91,91,2800
musique,1.0,0.5,36,embedding_last_query,0.7,91,91,2800
musique,1.0,0.9166666666666666,36,random,0.8,91,91,3200
musique,1.0,1.0,36,chunk_head,0.8,91,91,3200
musique,1.0,0.9444444444444444,36,embedding_max,0.8,91,91,3200
musique,1.0,0.7222222222222222,36,embedding_mean_query,0.8,91,91,3200
musique,1.0,0.75,36,embedding_last_query,0.8,91,91,3200
musique,1.0,0.9444444444444444,36,random,0.9,91,91,3600
musique,1.0,1.0,36,chunk_head,0.9,91,91,3600
musique,1.0,1.0,36,embedding_max,0.9,91,91,3600
musique,1.0,0.9166666666666666,36,embedding_mean_query,0.9,91,91,3600
musique,1.0,0.8611111111111112,36,embedding_last_query,0.9,91,91,3600
musique,1.0,1.0,36,random,1.0,91,91,4001
musique,1.0,1.0,36,chunk_head,1.0,91,91,4001
musique,1.0,1.0,36,embedding_max,1.0,91,91,4001
musique,1.0,1.0,36,embedding_mean_query,1.0,91,91,4001
musique,1.0,1.0,36,embedding_last_query,1.0,91,91,4001
musique,0.0,0.0,39,random,0.0,92,92,0
musique,0.0,0.0,39,chunk_head,0.0,92,92,0
musique,0.0,0.0,39,embedding_max,0.0,92,92,0
musique,0.0,0.0,39,embedding_mean_query,0.0,92,92,0
musique,0.0,0.0,39,embedding_last_query,0.0,92,92,0
musique,1.0,0.10256410256410256,39,random,0.1,92,92,400
musique,0.0,0.0,39,chunk_head,0.1,92,92,400
musique,1.0,0.07692307692307693,39,embedding_max,0.1,92,92,400
musique,1.0,0.07692307692307693,39,embedding_mean_query,0.1,92,92,400
musique,1.0,0.10256410256410256,39,embedding_last_query,0.1,92,92,400
musique,1.0,0.28205128205128205,39,random,0.2,92,92,801
musique,1.0,0.3333333333333333,39,chunk_head,0.2,92,92,801
musique,1.0,0.07692307692307693,39,embedding_max,0.2,92,92,801
musique,1.0,0.1794871794871795,39,embedding_mean_query,0.2,92,92,801
musique,1.0,0.23076923076923078,39,embedding_last_query,0.2,92,92,801
musique,1.0,0.3333333333333333,39,random,0.3,92,92,1201
musique,1.0,0.3333333333333333,39,chunk_head,0.3,92,92,1201
musique,1.0,0.1794871794871795,39,embedding_max,0.3,92,92,1201
musique,1.0,0.41025641025641024,39,embedding_mean_query,0.3,92,92,1201
musique,1.0,0.3076923076923077,39,embedding_last_query,0.3,92,92,1201
musique,1.0,0.5641025641025641,39,random,0.4,92,92,1602
musique,1.0,0.3333333333333333,39,chunk_head,0.4,92,92,1602
musique,1.0,0.3333333333333333,39,embedding_max,0.4,92,92,1602
musique,1.0,0.46153846153846156,39,embedding_mean_query,0.4,92,92,1602
musique,1.0,0.38461538461538464,39,embedding_last_query,0.4,92,92,1602
musique,1.0,0.46153846153846156,39,random,0.5,92,92,2002
musique,1.0,0.6666666666666666,39,chunk_head,0.5,92,92,2002
musique,1.0,0.5384615384615384,39,embedding_max,0.5,92,92,2002
musique,1.0,0.46153846153846156,39,embedding_mean_query,0.5,92,92,2002
musique,1.0,0.5897435897435898,39,embedding_last_query,0.5,92,92,2002
musique,1.0,0.6666666666666666,39,random,0.6,92,92,2403
musique,1.0,0.6666666666666666,39,chunk_head,0.6,92,92,2403
musique,1.0,0.7692307692307693,39,embedding_max,0.6,92,92,2403
musique,1.0,0.46153846153846156,39,embedding_mean_query,0.6,92,92,2403
musique,1.0,0.6923076923076923,39,embedding_last_query,0.6,92,92,2403
musique,1.0,0.6410256410256411,39,random,0.7,92,92,2803
musique,1.0,0.6666666666666666,39,chunk_head,0.7,92,92,2803
musique,1.0,0.8461538461538461,39,embedding_max,0.7,92,92,2803
musique,1.0,0.5897435897435898,39,embedding_mean_query,0.7,92,92,2803
musique,1.0,0.6923076923076923,39,embedding_last_query,0.7,92,92,2803
musique,1.0,0.8205128205128205,39,random,0.8,92,92,3204
musique,1.0,1.0,39,chunk_head,0.8,92,92,3204
musique,1.0,0.8461538461538461,39,embedding_max,0.8,92,92,3204
musique,1.0,0.8461538461538461,39,embedding_mean_query,0.8,92,92,3204
musique,1.0,0.7692307692307693,39,embedding_last_query,0.8,92,92,3204
musique,1.0,0.9230769230769231,39,random,0.9,92,92,3604
musique,1.0,1.0,39,chunk_head,0.9,92,92,3604
musique,1.0,1.0,39,embedding_max,0.9,92,92,3604
musique,1.0,0.9230769230769231,39,embedding_mean_query,0.9,92,92,3604
musique,1.0,0.9230769230769231,39,embedding_last_query,0.9,92,92,3604
musique,1.0,1.0,39,random,1.0,92,92,4005
musique,1.0,1.0,39,chunk_head,1.0,92,92,4005
musique,1.0,1.0,39,embedding_max,1.0,92,92,4005
musique,1.0,1.0,39,embedding_mean_query,1.0,92,92,4005
musique,1.0,1.0,39,embedding_last_query,1.0,92,92,4005
musique,0.0,0.0,65,random,0.0,93,93,0
musique,0.0,0.0,65,chunk_head,0.0,93,93,0
musique,0.0,0.0,65,embedding_max,0.0,93,93,0
musique,0.0,0.0,65,embedding_mean_query,0.0,93,93,0
musique,0.0,0.0,65,embedding_last_query,0.0,93,93,0
musique,1.0,0.09230769230769231,65,random,0.1,93,93,400
musique,1.0,0.2,65,chunk_head,0.1,93,93,400
musique,1.0,0.07692307692307693,65,embedding_max,0.1,93,93,400
musique,1.0,0.07692307692307693,65,embedding_mean_query,0.1,93,93,400
musique,1.0,0.07692307692307693,65,embedding_last_query,0.1,93,93,400
musique,1.0,0.24615384615384617,65,random,0.2,93,93,801
musique,1.0,0.4,65,chunk_head,0.2,93,93,801
musique,1.0,0.15384615384615385,65,embedding_max,0.2,93,93,801
musique,1.0,0.23076923076923078,65,embedding_mean_query,0.2,93,93,801
musique,1.0,0.23076923076923078,65,embedding_last_query,0.2,93,93,801
musique,1.0,0.35384615384615387,65,random,0.3,93,93,1201
musique,1.0,0.4,65,chunk_head,0.3,93,93,1201
musique,1.0,0.23076923076923078,65,embedding_max,0.3,93,93,1201
musique,1.0,0.4307692307692308,65,embedding_mean_query,0.3,93,93,1201
musique,1.0,0.3076923076923077,65,embedding_last_query,0.3,93,93,1201
musique,1.0,0.38461538461538464,65,random,0.4,93,93,1602
musique,1.0,0.4,65,chunk_head,0.4,93,93,1602
musique,1.0,0.38461538461538464,65,embedding_max,0.4,93,93,1602
musique,1.0,0.5384615384615384,65,embedding_mean_query,0.4,93,93,1602
musique,1.0,0.4153846153846154,65,embedding_last_query,0.4,93,93,1602
musique,1.0,0.5384615384615384,65,random,0.5,93,93,2002
musique,1.0,0.6,65,chunk_head,0.5,93,93,2002
musique,1.0,0.6923076923076923,65,embedding_max,0.5,93,93,2002
musique,1.0,0.5384615384615384,65,embedding_mean_query,0.5,93,93,2002
musique,1.0,0.5384615384615384,65,embedding_last_query,0.5,93,93,2002
musique,1.0,0.5692307692307692,65,random,0.6,93,93,2403
musique,1.0,0.6,65,chunk_head,0.6,93,93,2403
musique,1.0,0.7692307692307693,65,embedding_max,0.6,93,93,2403
musique,1.0,0.5384615384615384,65,embedding_mean_query,0.6,93,93,2403
musique,1.0,0.6923076923076923,65,embedding_last_query,0.6,93,93,2403
musique,1.0,0.7538461538461538,65,random,0.7,93,93,2803
musique,1.0,0.8,65,chunk_head,0.7,93,93,2803
musique,1.0,0.9230769230769231,65,embedding_max,0.7,93,93,2803
musique,1.0,0.6923076923076923,65,embedding_mean_query,0.7,93,93,2803
musique,1.0,0.6923076923076923,65,embedding_last_query,0.7,93,93,2803
musique,1.0,0.8615384615384616,65,random,0.8,93,93,3204
musique,1.0,0.8,65,chunk_head,0.8,93,93,3204
musique,1.0,0.9230769230769231,65,embedding_max,0.8,93,93,3204
musique,1.0,0.8461538461538461,65,embedding_mean_query,0.8,93,93,3204
musique,1.0,0.7692307692307693,65,embedding_last_query,0.8,93,93,3204
musique,1.0,0.8769230769230769,65,random,0.9,93,93,3604
musique,1.0,1.0,65,chunk_head,0.9,93,93,3604
musique,1.0,1.0,65,embedding_max,0.9,93,93,3604
musique,1.0,0.9230769230769231,65,embedding_mean_query,0.9,93,93,3604
musique,1.0,0.9230769230769231,65,embedding_last_query,0.9,93,93,3604
musique,1.0,1.0,65,random,1.0,93,93,4005
musique,1.0,1.0,65,chunk_head,1.0,93,93,4005
musique,1.0,1.0,65,embedding_max,1.0,93,93,4005
musique,1.0,1.0,65,embedding_mean_query,1.0,93,93,4005
musique,1.0,1.0,65,embedding_last_query,1.0,93,93,4005
musique,0.0,0.0,65,random,0.0,94,94,0
musique,0.0,0.0,65,chunk_head,0.0,94,94,0
musique,0.0,0.0,65,embedding_max,0.0,94,94,0
musique,0.0,0.0,65,embedding_mean_query,0.0,94,94,0
musique,0.0,0.0,65,embedding_last_query,0.0,94,94,0
musique,1.0,0.06153846153846154,65,random,0.1,94,94,400
musique,1.0,0.2,65,chunk_head,0.1,94,94,400
musique,1.0,0.15384615384615385,65,embedding_max,0.1,94,94,400
musique,1.0,0.15384615384615385,65,embedding_mean_query,0.1,94,94,400
musique,1.0,0.07692307692307693,65,embedding_last_query,0.1,94,94,400
musique,1.0,0.2,65,random,0.2,94,94,801
musique,1.0,0.2,65,chunk_head,0.2,94,94,801
musique,1.0,0.15384615384615385,65,embedding_max,0.2,94,94,801
musique,1.0,0.15384615384615385,65,embedding_mean_query,0.2,94,94,801
musique,1.0,0.23076923076923078,65,embedding_last_query,0.2,94,94,801
musique,1.0,0.2923076923076923,65,random,0.3,94,94,1202
musique,1.0,0.4,65,chunk_head,0.3,94,94,1202
musique,1.0,0.46153846153846156,65,embedding_max,0.3,94,94,1202
musique,1.0,0.46153846153846156,65,embedding_mean_query,0.3,94,94,1202
musique,1.0,0.3076923076923077,65,embedding_last_query,0.3,94,94,1202
musique,1.0,0.3230769230769231,65,random,0.4,94,94,1603
musique,1.0,0.6,65,chunk_head,0.4,94,94,1603
musique,1.0,0.6153846153846154,65,embedding_max,0.4,94,94,1603
musique,1.0,0.5384615384615384,65,embedding_mean_query,0.4,94,94,1603
musique,1.0,0.46153846153846156,65,embedding_last_query,0.4,94,94,1603
musique,1.0,0.4307692307692308,65,random,0.5,94,94,2004
musique,1.0,0.6,65,chunk_head,0.5,94,94,2004
musique,1.0,0.6153846153846154,65,embedding_max,0.5,94,94,2004
musique,1.0,0.6153846153846154,65,embedding_mean_query,0.5,94,94,2004
musique,1.0,0.6153846153846154,65,embedding_last_query,0.5,94,94,2004
musique,1.0,0.6461538461538462,65,random,0.6,94,94,2404
musique,1.0,0.8,65,chunk_head,0.6,94,94,2404
musique,1.0,0.6923076923076923,65,embedding_max,0.6,94,94,2404
musique,1.0,0.6923076923076923,65,embedding_mean_query,0.6,94,94,2404
musique,1.0,0.6923076923076923,65,embedding_last_query,0.6,94,94,2404
musique,1.0,0.676923076923077,65,random,0.7,94,94,2805
musique,1.0,1.0,65,chunk_head,0.7,94,94,2805
musique,1.0,0.8461538461538461,65,embedding_max,0.7,94,94,2805
musique,1.0,0.7692307692307693,65,embedding_mean_query,0.7,94,94,2805
musique,1.0,0.6923076923076923,65,embedding_last_query,0.7,94,94,2805
musique,1.0,0.7692307692307693,65,random,0.8,94,94,3206
musique,1.0,1.0,65,chunk_head,0.8,94,94,3206
musique,1.0,0.8461538461538461,65,embedding_max,0.8,94,94,3206
musique,1.0,0.8461538461538461,65,embedding_mean_query,0.8,94,94,3206
musique,1.0,0.7692307692307693,65,embedding_last_query,0.8,94,94,3206
musique,1.0,0.9230769230769231,65,random,0.9,94,94,3607
musique,1.0,1.0,65,chunk_head,0.9,94,94,3607
musique,1.0,1.0,65,embedding_max,0.9,94,94,3607
musique,1.0,0.9230769230769231,65,embedding_mean_query,0.9,94,94,3607
musique,1.0,0.9230769230769231,65,embedding_last_query,0.9,94,94,3607
musique,1.0,1.0,65,random,1.0,94,94,4008
musique,1.0,1.0,65,chunk_head,1.0,94,94,4008
musique,1.0,1.0,65,embedding_max,1.0,94,94,4008
musique,1.0,1.0,65,embedding_mean_query,1.0,94,94,4008
musique,1.0,1.0,65,embedding_last_query,1.0,94,94,4008
musique,0.0,0.0,30,random,0.0,95,95,0
musique,0.0,0.0,30,chunk_head,0.0,95,95,0
musique,0.0,0.0,30,embedding_max,0.0,95,95,0
musique,0.0,0.0,30,embedding_mean_query,0.0,95,95,0
musique,0.0,0.0,30,embedding_last_query,0.0,95,95,0
musique,1.0,0.06666666666666667,30,random,0.1,95,95,400
musique,1.0,0.5,30,chunk_head,0.1,95,95,400
musique,1.0,0.06666666666666667,30,embedding_max,0.1,95,95,400
musique,1.0,0.06666666666666667,30,embedding_mean_query,0.1,95,95,400
musique,1.0,0.13333333333333333,30,embedding_last_query,0.1,95,95,400
musique,1.0,0.26666666666666666,30,random,0.2,95,95,801
musique,1.0,0.5,30,chunk_head,0.2,95,95,801
musique,1.0,0.13333333333333333,30,embedding_max,0.2,95,95,801
musique,1.0,0.06666666666666667,30,embedding_mean_query,0.2,95,95,801
musique,1.0,0.2,30,embedding_last_query,0.2,95,95,801
musique,1.0,0.3333333333333333,30,random,0.3,95,95,1201
musique,1.0,1.0,30,chunk_head,0.3,95,95,1201
musique,1.0,0.2,30,embedding_max,0.3,95,95,1201
musique,1.0,0.23333333333333334,30,embedding_mean_query,0.3,95,95,1201
musique,1.0,0.26666666666666666,30,embedding_last_query,0.3,95,95,1201
musique,1.0,0.4,30,random,0.4,95,95,1602
musique,1.0,1.0,30,chunk_head,0.4,95,95,1602
musique,1.0,0.26666666666666666,30,embedding_max,0.4,95,95,1602
musique,1.0,0.26666666666666666,30,embedding_mean_query,0.4,95,95,1602
musique,1.0,0.26666666666666666,30,embedding_last_query,0.4,95,95,1602
musique,1.0,0.5333333333333333,30,random,0.5,95,95,2003
musique,1.0,1.0,30,chunk_head,0.5,95,95,2003
musique,1.0,0.3333333333333333,30,embedding_max,0.5,95,95,2003
musique,1.0,0.3333333333333333,30,embedding_mean_query,0.5,95,95,2003
musique,1.0,0.3333333333333333,30,embedding_last_query,0.5,95,95,2003
musique,1.0,0.5333333333333333,30,random,0.6,95,95,2403
musique,1.0,1.0,30,chunk_head,0.6,95,95,2403
musique,1.0,0.4666666666666667,30,embedding_max,0.6,95,95,2403
musique,1.0,0.4666666666666667,30,embedding_mean_query,0.6,95,95,2403
musique,1.0,0.4666666666666667,30,embedding_last_query,0.6,95,95,2403
musique,1.0,0.6666666666666666,30,random,0.7,95,95,2804
musique,1.0,1.0,30,chunk_head,0.7,95,95,2804
musique,1.0,0.8,30,embedding_max,0.7,95,95,2804
musique,1.0,0.5333333333333333,30,embedding_mean_query,0.7,95,95,2804
musique,1.0,0.6,30,embedding_last_query,0.7,95,95,2804
musique,1.0,0.7333333333333333,30,random,0.8,95,95,3204
musique,1.0,1.0,30,chunk_head,0.8,95,95,3204
musique,1.0,0.8666666666666667,30,embedding_max,0.8,95,95,3204
musique,1.0,0.7333333333333333,30,embedding_mean_query,0.8,95,95,3204
musique,1.0,0.8,30,embedding_last_query,0.8,95,95,3204
musique,1.0,0.9,30,random,0.9,95,95,3605
musique,1.0,1.0,30,chunk_head,0.9,95,95,3605
musique,1.0,1.0,30,embedding_max,0.9,95,95,3605
musique,1.0,0.8666666666666667,30,embedding_mean_query,0.9,95,95,3605
musique,1.0,0.8666666666666667,30,embedding_last_query,0.9,95,95,3605
musique,1.0,1.0,30,random,1.0,95,95,4006
musique,1.0,1.0,30,chunk_head,1.0,95,95,4006
musique,1.0,1.0,30,embedding_max,1.0,95,95,4006
musique,1.0,1.0,30,embedding_mean_query,1.0,95,95,4006
musique,1.0,1.0,30,embedding_last_query,1.0,95,95,4006
musique,0.0,0.0,45,random,0.0,97,97,0
musique,0.0,0.0,45,chunk_head,0.0,97,97,0
musique,0.0,0.0,45,embedding_max,0.0,97,97,0
musique,0.0,0.0,45,embedding_mean_query,0.0,97,97,0
musique,0.0,0.0,45,embedding_last_query,0.0,97,97,0
musique,1.0,0.044444444444444446,45,random,0.1,97,97,400
musique,1.0,0.3333333333333333,45,chunk_head,0.1,97,97,400
musique,0.0,0.0,45,embedding_max,0.1,97,97,400
musique,1.0,0.044444444444444446,45,embedding_mean_query,0.1,97,97,400
musique,1.0,0.13333333333333333,45,embedding_last_query,0.1,97,97,400
musique,1.0,0.15555555555555556,45,random,0.2,97,97,801
musique,1.0,0.5333333333333333,45,chunk_head,0.2,97,97,801
musique,1.0,0.13333333333333333,45,embedding_max,0.2,97,97,801
musique,1.0,0.06666666666666667,45,embedding_mean_query,0.2,97,97,801
musique,1.0,0.24444444444444444,45,embedding_last_query,0.2,97,97,801
musique,1.0,0.4444444444444444,45,random,0.3,97,97,1202
musique,1.0,0.6666666666666666,45,chunk_head,0.3,97,97,1202
musique,1.0,0.26666666666666666,45,embedding_max,0.3,97,97,1202
musique,1.0,0.13333333333333333,45,embedding_mean_query,0.3,97,97,1202
musique,1.0,0.4,45,embedding_last_query,0.3,97,97,1202
musique,1.0,0.4222222222222222,45,random,0.4,97,97,1603
musique,1.0,0.6666666666666666,45,chunk_head,0.4,97,97,1603
musique,1.0,0.26666666666666666,45,embedding_max,0.4,97,97,1603
musique,1.0,0.26666666666666666,45,embedding_mean_query,0.4,97,97,1603
musique,1.0,0.4666666666666667,45,embedding_last_query,0.4,97,97,1603
musique,1.0,0.4222222222222222,45,random,0.5,97,97,2004
musique,1.0,0.6666666666666666,45,chunk_head,0.5,97,97,2004
musique,1.0,0.3333333333333333,45,embedding_max,0.5,97,97,2004
musique,1.0,0.4666666666666667,45,embedding_mean_query,0.5,97,97,2004
musique,1.0,0.6666666666666666,45,embedding_last_query,0.5,97,97,2004
musique,1.0,0.6,45,random,0.6,97,97,2404
musique,1.0,0.6666666666666666,45,chunk_head,0.6,97,97,2404
musique,1.0,0.4,45,embedding_max,0.6,97,97,2404
musique,1.0,0.5333333333333333,45,embedding_mean_query,0.6,97,97,2404
musique,1.0,0.8,45,embedding_last_query,0.6,97,97,2404
musique,1.0,0.7333333333333333,45,random,0.7,97,97,2805
musique,1.0,0.6666666666666666,45,chunk_head,0.7,97,97,2805
musique,1.0,0.5333333333333333,45,embedding_max,0.7,97,97,2805
musique,1.0,0.6,45,embedding_mean_query,0.7,97,97,2805
musique,1.0,0.8,45,embedding_last_query,0.7,97,97,2805
musique,1.0,0.8444444444444444,45,random,0.8,97,97,3206
musique,1.0,1.0,45,chunk_head,0.8,97,97,3206
musique,1.0,0.6444444444444445,45,embedding_max,0.8,97,97,3206
musique,1.0,0.6666666666666666,45,embedding_mean_query,0.8,97,97,3206
musique,1.0,0.9333333333333333,45,embedding_last_query,0.8,97,97,3206
musique,1.0,0.8888888888888888,45,random,0.9,97,97,3607
musique,1.0,1.0,45,chunk_head,0.9,97,97,3607
musique,1.0,0.8666666666666667,45,embedding_max,0.9,97,97,3607
musique,1.0,0.9333333333333333,45,embedding_mean_query,0.9,97,97,3607
musique,1.0,0.9333333333333333,45,embedding_last_query,0.9,97,97,3607
musique,1.0,1.0,45,random,1.0,97,97,4008
musique,1.0,1.0,45,chunk_head,1.0,97,97,4008
musique,1.0,1.0,45,embedding_max,1.0,97,97,4008
musique,1.0,1.0,45,embedding_mean_query,1.0,97,97,4008
musique,1.0,1.0,45,embedding_last_query,1.0,97,97,4008
musique,0.0,0.0,75,random,0.0,99,99,0
musique,0.0,0.0,75,chunk_head,0.0,99,99,0
musique,0.0,0.0,75,embedding_max,0.0,99,99,0
musique,0.0,0.0,75,embedding_mean_query,0.0,99,99,0
musique,0.0,0.0,75,embedding_last_query,0.0,99,99,0
musique,1.0,0.16,75,random,0.1,99,99,400
musique,1.0,0.2,75,chunk_head,0.1,99,99,400
musique,1.0,0.10666666666666667,75,embedding_max,0.1,99,99,400
musique,1.0,0.13333333333333333,75,embedding_mean_query,0.1,99,99,400
musique,1.0,0.06666666666666667,75,embedding_last_query,0.1,99,99,400
musique,1.0,0.13333333333333333,75,random,0.2,99,99,801
musique,1.0,0.2,75,chunk_head,0.2,99,99,801
musique,1.0,0.2,75,embedding_max,0.2,99,99,801
musique,1.0,0.2,75,embedding_mean_query,0.2,99,99,801
musique,1.0,0.14666666666666667,75,embedding_last_query,0.2,99,99,801
musique,1.0,0.28,75,random,0.3,99,99,1201
musique,1.0,0.4,75,chunk_head,0.3,99,99,1201
musique,1.0,0.25333333333333335,75,embedding_max,0.3,99,99,1201
musique,1.0,0.2,75,embedding_mean_query,0.3,99,99,1201
musique,1.0,0.2,75,embedding_last_query,0.3,99,99,1201
musique,1.0,0.32,75,random,0.4,99,99,1602
musique,1.0,0.6,75,chunk_head,0.4,99,99,1602
musique,1.0,0.3333333333333333,75,embedding_max,0.4,99,99,1602
musique,1.0,0.2,75,embedding_mean_query,0.4,99,99,1602
musique,1.0,0.5333333333333333,75,embedding_last_query,0.4,99,99,1602
musique,1.0,0.52,75,random,0.5,99,99,2002
musique,1.0,0.6,75,chunk_head,0.5,99,99,2002
musique,1.0,0.3333333333333333,75,embedding_max,0.5,99,99,2002
musique,1.0,0.4666666666666667,75,embedding_mean_query,0.5,99,99,2002
musique,1.0,0.56,75,embedding_last_query,0.5,99,99,2002
musique,1.0,0.6666666666666666,75,random,0.6,99,99,2403
musique,1.0,0.8,75,chunk_head,0.6,99,99,2403
musique,1.0,0.4,75,embedding_max,0.6,99,99,2403
musique,1.0,0.4666666666666667,75,embedding_mean_query,0.6,99,99,2403
musique,1.0,0.7333333333333333,75,embedding_last_query,0.6,99,99,2403
musique,1.0,0.6933333333333334,75,random,0.7,99,99,2803
musique,1.0,0.8,75,chunk_head,0.7,99,99,2803
musique,1.0,0.5333333333333333,75,embedding_max,0.7,99,99,2803
musique,1.0,0.6666666666666666,75,embedding_mean_query,0.7,99,99,2803
musique,1.0,0.7333333333333333,75,embedding_last_query,0.7,99,99,2803
musique,1.0,0.7466666666666667,75,random,0.8,99,99,3204
musique,1.0,0.8,75,chunk_head,0.8,99,99,3204
musique,1.0,0.8,75,embedding_max,0.8,99,99,3204
musique,1.0,0.7333333333333333,75,embedding_mean_query,0.8,99,99,3204
musique,1.0,0.8666666666666667,75,embedding_last_query,0.8,99,99,3204
musique,1.0,0.8666666666666667,75,random,0.9,99,99,3604
musique,1.0,0.8,75,chunk_head,0.9,99,99,3604
musique,1.0,0.9333333333333333,75,embedding_max,0.9,99,99,3604
musique,1.0,0.9333333333333333,75,embedding_mean_query,0.9,99,99,3604
musique,1.0,1.0,75,embedding_last_query,0.9,99,99,3604
musique,1.0,1.0,75,random,1.0,99,99,4005
musique,1.0,1.0,75,chunk_head,1.0,99,99,4005
musique,1.0,1.0,75,embedding_max,1.0,99,99,4005
musique,1.0,1.0,75,embedding_mean_query,1.0,99,99,4005
musique,1.0,1.0,75,embedding_last_query,1.0,99,99,4005
musique,0.0,0.0,48,random,0.0,100,100,0
musique,0.0,0.0,48,chunk_head,0.0,100,100,0
musique,0.0,0.0,48,embedding_max,0.0,100,100,0
musique,0.0,0.0,48,embedding_mean_query,0.0,100,100,0
musique,0.0,0.0,48,embedding_last_query,0.0,100,100,0
musique,1.0,0.08333333333333333,48,random,0.1,100,100,401
musique,1.0,0.25,48,chunk_head,0.1,100,100,401
musique,1.0,0.16666666666666666,48,embedding_max,0.1,100,100,401
musique,1.0,0.14583333333333334,48,embedding_mean_query,0.1,100,100,401
musique,1.0,0.16666666666666666,48,embedding_last_query,0.1,100,100,401
musique,1.0,0.20833333333333334,48,random,0.2,100,100,802
musique,1.0,0.5,48,chunk_head,0.2,100,100,802
musique,1.0,0.4166666666666667,48,embedding_max,0.2,100,100,802
musique,1.0,0.2708333333333333,48,embedding_mean_query,0.2,100,100,802
musique,1.0,0.25,48,embedding_last_query,0.2,100,100,802
musique,1.0,0.20833333333333334,48,random,0.3,100,100,1203
musique,1.0,0.5,48,chunk_head,0.3,100,100,1203
musique,1.0,0.5,48,embedding_max,0.3,100,100,1203
musique,1.0,0.4166666666666667,48,embedding_mean_query,0.3,100,100,1203
musique,1.0,0.3333333333333333,48,embedding_last_query,0.3,100,100,1203
musique,1.0,0.4375,48,random,0.4,100,100,1604
musique,1.0,0.75,48,chunk_head,0.4,100,100,1604
musique,1.0,0.5833333333333334,48,embedding_max,0.4,100,100,1604
musique,1.0,0.5833333333333334,48,embedding_mean_query,0.4,100,100,1604
musique,1.0,0.5,48,embedding_last_query,0.4,100,100,1604
musique,1.0,0.5208333333333334,48,random,0.5,100,100,2005
musique,1.0,0.75,48,chunk_head,0.5,100,100,2005
musique,1.0,0.5833333333333334,48,embedding_max,0.5,100,100,2005
musique,1.0,0.6666666666666666,48,embedding_mean_query,0.5,100,100,2005
musique,1.0,0.5833333333333334,48,embedding_last_query,0.5,100,100,2005
musique,1.0,0.5208333333333334,48,random,0.6,100,100,2406
musique,1.0,1.0,48,chunk_head,0.6,100,100,2406
musique,1.0,0.5833333333333334,48,embedding_max,0.6,100,100,2406
musique,1.0,0.75,48,embedding_mean_query,0.6,100,100,2406
musique,1.0,0.6666666666666666,48,embedding_last_query,0.6,100,100,2406
musique,1.0,0.6875,48,random,0.7,100,100,2807
musique,1.0,1.0,48,chunk_head,0.7,100,100,2807
musique,1.0,0.75,48,embedding_max,0.7,100,100,2807
musique,1.0,0.75,48,embedding_mean_query,0.7,100,100,2807
musique,1.0,0.75,48,embedding_last_query,0.7,100,100,2807
musique,1.0,0.8541666666666666,48,random,0.8,100,100,3208
musique,1.0,1.0,48,chunk_head,0.8,100,100,3208
musique,1.0,0.9166666666666666,48,embedding_max,0.8,100,100,3208
musique,1.0,0.8333333333333334,48,embedding_mean_query,0.8,100,100,3208
musique,1.0,0.9166666666666666,48,embedding_last_query,0.8,100,100,3208
musique,1.0,0.8541666666666666,48,random,0.9,100,100,3609
musique,1.0,1.0,48,chunk_head,0.9,100,100,3609
musique,1.0,1.0,48,embedding_max,0.9,100,100,3609
musique,1.0,0.8333333333333334,48,embedding_mean_query,0.9,100,100,3609
musique,1.0,0.9166666666666666,48,embedding_last_query,0.9,100,100,3609
musique,1.0,1.0,48,random,1.0,100,100,4011
musique,1.0,1.0,48,chunk_head,1.0,100,100,4011
musique,1.0,1.0,48,embedding_max,1.0,100,100,4011
musique,1.0,1.0,48,embedding_mean_query,1.0,100,100,4011
musique,1.0,1.0,48,embedding_last_query,1.0,100,100,4011
wikimqa,0.0,0.0,14,random,0.0,2,2,0
wikimqa,0.0,0.0,14,chunk_head,0.0,2,2,0
wikimqa,0.0,0.0,14,embedding_max,0.0,2,2,0
wikimqa,0.0,0.0,14,embedding_mean_query,0.0,2,2,0
wikimqa,0.0,0.0,14,embedding_last_query,0.0,2,2,0
wikimqa,0.0,0.0,14,random,0.1,2,2,401
wikimqa,1.0,1.0,14,chunk_head,0.1,2,2,401
wikimqa,1.0,0.21428571428571427,14,embedding_max,0.1,2,2,401
wikimqa,1.0,0.21428571428571427,14,embedding_mean_query,0.1,2,2,401
wikimqa,1.0,0.14285714285714285,14,embedding_last_query,0.1,2,2,401
wikimqa,1.0,0.21428571428571427,14,random,0.2,2,2,803
wikimqa,1.0,1.0,14,chunk_head,0.2,2,2,803
wikimqa,1.0,0.35714285714285715,14,embedding_max,0.2,2,2,803
wikimqa,1.0,0.35714285714285715,14,embedding_mean_query,0.2,2,2,803
wikimqa,1.0,0.14285714285714285,14,embedding_last_query,0.2,2,2,803
wikimqa,1.0,0.5,14,random,0.3,2,2,1204
wikimqa,1.0,1.0,14,chunk_head,0.3,2,2,1204
wikimqa,1.0,0.5,14,embedding_max,0.3,2,2,1204
wikimqa,1.0,0.35714285714285715,14,embedding_mean_query,0.3,2,2,1204
wikimqa,1.0,0.35714285714285715,14,embedding_last_query,0.3,2,2,1204
wikimqa,1.0,0.5,14,random,0.4,2,2,1606
wikimqa,1.0,1.0,14,chunk_head,0.4,2,2,1606
wikimqa,1.0,0.5,14,embedding_max,0.4,2,2,1606
wikimqa,1.0,0.42857142857142855,14,embedding_mean_query,0.4,2,2,1606
wikimqa,1.0,0.42857142857142855,14,embedding_last_query,0.4,2,2,1606
wikimqa,1.0,0.2857142857142857,14,random,0.5,2,2,2007
wikimqa,1.0,1.0,14,chunk_head,0.5,2,2,2007
wikimqa,1.0,0.5714285714285714,14,embedding_max,0.5,2,2,2007
wikimqa,1.0,0.6428571428571429,14,embedding_mean_query,0.5,2,2,2007
wikimqa,1.0,0.6428571428571429,14,embedding_last_query,0.5,2,2,2007
wikimqa,1.0,0.5714285714285714,14,random,0.6,2,2,2409
wikimqa,1.0,1.0,14,chunk_head,0.6,2,2,2409
wikimqa,1.0,0.7857142857142857,14,embedding_max,0.6,2,2,2409
wikimqa,1.0,0.7142857142857143,14,embedding_mean_query,0.6,2,2,2409
wikimqa,1.0,0.6428571428571429,14,embedding_last_query,0.6,2,2,2409
wikimqa,1.0,0.7142857142857143,14,random,0.7,2,2,2810
wikimqa,1.0,1.0,14,chunk_head,0.7,2,2,2810
wikimqa,1.0,0.7857142857142857,14,embedding_max,0.7,2,2,2810
wikimqa,1.0,0.7857142857142857,14,embedding_mean_query,0.7,2,2,2810
wikimqa,1.0,0.7857142857142857,14,embedding_last_query,0.7,2,2,2810
wikimqa,1.0,1.0,14,random,0.8,2,2,3212
wikimqa,1.0,1.0,14,chunk_head,0.8,2,2,3212
wikimqa,1.0,0.8571428571428571,14,embedding_max,0.8,2,2,3212
wikimqa,1.0,0.7857142857142857,14,embedding_mean_query,0.8,2,2,3212
wikimqa,1.0,0.8571428571428571,14,embedding_last_query,0.8,2,2,3212
wikimqa,1.0,1.0,14,random,0.9,2,2,3613
wikimqa,1.0,1.0,14,chunk_head,0.9,2,2,3613
wikimqa,1.0,0.8571428571428571,14,embedding_max,0.9,2,2,3613
wikimqa,1.0,0.9285714285714286,14,embedding_mean_query,0.9,2,2,3613
wikimqa,1.0,1.0,14,embedding_last_query,0.9,2,2,3613
wikimqa,1.0,1.0,14,random,1.0,2,2,4015
wikimqa,1.0,1.0,14,chunk_head,1.0,2,2,4015
wikimqa,1.0,1.0,14,embedding_max,1.0,2,2,4015
wikimqa,1.0,1.0,14,embedding_mean_query,1.0,2,2,4015
wikimqa,1.0,1.0,14,embedding_last_query,1.0,2,2,4015
wikimqa,0.0,0.0,97,random,0.0,4,4,0
wikimqa,0.0,0.0,97,chunk_head,0.0,4,4,0
wikimqa,0.0,0.0,97,embedding_max,0.0,4,4,0
wikimqa,0.0,0.0,97,embedding_mean_query,0.0,4,4,0
wikimqa,0.0,0.0,97,embedding_last_query,0.0,4,4,0
wikimqa,1.0,0.07216494845360824,97,random,0.1,4,4,400
wikimqa,1.0,0.1134020618556701,97,chunk_head,0.1,4,4,400
wikimqa,1.0,0.05154639175257732,97,embedding_max,0.1,4,4,400
wikimqa,1.0,0.07216494845360824,97,embedding_mean_query,0.1,4,4,400
wikimqa,1.0,0.07216494845360824,97,embedding_last_query,0.1,4,4,400
wikimqa,1.0,0.1958762886597938,97,random,0.2,4,4,801
wikimqa,1.0,0.1134020618556701,97,chunk_head,0.2,4,4,801
wikimqa,1.0,0.20618556701030927,97,embedding_max,0.2,4,4,801
wikimqa,1.0,0.15463917525773196,97,embedding_mean_query,0.2,4,4,801
wikimqa,1.0,0.1958762886597938,97,embedding_last_query,0.2,4,4,801
wikimqa,1.0,0.27835051546391754,97,random,0.3,4,4,1202
wikimqa,1.0,0.1134020618556701,97,chunk_head,0.3,4,4,1202
wikimqa,1.0,0.26804123711340205,97,embedding_max,0.3,4,4,1202
wikimqa,1.0,0.21649484536082475,97,embedding_mean_query,0.3,4,4,1202
wikimqa,1.0,0.24742268041237114,97,embedding_last_query,0.3,4,4,1202
wikimqa,1.0,0.44329896907216493,97,random,0.4,4,4,1602
wikimqa,1.0,0.1134020618556701,97,chunk_head,0.4,4,4,1602
wikimqa,1.0,0.36082474226804123,97,embedding_max,0.4,4,4,1602
wikimqa,1.0,0.35051546391752575,97,embedding_mean_query,0.4,4,4,1602
wikimqa,1.0,0.4020618556701031,97,embedding_last_query,0.4,4,4,1602
wikimqa,1.0,0.4845360824742268,97,random,0.5,4,4,2003
wikimqa,1.0,0.1134020618556701,97,chunk_head,0.5,4,4,2003
wikimqa,1.0,0.41237113402061853,97,embedding_max,0.5,4,4,2003
wikimqa,1.0,0.5257731958762887,97,embedding_mean_query,0.5,4,4,2003
wikimqa,1.0,0.5051546391752577,97,embedding_last_query,0.5,4,4,2003
wikimqa,1.0,0.5979381443298969,97,random,0.6,4,4,2404
wikimqa,1.0,0.5463917525773195,97,chunk_head,0.6,4,4,2404
wikimqa,1.0,0.6288659793814433,97,embedding_max,0.6,4,4,2404
wikimqa,1.0,0.6391752577319587,97,embedding_mean_query,0.6,4,4,2404
wikimqa,1.0,0.6185567010309279,97,embedding_last_query,0.6,4,4,2404
wikimqa,1.0,0.7938144329896907,97,random,0.7,4,4,2804
wikimqa,1.0,0.5463917525773195,97,chunk_head,0.7,4,4,2804
wikimqa,1.0,0.7010309278350515,97,embedding_max,0.7,4,4,2804
wikimqa,1.0,0.7216494845360825,97,embedding_mean_query,0.7,4,4,2804
wikimqa,1.0,0.6804123711340206,97,embedding_last_query,0.7,4,4,2804
wikimqa,1.0,0.7525773195876289,97,random,0.8,4,4,3205
wikimqa,1.0,0.5463917525773195,97,chunk_head,0.8,4,4,3205
wikimqa,1.0,0.8144329896907216,97,embedding_max,0.8,4,4,3205
wikimqa,1.0,0.8041237113402062,97,embedding_mean_query,0.8,4,4,3205
wikimqa,1.0,0.8041237113402062,97,embedding_last_query,0.8,4,4,3205
wikimqa,1.0,0.9175257731958762,97,random,0.9,4,4,3606
wikimqa,1.0,0.7731958762886598,97,chunk_head,0.9,4,4,3606
wikimqa,1.0,0.9484536082474226,97,embedding_max,0.9,4,4,3606
wikimqa,1.0,0.9175257731958762,97,embedding_mean_query,0.9,4,4,3606
wikimqa,1.0,0.9072164948453608,97,embedding_last_query,0.9,4,4,3606
wikimqa,1.0,1.0,97,random,1.0,4,4,4007
wikimqa,1.0,1.0,97,chunk_head,1.0,4,4,4007
wikimqa,1.0,1.0,97,embedding_max,1.0,4,4,4007
wikimqa,1.0,1.0,97,embedding_mean_query,1.0,4,4,4007
wikimqa,1.0,1.0,97,embedding_last_query,1.0,4,4,4007
wikimqa,0.0,0.0,15,random,0.0,5,5,0
wikimqa,0.0,0.0,15,chunk_head,0.0,5,5,0
wikimqa,0.0,0.0,15,embedding_max,0.0,5,5,0
wikimqa,0.0,0.0,15,embedding_mean_query,0.0,5,5,0
wikimqa,0.0,0.0,15,embedding_last_query,0.0,5,5,0
wikimqa,1.0,0.13333333333333333,15,random,0.1,5,5,400
wikimqa,0.0,0.0,15,chunk_head,0.1,5,5,400
wikimqa,1.0,0.06666666666666667,15,embedding_max,0.1,5,5,400
wikimqa,0.0,0.0,15,embedding_mean_query,0.1,5,5,400
wikimqa,1.0,0.06666666666666667,15,embedding_last_query,0.1,5,5,400
wikimqa,1.0,0.06666666666666667,15,random,0.2,5,5,800
wikimqa,0.0,0.0,15,chunk_head,0.2,5,5,800
wikimqa,1.0,0.06666666666666667,15,embedding_max,0.2,5,5,800
wikimqa,1.0,0.13333333333333333,15,embedding_mean_query,0.2,5,5,800
wikimqa,1.0,0.3333333333333333,15,embedding_last_query,0.2,5,5,800
wikimqa,1.0,0.06666666666666667,15,random,0.3,5,5,1201
wikimqa,0.0,0.0,15,chunk_head,0.3,5,5,1201
wikimqa,1.0,0.3333333333333333,15,embedding_max,0.3,5,5,1201
wikimqa,1.0,0.4666666666666667,15,embedding_mean_query,0.3,5,5,1201
wikimqa,1.0,0.4,15,embedding_last_query,0.3,5,5,1201
wikimqa,1.0,0.4,15,random,0.4,5,5,1601
wikimqa,0.0,0.0,15,chunk_head,0.4,5,5,1601
wikimqa,1.0,0.6,15,embedding_max,0.4,5,5,1601
wikimqa,1.0,0.5333333333333333,15,embedding_mean_query,0.4,5,5,1601
wikimqa,1.0,0.4,15,embedding_last_query,0.4,5,5,1601
wikimqa,1.0,0.5333333333333333,15,random,0.5,5,5,2002
wikimqa,1.0,1.0,15,chunk_head,0.5,5,5,2002
wikimqa,1.0,0.6666666666666666,15,embedding_max,0.5,5,5,2002
wikimqa,1.0,0.6666666666666666,15,embedding_mean_query,0.5,5,5,2002
wikimqa,1.0,0.5333333333333333,15,embedding_last_query,0.5,5,5,2002
wikimqa,1.0,0.6666666666666666,15,random,0.6,5,5,2402
wikimqa,1.0,1.0,15,chunk_head,0.6,5,5,2402
wikimqa,1.0,0.7333333333333333,15,embedding_max,0.6,5,5,2402
wikimqa,1.0,0.8,15,embedding_mean_query,0.6,5,5,2402
wikimqa,1.0,0.6666666666666666,15,embedding_last_query,0.6,5,5,2402
wikimqa,1.0,0.5333333333333333,15,random,0.7,5,5,2802
wikimqa,1.0,1.0,15,chunk_head,0.7,5,5,2802
wikimqa,1.0,0.9333333333333333,15,embedding_max,0.7,5,5,2802
wikimqa,1.0,0.9333333333333333,15,embedding_mean_query,0.7,5,5,2802
wikimqa,1.0,0.7333333333333333,15,embedding_last_query,0.7,5,5,2802
wikimqa,1.0,0.8666666666666667,15,random,0.8,5,5,3203
wikimqa,1.0,1.0,15,chunk_head,0.8,5,5,3203
wikimqa,1.0,1.0,15,embedding_max,0.8,5,5,3203
wikimqa,1.0,1.0,15,embedding_mean_query,0.8,5,5,3203
wikimqa,1.0,0.8,15,embedding_last_query,0.8,5,5,3203
wikimqa,1.0,0.8666666666666667,15,random,0.9,5,5,3603
wikimqa,1.0,1.0,15,chunk_head,0.9,5,5,3603
wikimqa,1.0,1.0,15,embedding_max,0.9,5,5,3603
wikimqa,1.0,1.0,15,embedding_mean_query,0.9,5,5,3603
wikimqa,1.0,0.9333333333333333,15,embedding_last_query,0.9,5,5,3603
wikimqa,1.0,1.0,15,random,1.0,5,5,4004
wikimqa,1.0,1.0,15,chunk_head,1.0,5,5,4004
wikimqa,1.0,1.0,15,embedding_max,1.0,5,5,4004
wikimqa,1.0,1.0,15,embedding_mean_query,1.0,5,5,4004
wikimqa,1.0,1.0,15,embedding_last_query,1.0,5,5,4004
wikimqa,0.0,0.0,127,random,0.0,6,6,0
wikimqa,0.0,0.0,127,chunk_head,0.0,6,6,0
wikimqa,0.0,0.0,127,embedding_max,0.0,6,6,0
wikimqa,0.0,0.0,127,embedding_mean_query,0.0,6,6,0
wikimqa,0.0,0.0,127,embedding_last_query,0.0,6,6,0
wikimqa,1.0,0.10236220472440945,127,random,0.1,6,6,401
wikimqa,1.0,0.2755905511811024,127,chunk_head,0.1,6,6,401
wikimqa,1.0,0.11023622047244094,127,embedding_max,0.1,6,6,401
wikimqa,1.0,0.12598425196850394,127,embedding_mean_query,0.1,6,6,401
wikimqa,1.0,0.11023622047244094,127,embedding_last_query,0.1,6,6,401
wikimqa,1.0,0.2677165354330709,127,random,0.2,6,6,802
wikimqa,1.0,0.3858267716535433,127,chunk_head,0.2,6,6,802
wikimqa,1.0,0.29133858267716534,127,embedding_max,0.2,6,6,802
wikimqa,1.0,0.1889763779527559,127,embedding_mean_query,0.2,6,6,802
wikimqa,1.0,0.1732283464566929,127,embedding_last_query,0.2,6,6,802
wikimqa,1.0,0.33858267716535434,127,random,0.3,6,6,1204
wikimqa,1.0,0.3858267716535433,127,chunk_head,0.3,6,6,1204
wikimqa,1.0,0.3700787401574803,127,embedding_max,0.3,6,6,1204
wikimqa,1.0,0.3779527559055118,127,embedding_mean_query,0.3,6,6,1204
wikimqa,1.0,0.2125984251968504,127,embedding_last_query,0.3,6,6,1204
wikimqa,1.0,0.3700787401574803,127,random,0.4,6,6,1605
wikimqa,1.0,0.49606299212598426,127,chunk_head,0.4,6,6,1605
wikimqa,1.0,0.5905511811023622,127,embedding_max,0.4,6,6,1605
wikimqa,1.0,0.5039370078740157,127,embedding_mean_query,0.4,6,6,1605
wikimqa,1.0,0.30708661417322836,127,embedding_last_query,0.4,6,6,1605
wikimqa,1.0,0.5118110236220472,127,random,0.5,6,6,2007
wikimqa,1.0,0.6062992125984252,127,chunk_head,0.5,6,6,2007
wikimqa,1.0,0.6299212598425197,127,embedding_max,0.5,6,6,2007
wikimqa,1.0,0.6299212598425197,127,embedding_mean_query,0.5,6,6,2007
wikimqa,1.0,0.3779527559055118,127,embedding_last_query,0.5,6,6,2007
wikimqa,1.0,0.5433070866141733,127,random,0.6,6,6,2408
wikimqa,1.0,0.7795275590551181,127,chunk_head,0.6,6,6,2408
wikimqa,1.0,0.7874015748031497,127,embedding_max,0.6,6,6,2408
wikimqa,1.0,0.6771653543307087,127,embedding_mean_query,0.6,6,6,2408
wikimqa,1.0,0.4094488188976378,127,embedding_last_query,0.6,6,6,2408
wikimqa,1.0,0.6771653543307087,127,random,0.7,6,6,2809
wikimqa,1.0,0.7795275590551181,127,chunk_head,0.7,6,6,2809
wikimqa,1.0,0.8346456692913385,127,embedding_max,0.7,6,6,2809
wikimqa,1.0,0.7874015748031497,127,embedding_mean_query,0.7,6,6,2809
wikimqa,1.0,0.5354330708661418,127,embedding_last_query,0.7,6,6,2809
wikimqa,1.0,0.8661417322834646,127,random,0.8,6,6,3211
wikimqa,1.0,0.889763779527559,127,chunk_head,0.8,6,6,3211
wikimqa,1.0,0.8818897637795275,127,embedding_max,0.8,6,6,3211
wikimqa,1.0,0.9133858267716536,127,embedding_mean_query,0.8,6,6,3211
wikimqa,1.0,0.6377952755905512,127,embedding_last_query,0.8,6,6,3211
wikimqa,1.0,0.937007874015748,127,random,0.9,6,6,3612
wikimqa,1.0,1.0,127,chunk_head,0.9,6,6,3612
wikimqa,1.0,0.968503937007874,127,embedding_max,0.9,6,6,3612
wikimqa,1.0,0.952755905511811,127,embedding_mean_query,0.9,6,6,3612
wikimqa,1.0,0.8582677165354331,127,embedding_last_query,0.9,6,6,3612
wikimqa,1.0,1.0,127,random,1.0,6,6,4014
wikimqa,1.0,1.0,127,chunk_head,1.0,6,6,4014
wikimqa,1.0,1.0,127,embedding_max,1.0,6,6,4014
wikimqa,1.0,1.0,127,embedding_mean_query,1.0,6,6,4014
wikimqa,1.0,1.0,127,embedding_last_query,1.0,6,6,4014
wikimqa,0.0,0.0,20,random,0.0,7,7,0
wikimqa,0.0,0.0,20,chunk_head,0.0,7,7,0
wikimqa,0.0,0.0,20,embedding_max,0.0,7,7,0
wikimqa,0.0,0.0,20,embedding_mean_query,0.0,7,7,0
wikimqa,0.0,0.0,20,embedding_last_query,0.0,7,7,0
wikimqa,1.0,0.15,20,random,0.1,7,7,400
wikimqa,0.0,0.0,20,chunk_head,0.1,7,7,400
wikimqa,0.0,0.0,20,embedding_max,0.1,7,7,400
wikimqa,0.0,0.0,20,embedding_mean_query,0.1,7,7,400
wikimqa,1.0,0.05,20,embedding_last_query,0.1,7,7,400
wikimqa,1.0,0.15,20,random,0.2,7,7,801
wikimqa,0.0,0.0,20,chunk_head,0.2,7,7,801
wikimqa,1.0,0.1,20,embedding_max,0.2,7,7,801
wikimqa,1.0,0.1,20,embedding_mean_query,0.2,7,7,801
wikimqa,1.0,0.2,20,embedding_last_query,0.2,7,7,801
wikimqa,1.0,0.2,20,random,0.3,7,7,1201
wikimqa,1.0,1.0,20,chunk_head,0.3,7,7,1201
wikimqa,1.0,0.25,20,embedding_max,0.3,7,7,1201
wikimqa,1.0,0.15,20,embedding_mean_query,0.3,7,7,1201
wikimqa,1.0,0.25,20,embedding_last_query,0.3,7,7,1201
wikimqa,1.0,0.25,20,random,0.4,7,7,1602
wikimqa,1.0,1.0,20,chunk_head,0.4,7,7,1602
wikimqa,1.0,0.6,20,embedding_max,0.4,7,7,1602
wikimqa,1.0,0.4,20,embedding_mean_query,0.4,7,7,1602
wikimqa,1.0,0.4,20,embedding_last_query,0.4,7,7,1602
wikimqa,1.0,0.45,20,random,0.5,7,7,2002
wikimqa,1.0,1.0,20,chunk_head,0.5,7,7,2002
wikimqa,1.0,0.65,20,embedding_max,0.5,7,7,2002
wikimqa,1.0,0.45,20,embedding_mean_query,0.5,7,7,2002
wikimqa,1.0,0.7,20,embedding_last_query,0.5,7,7,2002
wikimqa,1.0,0.55,20,random,0.6,7,7,2403
wikimqa,1.0,1.0,20,chunk_head,0.6,7,7,2403
wikimqa,1.0,0.7,20,embedding_max,0.6,7,7,2403
wikimqa,1.0,0.65,20,embedding_mean_query,0.6,7,7,2403
wikimqa,1.0,0.85,20,embedding_last_query,0.6,7,7,2403
wikimqa,1.0,0.6,20,random,0.7,7,7,2803
wikimqa,1.0,1.0,20,chunk_head,0.7,7,7,2803
wikimqa,1.0,0.8,20,embedding_max,0.7,7,7,2803
wikimqa,1.0,0.75,20,embedding_mean_query,0.7,7,7,2803
wikimqa,1.0,0.9,20,embedding_last_query,0.7,7,7,2803
wikimqa,1.0,0.85,20,random,0.8,7,7,3204
wikimqa,1.0,1.0,20,chunk_head,0.8,7,7,3204
wikimqa,1.0,0.9,20,embedding_max,0.8,7,7,3204
wikimqa,1.0,0.85,20,embedding_mean_query,0.8,7,7,3204
wikimqa,1.0,0.9,20,embedding_last_query,0.8,7,7,3204
wikimqa,1.0,0.95,20,random,0.9,7,7,3604
wikimqa,1.0,1.0,20,chunk_head,0.9,7,7,3604
wikimqa,1.0,0.95,20,embedding_max,0.9,7,7,3604
wikimqa,1.0,0.9,20,embedding_mean_query,0.9,7,7,3604
wikimqa,1.0,1.0,20,embedding_last_query,0.9,7,7,3604
wikimqa,1.0,1.0,20,random,1.0,7,7,4005
wikimqa,1.0,1.0,20,chunk_head,1.0,7,7,4005
wikimqa,1.0,1.0,20,embedding_max,1.0,7,7,4005
wikimqa,1.0,1.0,20,embedding_mean_query,1.0,7,7,4005
wikimqa,1.0,1.0,20,embedding_last_query,1.0,7,7,4005
wikimqa,0.0,0.0,30,random,0.0,10,10,0
wikimqa,0.0,0.0,30,chunk_head,0.0,10,10,0
wikimqa,0.0,0.0,30,embedding_max,0.0,10,10,0
wikimqa,0.0,0.0,30,embedding_mean_query,0.0,10,10,0
wikimqa,0.0,0.0,30,embedding_last_query,0.0,10,10,0
wikimqa,1.0,0.16666666666666666,30,random,0.1,10,10,401
wikimqa,0.0,0.0,30,chunk_head,0.1,10,10,401
wikimqa,1.0,0.16666666666666666,30,embedding_max,0.1,10,10,401
wikimqa,1.0,0.16666666666666666,30,embedding_mean_query,0.1,10,10,401
wikimqa,1.0,0.03333333333333333,30,embedding_last_query,0.1,10,10,401
wikimqa,1.0,0.26666666666666666,30,random,0.2,10,10,803
wikimqa,0.0,0.0,30,chunk_head,0.2,10,10,803
wikimqa,1.0,0.23333333333333334,30,embedding_max,0.2,10,10,803
wikimqa,1.0,0.3,30,embedding_mean_query,0.2,10,10,803
wikimqa,1.0,0.16666666666666666,30,embedding_last_query,0.2,10,10,803
wikimqa,1.0,0.3333333333333333,30,random,0.3,10,10,1205
wikimqa,1.0,0.5,30,chunk_head,0.3,10,10,1205
wikimqa,1.0,0.3,30,embedding_max,0.3,10,10,1205
wikimqa,1.0,0.4,30,embedding_mean_query,0.3,10,10,1205
wikimqa,1.0,0.3333333333333333,30,embedding_last_query,0.3,10,10,1205
wikimqa,1.0,0.43333333333333335,30,random,0.4,10,10,1607
wikimqa,1.0,1.0,30,chunk_head,0.4,10,10,1607
wikimqa,1.0,0.4666666666666667,30,embedding_max,0.4,10,10,1607
wikimqa,1.0,0.5666666666666667,30,embedding_mean_query,0.4,10,10,1607
wikimqa,1.0,0.36666666666666664,30,embedding_last_query,0.4,10,10,1607
wikimqa,1.0,0.6333333333333333,30,random,0.5,10,10,2009
wikimqa,1.0,1.0,30,chunk_head,0.5,10,10,2009
wikimqa,1.0,0.5333333333333333,30,embedding_max,0.5,10,10,2009
wikimqa,1.0,0.6,30,embedding_mean_query,0.5,10,10,2009
wikimqa,1.0,0.43333333333333335,30,embedding_last_query,0.5,10,10,2009
wikimqa,1.0,0.43333333333333335,30,random,0.6,10,10,2410
wikimqa,1.0,1.0,30,chunk_head,0.6,10,10,2410
wikimqa,1.0,0.6666666666666666,30,embedding_max,0.6,10,10,2410
wikimqa,1.0,0.6333333333333333,30,embedding_mean_query,0.6,10,10,2410
wikimqa,1.0,0.5,30,embedding_last_query,0.6,10,10,2410
wikimqa,1.0,0.7333333333333333,30,random,0.7,10,10,2812
wikimqa,1.0,1.0,30,chunk_head,0.7,10,10,2812
wikimqa,1.0,0.7333333333333333,30,embedding_max,0.7,10,10,2812
wikimqa,1.0,0.7666666666666667,30,embedding_mean_query,0.7,10,10,2812
wikimqa,1.0,0.6333333333333333,30,embedding_last_query,0.7,10,10,2812
wikimqa,1.0,0.8,30,random,0.8,10,10,3214
wikimqa,1.0,1.0,30,chunk_head,0.8,10,10,3214
wikimqa,1.0,0.7666666666666667,30,embedding_max,0.8,10,10,3214
wikimqa,1.0,0.7666666666666667,30,embedding_mean_query,0.8,10,10,3214
wikimqa,1.0,0.6333333333333333,30,embedding_last_query,0.8,10,10,3214
wikimqa,1.0,0.9666666666666667,30,random,0.9,10,10,3616
wikimqa,1.0,1.0,30,chunk_head,0.9,10,10,3616
wikimqa,1.0,0.8333333333333334,30,embedding_max,0.9,10,10,3616
wikimqa,1.0,0.9333333333333333,30,embedding_mean_query,0.9,10,10,3616
wikimqa,1.0,0.7666666666666667,30,embedding_last_query,0.9,10,10,3616
wikimqa,1.0,1.0,30,random,1.0,10,10,4018
wikimqa,1.0,1.0,30,chunk_head,1.0,10,10,4018
wikimqa,1.0,1.0,30,embedding_max,1.0,10,10,4018
wikimqa,1.0,1.0,30,embedding_mean_query,1.0,10,10,4018
wikimqa,1.0,1.0,30,embedding_last_query,1.0,10,10,4018
wikimqa,0.0,0.0,36,random,0.0,13,13,0
wikimqa,0.0,0.0,36,chunk_head,0.0,13,13,0
wikimqa,0.0,0.0,36,embedding_max,0.0,13,13,0
wikimqa,0.0,0.0,36,embedding_mean_query,0.0,13,13,0
wikimqa,0.0,0.0,36,embedding_last_query,0.0,13,13,0
wikimqa,1.0,0.1388888888888889,36,random,0.1,13,13,401
wikimqa,0.0,0.0,36,chunk_head,0.1,13,13,401
wikimqa,1.0,0.2222222222222222,36,embedding_max,0.1,13,13,401
wikimqa,1.0,0.2222222222222222,36,embedding_mean_query,0.1,13,13,401
wikimqa,1.0,0.1388888888888889,36,embedding_last_query,0.1,13,13,401
wikimqa,1.0,0.1111111111111111,36,random,0.2,13,13,802
wikimqa,1.0,1.0,36,chunk_head,0.2,13,13,802
wikimqa,1.0,0.3333333333333333,36,embedding_max,0.2,13,13,802
wikimqa,1.0,0.3055555555555556,36,embedding_mean_query,0.2,13,13,802
wikimqa,1.0,0.25,36,embedding_last_query,0.2,13,13,802
wikimqa,1.0,0.2222222222222222,36,random,0.3,13,13,1204
wikimqa,1.0,1.0,36,chunk_head,0.3,13,13,1204
wikimqa,1.0,0.5,36,embedding_max,0.3,13,13,1204
wikimqa,1.0,0.4166666666666667,36,embedding_mean_query,0.3,13,13,1204
wikimqa,1.0,0.3333333333333333,36,embedding_last_query,0.3,13,13,1204
wikimqa,1.0,0.3888888888888889,36,random,0.4,13,13,1605
wikimqa,1.0,1.0,36,chunk_head,0.4,13,13,1605
wikimqa,1.0,0.5277777777777778,36,embedding_max,0.4,13,13,1605
wikimqa,1.0,0.5277777777777778,36,embedding_mean_query,0.4,13,13,1605
wikimqa,1.0,0.3888888888888889,36,embedding_last_query,0.4,13,13,1605
wikimqa,1.0,0.5833333333333334,36,random,0.5,13,13,2007
wikimqa,1.0,1.0,36,chunk_head,0.5,13,13,2007
wikimqa,1.0,0.6944444444444444,36,embedding_max,0.5,13,13,2007
wikimqa,1.0,0.6388888888888888,36,embedding_mean_query,0.5,13,13,2007
wikimqa,1.0,0.5833333333333334,36,embedding_last_query,0.5,13,13,2007
wikimqa,1.0,0.7222222222222222,36,random,0.6,13,13,2408
wikimqa,1.0,1.0,36,chunk_head,0.6,13,13,2408
wikimqa,1.0,0.8055555555555556,36,embedding_max,0.6,13,13,2408
wikimqa,1.0,0.6666666666666666,36,embedding_mean_query,0.6,13,13,2408
wikimqa,1.0,0.6666666666666666,36,embedding_last_query,0.6,13,13,2408
wikimqa,1.0,0.7222222222222222,36,random,0.7,13,13,2809
wikimqa,1.0,1.0,36,chunk_head,0.7,13,13,2809
wikimqa,1.0,0.8888888888888888,36,embedding_max,0.7,13,13,2809
wikimqa,1.0,0.8888888888888888,36,embedding_mean_query,0.7,13,13,2809
wikimqa,1.0,0.8055555555555556,36,embedding_last_query,0.7,13,13,2809
wikimqa,1.0,0.7222222222222222,36,random,0.8,13,13,3211
wikimqa,1.0,1.0,36,chunk_head,0.8,13,13,3211
wikimqa,1.0,0.9166666666666666,36,embedding_max,0.8,13,13,3211
wikimqa,1.0,0.9166666666666666,36,embedding_mean_query,0.8,13,13,3211
wikimqa,1.0,0.8055555555555556,36,embedding_last_query,0.8,13,13,3211
wikimqa,1.0,0.7777777777777778,36,random,0.9,13,13,3612
wikimqa,1.0,1.0,36,chunk_head,0.9,13,13,3612
wikimqa,1.0,0.9722222222222222,36,embedding_max,0.9,13,13,3612
wikimqa,1.0,0.9444444444444444,36,embedding_mean_query,0.9,13,13,3612
wikimqa,1.0,0.9166666666666666,36,embedding_last_query,0.9,13,13,3612
wikimqa,1.0,1.0,36,random,1.0,13,13,4014
wikimqa,1.0,1.0,36,chunk_head,1.0,13,13,4014
wikimqa,1.0,1.0,36,embedding_max,1.0,13,13,4014
wikimqa,1.0,1.0,36,embedding_mean_query,1.0,13,13,4014
wikimqa,1.0,1.0,36,embedding_last_query,1.0,13,13,4014
wikimqa,0.0,0.0,20,random,0.0,14,14,0
wikimqa,0.0,0.0,20,chunk_head,0.0,14,14,0
wikimqa,0.0,0.0,20,embedding_max,0.0,14,14,0
wikimqa,0.0,0.0,20,embedding_mean_query,0.0,14,14,0
wikimqa,0.0,0.0,20,embedding_last_query,0.0,14,14,0
wikimqa,1.0,0.1,20,random,0.1,14,14,401
wikimqa,0.0,0.0,20,chunk_head,0.1,14,14,401
wikimqa,1.0,0.1,20,embedding_max,0.1,14,14,401
wikimqa,1.0,0.05,20,embedding_mean_query,0.1,14,14,401
wikimqa,1.0,0.25,20,embedding_last_query,0.1,14,14,401
wikimqa,1.0,0.25,20,random,0.2,14,14,803
wikimqa,0.0,0.0,20,chunk_head,0.2,14,14,803
wikimqa,1.0,0.3,20,embedding_max,0.2,14,14,803
wikimqa,1.0,0.1,20,embedding_mean_query,0.2,14,14,803
wikimqa,1.0,0.35,20,embedding_last_query,0.2,14,14,803
wikimqa,1.0,0.4,20,random,0.3,14,14,1205
wikimqa,0.0,0.0,20,chunk_head,0.3,14,14,1205
wikimqa,1.0,0.45,20,embedding_max,0.3,14,14,1205
wikimqa,1.0,0.2,20,embedding_mean_query,0.3,14,14,1205
wikimqa,1.0,0.45,20,embedding_last_query,0.3,14,14,1205
wikimqa,1.0,0.25,20,random,0.4,14,14,1606
wikimqa,0.0,0.0,20,chunk_head,0.4,14,14,1606
wikimqa,1.0,0.55,20,embedding_max,0.4,14,14,1606
wikimqa,1.0,0.25,20,embedding_mean_query,0.4,14,14,1606
wikimqa,1.0,0.5,20,embedding_last_query,0.4,14,14,1606
wikimqa,1.0,0.45,20,random,0.5,14,14,2008
wikimqa,0.0,0.0,20,chunk_head,0.5,14,14,2008
wikimqa,1.0,0.65,20,embedding_max,0.5,14,14,2008
wikimqa,1.0,0.4,20,embedding_mean_query,0.5,14,14,2008
wikimqa,1.0,0.6,20,embedding_last_query,0.5,14,14,2008
wikimqa,1.0,0.65,20,random,0.6,14,14,2410
wikimqa,1.0,1.0,20,chunk_head,0.6,14,14,2410
wikimqa,1.0,0.65,20,embedding_max,0.6,14,14,2410
wikimqa,1.0,0.6,20,embedding_mean_query,0.6,14,14,2410
wikimqa,1.0,0.7,20,embedding_last_query,0.6,14,14,2410
wikimqa,1.0,0.7,20,random,0.7,14,14,2811
wikimqa,1.0,1.0,20,chunk_head,0.7,14,14,2811
wikimqa,1.0,0.75,20,embedding_max,0.7,14,14,2811
wikimqa,1.0,0.85,20,embedding_mean_query,0.7,14,14,2811
wikimqa,1.0,0.9,20,embedding_last_query,0.7,14,14,2811
wikimqa,1.0,0.65,20,random,0.8,14,14,3213
wikimqa,1.0,1.0,20,chunk_head,0.8,14,14,3213
wikimqa,1.0,0.9,20,embedding_max,0.8,14,14,3213
wikimqa,1.0,0.85,20,embedding_mean_query,0.8,14,14,3213
wikimqa,1.0,0.9,20,embedding_last_query,0.8,14,14,3213
wikimqa,1.0,0.9,20,random,0.9,14,14,3615
wikimqa,1.0,1.0,20,chunk_head,0.9,14,14,3615
wikimqa,1.0,0.9,20,embedding_max,0.9,14,14,3615
wikimqa,1.0,0.95,20,embedding_mean_query,0.9,14,14,3615
wikimqa,1.0,0.9,20,embedding_last_query,0.9,14,14,3615
wikimqa,1.0,1.0,20,random,1.0,14,14,4017
wikimqa,1.0,1.0,20,chunk_head,1.0,14,14,4017
wikimqa,1.0,1.0,20,embedding_max,1.0,14,14,4017
wikimqa,1.0,1.0,20,embedding_mean_query,1.0,14,14,4017
wikimqa,1.0,1.0,20,embedding_last_query,1.0,14,14,4017
wikimqa,0.0,0.0,24,random,0.0,15,15,0
wikimqa,0.0,0.0,24,chunk_head,0.0,15,15,0
wikimqa,0.0,0.0,24,embedding_max,0.0,15,15,0
wikimqa,0.0,0.0,24,embedding_mean_query,0.0,15,15,0
wikimqa,0.0,0.0,24,embedding_last_query,0.0,15,15,0
wikimqa,1.0,0.20833333333333334,24,random,0.1,15,15,401
wikimqa,0.0,0.0,24,chunk_head,0.1,15,15,401
wikimqa,1.0,0.16666666666666666,24,embedding_max,0.1,15,15,401
wikimqa,1.0,0.16666666666666666,24,embedding_mean_query,0.1,15,15,401
wikimqa,1.0,0.041666666666666664,24,embedding_last_query,0.1,15,15,401
wikimqa,1.0,0.2916666666666667,24,random,0.2,15,15,803
wikimqa,0.0,0.0,24,chunk_head,0.2,15,15,803
wikimqa,1.0,0.25,24,embedding_max,0.2,15,15,803
wikimqa,1.0,0.3333333333333333,24,embedding_mean_query,0.2,15,15,803
wikimqa,1.0,0.041666666666666664,24,embedding_last_query,0.2,15,15,803
wikimqa,1.0,0.375,24,random,0.3,15,15,1205
wikimqa,1.0,0.5,24,chunk_head,0.3,15,15,1205
wikimqa,1.0,0.375,24,embedding_max,0.3,15,15,1205
wikimqa,1.0,0.4583333333333333,24,embedding_mean_query,0.3,15,15,1205
wikimqa,1.0,0.16666666666666666,24,embedding_last_query,0.3,15,15,1205
wikimqa,1.0,0.375,24,random,0.4,15,15,1606
wikimqa,1.0,0.5,24,chunk_head,0.4,15,15,1606
wikimqa,1.0,0.5416666666666666,24,embedding_max,0.4,15,15,1606
wikimqa,1.0,0.5,24,embedding_mean_query,0.4,15,15,1606
wikimqa,1.0,0.375,24,embedding_last_query,0.4,15,15,1606
wikimqa,1.0,0.625,24,random,0.5,15,15,2008
wikimqa,1.0,0.5,24,chunk_head,0.5,15,15,2008
wikimqa,1.0,0.625,24,embedding_max,0.5,15,15,2008
wikimqa,1.0,0.5833333333333334,24,embedding_mean_query,0.5,15,15,2008
wikimqa,1.0,0.4583333333333333,24,embedding_last_query,0.5,15,15,2008
wikimqa,1.0,0.5,24,random,0.6,15,15,2410
wikimqa,1.0,0.5,24,chunk_head,0.6,15,15,2410
wikimqa,1.0,0.6666666666666666,24,embedding_max,0.6,15,15,2410
wikimqa,1.0,0.625,24,embedding_mean_query,0.6,15,15,2410
wikimqa,1.0,0.5,24,embedding_last_query,0.6,15,15,2410
wikimqa,1.0,0.7083333333333334,24,random,0.7,15,15,2811
wikimqa,1.0,0.5,24,chunk_head,0.7,15,15,2811
wikimqa,1.0,0.75,24,embedding_max,0.7,15,15,2811
wikimqa,1.0,0.8333333333333334,24,embedding_mean_query,0.7,15,15,2811
wikimqa,1.0,0.6666666666666666,24,embedding_last_query,0.7,15,15,2811
wikimqa,1.0,0.8333333333333334,24,random,0.8,15,15,3213
wikimqa,1.0,0.5,24,chunk_head,0.8,15,15,3213
wikimqa,1.0,0.8333333333333334,24,embedding_max,0.8,15,15,3213
wikimqa,1.0,0.9583333333333334,24,embedding_mean_query,0.8,15,15,3213
wikimqa,1.0,0.7916666666666666,24,embedding_last_query,0.8,15,15,3213
wikimqa,1.0,0.9583333333333334,24,random,0.9,15,15,3615
wikimqa,1.0,1.0,24,chunk_head,0.9,15,15,3615
wikimqa,1.0,0.9583333333333334,24,embedding_max,0.9,15,15,3615
wikimqa,1.0,1.0,24,embedding_mean_query,0.9,15,15,3615
wikimqa,1.0,0.7916666666666666,24,embedding_last_query,0.9,15,15,3615
wikimqa,1.0,1.0,24,random,1.0,15,15,4017
wikimqa,1.0,1.0,24,chunk_head,1.0,15,15,4017
wikimqa,1.0,1.0,24,embedding_max,1.0,15,15,4017
wikimqa,1.0,1.0,24,embedding_mean_query,1.0,15,15,4017
wikimqa,1.0,1.0,24,embedding_last_query,1.0,15,15,4017
wikimqa,0.0,0.0,20,random,0.0,17,17,0
wikimqa,0.0,0.0,20,chunk_head,0.0,17,17,0
wikimqa,0.0,0.0,20,embedding_max,0.0,17,17,0
wikimqa,0.0,0.0,20,embedding_mean_query,0.0,17,17,0
wikimqa,0.0,0.0,20,embedding_last_query,0.0,17,17,0
wikimqa,1.0,0.2,20,random,0.1,17,17,401
wikimqa,0.0,0.0,20,chunk_head,0.1,17,17,401
wikimqa,1.0,0.3,20,embedding_max,0.1,17,17,401
wikimqa,1.0,0.4,20,embedding_mean_query,0.1,17,17,401
wikimqa,0.0,0.0,20,embedding_last_query,0.1,17,17,401
wikimqa,1.0,0.15,20,random,0.2,17,17,802
wikimqa,0.0,0.0,20,chunk_head,0.2,17,17,802
wikimqa,1.0,0.55,20,embedding_max,0.2,17,17,802
wikimqa,1.0,0.5,20,embedding_mean_query,0.2,17,17,802
wikimqa,1.0,0.2,20,embedding_last_query,0.2,17,17,802
wikimqa,1.0,0.45,20,random,0.3,17,17,1203
wikimqa,0.0,0.0,20,chunk_head,0.3,17,17,1203
wikimqa,1.0,0.65,20,embedding_max,0.3,17,17,1203
wikimqa,1.0,0.55,20,embedding_mean_query,0.3,17,17,1203
wikimqa,1.0,0.3,20,embedding_last_query,0.3,17,17,1203
wikimqa,1.0,0.35,20,random,0.4,17,17,1604
wikimqa,1.0,1.0,20,chunk_head,0.4,17,17,1604
wikimqa,1.0,0.65,20,embedding_max,0.4,17,17,1604
wikimqa,1.0,0.65,20,embedding_mean_query,0.4,17,17,1604
wikimqa,1.0,0.35,20,embedding_last_query,0.4,17,17,1604
wikimqa,1.0,0.6,20,random,0.5,17,17,2005
wikimqa,1.0,1.0,20,chunk_head,0.5,17,17,2005
wikimqa,1.0,0.7,20,embedding_max,0.5,17,17,2005
wikimqa,1.0,0.65,20,embedding_mean_query,0.5,17,17,2005
wikimqa,1.0,0.35,20,embedding_last_query,0.5,17,17,2005
wikimqa,1.0,0.45,20,random,0.6,17,17,2406
wikimqa,1.0,1.0,20,chunk_head,0.6,17,17,2406
wikimqa,1.0,0.75,20,embedding_max,0.6,17,17,2406
wikimqa,1.0,0.7,20,embedding_mean_query,0.6,17,17,2406
wikimqa,1.0,0.5,20,embedding_last_query,0.6,17,17,2406
wikimqa,1.0,0.75,20,random,0.7,17,17,2807
wikimqa,1.0,1.0,20,chunk_head,0.7,17,17,2807
wikimqa,1.0,0.85,20,embedding_max,0.7,17,17,2807
wikimqa,1.0,0.8,20,embedding_mean_query,0.7,17,17,2807
wikimqa,1.0,0.6,20,embedding_last_query,0.7,17,17,2807
wikimqa,1.0,0.85,20,random,0.8,17,17,3208
wikimqa,1.0,1.0,20,chunk_head,0.8,17,17,3208
wikimqa,1.0,1.0,20,embedding_max,0.8,17,17,3208
wikimqa,1.0,0.8,20,embedding_mean_query,0.8,17,17,3208
wikimqa,1.0,0.75,20,embedding_last_query,0.8,17,17,3208
wikimqa,1.0,0.95,20,random,0.9,17,17,3609
wikimqa,1.0,1.0,20,chunk_head,0.9,17,17,3609
wikimqa,1.0,1.0,20,embedding_max,0.9,17,17,3609
wikimqa,1.0,0.95,20,embedding_mean_query,0.9,17,17,3609
wikimqa,1.0,0.8,20,embedding_last_query,0.9,17,17,3609
wikimqa,1.0,1.0,20,random,1.0,17,17,4010
wikimqa,1.0,1.0,20,chunk_head,1.0,17,17,4010
wikimqa,1.0,1.0,20,embedding_max,1.0,17,17,4010
wikimqa,1.0,1.0,20,embedding_mean_query,1.0,17,17,4010
wikimqa,1.0,1.0,20,embedding_last_query,1.0,17,17,4010
wikimqa,0.0,0.0,22,random,0.0,18,18,0
wikimqa,0.0,0.0,22,chunk_head,0.0,18,18,0
wikimqa,0.0,0.0,22,embedding_max,0.0,18,18,0
wikimqa,0.0,0.0,22,embedding_mean_query,0.0,18,18,0
wikimqa,0.0,0.0,22,embedding_last_query,0.0,18,18,0
wikimqa,1.0,0.13636363636363635,22,random,0.1,18,18,400
wikimqa,1.0,0.5,22,chunk_head,0.1,18,18,400
wikimqa,1.0,0.13636363636363635,22,embedding_max,0.1,18,18,400
wikimqa,1.0,0.045454545454545456,22,embedding_mean_query,0.1,18,18,400
wikimqa,1.0,0.045454545454545456,22,embedding_last_query,0.1,18,18,400
wikimqa,1.0,0.36363636363636365,22,random,0.2,18,18,800
wikimqa,1.0,0.5,22,chunk_head,0.2,18,18,800
wikimqa,1.0,0.18181818181818182,22,embedding_max,0.2,18,18,800
wikimqa,1.0,0.18181818181818182,22,embedding_mean_query,0.2,18,18,800
wikimqa,1.0,0.13636363636363635,22,embedding_last_query,0.2,18,18,800
wikimqa,1.0,0.3181818181818182,22,random,0.3,18,18,1200
wikimqa,1.0,0.5,22,chunk_head,0.3,18,18,1200
wikimqa,1.0,0.36363636363636365,22,embedding_max,0.3,18,18,1200
wikimqa,1.0,0.2727272727272727,22,embedding_mean_query,0.3,18,18,1200
wikimqa,1.0,0.13636363636363635,22,embedding_last_query,0.3,18,18,1200
wikimqa,1.0,0.4090909090909091,22,random,0.4,18,18,1600
wikimqa,1.0,0.5,22,chunk_head,0.4,18,18,1600
wikimqa,1.0,0.4090909090909091,22,embedding_max,0.4,18,18,1600
wikimqa,1.0,0.2727272727272727,22,embedding_mean_query,0.4,18,18,1600
wikimqa,1.0,0.45454545454545453,22,embedding_last_query,0.4,18,18,1600
wikimqa,1.0,0.6363636363636364,22,random,0.5,18,18,2000
wikimqa,1.0,0.5,22,chunk_head,0.5,18,18,2000
wikimqa,1.0,0.4090909090909091,22,embedding_max,0.5,18,18,2000
wikimqa,1.0,0.5909090909090909,22,embedding_mean_query,0.5,18,18,2000
wikimqa,1.0,0.6363636363636364,22,embedding_last_query,0.5,18,18,2000
wikimqa,1.0,0.6818181818181818,22,random,0.6,18,18,2400
wikimqa,1.0,0.5,22,chunk_head,0.6,18,18,2400
wikimqa,1.0,0.5454545454545454,22,embedding_max,0.6,18,18,2400
wikimqa,1.0,0.6818181818181818,22,embedding_mean_query,0.6,18,18,2400
wikimqa,1.0,0.6818181818181818,22,embedding_last_query,0.6,18,18,2400
wikimqa,1.0,0.5454545454545454,22,random,0.7,18,18,2800
wikimqa,1.0,1.0,22,chunk_head,0.7,18,18,2800
wikimqa,1.0,0.6818181818181818,22,embedding_max,0.7,18,18,2800
wikimqa,1.0,0.7727272727272727,22,embedding_mean_query,0.7,18,18,2800
wikimqa,1.0,0.7727272727272727,22,embedding_last_query,0.7,18,18,2800
wikimqa,1.0,0.6363636363636364,22,random,0.8,18,18,3200
wikimqa,1.0,1.0,22,chunk_head,0.8,18,18,3200
wikimqa,1.0,0.7727272727272727,22,embedding_max,0.8,18,18,3200
wikimqa,1.0,0.7727272727272727,22,embedding_mean_query,0.8,18,18,3200
wikimqa,1.0,0.7727272727272727,22,embedding_last_query,0.8,18,18,3200
wikimqa,1.0,0.9545454545454546,22,random,0.9,18,18,3600
wikimqa,1.0,1.0,22,chunk_head,0.9,18,18,3600
wikimqa,1.0,0.9090909090909091,22,embedding_max,0.9,18,18,3600
wikimqa,1.0,0.9090909090909091,22,embedding_mean_query,0.9,18,18,3600
wikimqa,1.0,0.8636363636363636,22,embedding_last_query,0.9,18,18,3600
wikimqa,1.0,1.0,22,random,1.0,18,18,4000
wikimqa,1.0,1.0,22,chunk_head,1.0,18,18,4000
wikimqa,1.0,1.0,22,embedding_max,1.0,18,18,4000
wikimqa,1.0,1.0,22,embedding_mean_query,1.0,18,18,4000
wikimqa,1.0,1.0,22,embedding_last_query,1.0,18,18,4000
wikimqa,0.0,0.0,44,random,0.0,19,19,0
wikimqa,0.0,0.0,44,chunk_head,0.0,19,19,0
wikimqa,0.0,0.0,44,embedding_max,0.0,19,19,0
wikimqa,0.0,0.0,44,embedding_mean_query,0.0,19,19,0
wikimqa,0.0,0.0,44,embedding_last_query,0.0,19,19,0
wikimqa,1.0,0.06818181818181818,44,random,0.1,19,19,400
wikimqa,1.0,0.25,44,chunk_head,0.1,19,19,400
wikimqa,1.0,0.06818181818181818,44,embedding_max,0.1,19,19,400
wikimqa,1.0,0.06818181818181818,44,embedding_mean_query,0.1,19,19,400
wikimqa,1.0,0.09090909090909091,44,embedding_last_query,0.1,19,19,400
wikimqa,1.0,0.06818181818181818,44,random,0.2,19,19,801
wikimqa,1.0,0.25,44,chunk_head,0.2,19,19,801
wikimqa,1.0,0.11363636363636363,44,embedding_max,0.2,19,19,801
wikimqa,1.0,0.13636363636363635,44,embedding_mean_query,0.2,19,19,801
wikimqa,1.0,0.18181818181818182,44,embedding_last_query,0.2,19,19,801
wikimqa,1.0,0.22727272727272727,44,random,0.3,19,19,1201
wikimqa,1.0,0.25,44,chunk_head,0.3,19,19,1201
wikimqa,1.0,0.2727272727272727,44,embedding_max,0.3,19,19,1201
wikimqa,1.0,0.3181818181818182,44,embedding_mean_query,0.3,19,19,1201
wikimqa,1.0,0.25,44,embedding_last_query,0.3,19,19,1201
wikimqa,1.0,0.6136363636363636,44,random,0.4,19,19,1602
wikimqa,1.0,0.75,44,chunk_head,0.4,19,19,1602
wikimqa,1.0,0.36363636363636365,44,embedding_max,0.4,19,19,1602
wikimqa,1.0,0.4318181818181818,44,embedding_mean_query,0.4,19,19,1602
wikimqa,1.0,0.36363636363636365,44,embedding_last_query,0.4,19,19,1602
wikimqa,1.0,0.38636363636363635,44,random,0.5,19,19,2003
wikimqa,1.0,0.75,44,chunk_head,0.5,19,19,2003
wikimqa,1.0,0.45454545454545453,44,embedding_max,0.5,19,19,2003
wikimqa,1.0,0.6590909090909091,44,embedding_mean_query,0.5,19,19,2003
wikimqa,1.0,0.5,44,embedding_last_query,0.5,19,19,2003
wikimqa,1.0,0.6136363636363636,44,random,0.6,19,19,2403
wikimqa,1.0,0.75,44,chunk_head,0.6,19,19,2403
wikimqa,1.0,0.7272727272727273,44,embedding_max,0.6,19,19,2403
wikimqa,1.0,0.7272727272727273,44,embedding_mean_query,0.6,19,19,2403
wikimqa,1.0,0.5681818181818182,44,embedding_last_query,0.6,19,19,2403
wikimqa,1.0,0.7727272727272727,44,random,0.7,19,19,2804
wikimqa,1.0,0.75,44,chunk_head,0.7,19,19,2804
wikimqa,1.0,0.7954545454545454,44,embedding_max,0.7,19,19,2804
wikimqa,1.0,0.7727272727272727,44,embedding_mean_query,0.7,19,19,2804
wikimqa,1.0,0.6818181818181818,44,embedding_last_query,0.7,19,19,2804
wikimqa,1.0,0.7727272727272727,44,random,0.8,19,19,3204
wikimqa,1.0,0.75,44,chunk_head,0.8,19,19,3204
wikimqa,1.0,0.8409090909090909,44,embedding_max,0.8,19,19,3204
wikimqa,1.0,0.8636363636363636,44,embedding_mean_query,0.8,19,19,3204
wikimqa,1.0,0.75,44,embedding_last_query,0.8,19,19,3204
wikimqa,1.0,0.8863636363636364,44,random,0.9,19,19,3605
wikimqa,1.0,1.0,44,chunk_head,0.9,19,19,3605
wikimqa,1.0,0.8636363636363636,44,embedding_max,0.9,19,19,3605
wikimqa,1.0,0.9545454545454546,44,embedding_mean_query,0.9,19,19,3605
wikimqa,1.0,0.8181818181818182,44,embedding_last_query,0.9,19,19,3605
wikimqa,1.0,1.0,44,random,1.0,19,19,4006
wikimqa,1.0,1.0,44,chunk_head,1.0,19,19,4006
wikimqa,1.0,1.0,44,embedding_max,1.0,19,19,4006
wikimqa,1.0,1.0,44,embedding_mean_query,1.0,19,19,4006
wikimqa,1.0,1.0,44,embedding_last_query,1.0,19,19,4006
wikimqa,0.0,0.0,50,random,0.0,23,23,0
wikimqa,0.0,0.0,50,chunk_head,0.0,23,23,0
wikimqa,0.0,0.0,50,embedding_max,0.0,23,23,0
wikimqa,0.0,0.0,50,embedding_mean_query,0.0,23,23,0
wikimqa,0.0,0.0,50,embedding_last_query,0.0,23,23,0
wikimqa,1.0,0.1,50,random,0.1,23,23,401
wikimqa,1.0,0.4,50,chunk_head,0.1,23,23,401
wikimqa,1.0,0.16,50,embedding_max,0.1,23,23,401
wikimqa,1.0,0.12,50,embedding_mean_query,0.1,23,23,401
wikimqa,1.0,0.12,50,embedding_last_query,0.1,23,23,401
wikimqa,1.0,0.28,50,random,0.2,23,23,802
wikimqa,1.0,0.4,50,chunk_head,0.2,23,23,802
wikimqa,1.0,0.64,50,embedding_max,0.2,23,23,802
wikimqa,1.0,0.48,50,embedding_mean_query,0.2,23,23,802
wikimqa,1.0,0.2,50,embedding_last_query,0.2,23,23,802
wikimqa,1.0,0.36,50,random,0.3,23,23,1203
wikimqa,1.0,0.4,50,chunk_head,0.3,23,23,1203
wikimqa,1.0,0.72,50,embedding_max,0.3,23,23,1203
wikimqa,1.0,0.66,50,embedding_mean_query,0.3,23,23,1203
wikimqa,1.0,0.32,50,embedding_last_query,0.3,23,23,1203
wikimqa,1.0,0.36,50,random,0.4,23,23,1604
wikimqa,1.0,0.4,50,chunk_head,0.4,23,23,1604
wikimqa,1.0,0.8,50,embedding_max,0.4,23,23,1604
wikimqa,1.0,0.76,50,embedding_mean_query,0.4,23,23,1604
wikimqa,1.0,0.42,50,embedding_last_query,0.4,23,23,1604
wikimqa,1.0,0.54,50,random,0.5,23,23,2005
wikimqa,1.0,0.4,50,chunk_head,0.5,23,23,2005
wikimqa,1.0,0.82,50,embedding_max,0.5,23,23,2005
wikimqa,1.0,0.84,50,embedding_mean_query,0.5,23,23,2005
wikimqa,1.0,0.52,50,embedding_last_query,0.5,23,23,2005
wikimqa,1.0,0.7,50,random,0.6,23,23,2406
wikimqa,1.0,0.4,50,chunk_head,0.6,23,23,2406
wikimqa,1.0,0.86,50,embedding_max,0.6,23,23,2406
wikimqa,1.0,0.88,50,embedding_mean_query,0.6,23,23,2406
wikimqa,1.0,0.56,50,embedding_last_query,0.6,23,23,2406
wikimqa,1.0,0.72,50,random,0.7,23,23,2807
wikimqa,1.0,0.44,50,chunk_head,0.7,23,23,2807
wikimqa,1.0,0.9,50,embedding_max,0.7,23,23,2807
wikimqa,1.0,0.88,50,embedding_mean_query,0.7,23,23,2807
wikimqa,1.0,0.6,50,embedding_last_query,0.7,23,23,2807
wikimqa,1.0,0.8,50,random,0.8,23,23,3208
wikimqa,1.0,1.0,50,chunk_head,0.8,23,23,3208
wikimqa,1.0,0.96,50,embedding_max,0.8,23,23,3208
wikimqa,1.0,0.9,50,embedding_mean_query,0.8,23,23,3208
wikimqa,1.0,0.74,50,embedding_last_query,0.8,23,23,3208
wikimqa,1.0,0.94,50,random,0.9,23,23,3609
wikimqa,1.0,1.0,50,chunk_head,0.9,23,23,3609
wikimqa,1.0,0.96,50,embedding_max,0.9,23,23,3609
wikimqa,1.0,0.94,50,embedding_mean_query,0.9,23,23,3609
wikimqa,1.0,0.84,50,embedding_last_query,0.9,23,23,3609
wikimqa,1.0,1.0,50,random,1.0,23,23,4010
wikimqa,1.0,1.0,50,chunk_head,1.0,23,23,4010
wikimqa,1.0,1.0,50,embedding_max,1.0,23,23,4010
wikimqa,1.0,1.0,50,embedding_mean_query,1.0,23,23,4010
wikimqa,1.0,1.0,50,embedding_last_query,1.0,23,23,4010
wikimqa,0.0,0.0,32,random,0.0,24,24,0
wikimqa,0.0,0.0,32,chunk_head,0.0,24,24,0
wikimqa,0.0,0.0,32,embedding_max,0.0,24,24,0
wikimqa,0.0,0.0,32,embedding_mean_query,0.0,24,24,0
wikimqa,0.0,0.0,32,embedding_last_query,0.0,24,24,0
wikimqa,1.0,0.15625,32,random,0.1,24,24,401
wikimqa,1.0,0.5,32,chunk_head,0.1,24,24,401
wikimqa,1.0,0.375,32,embedding_max,0.1,24,24,401
wikimqa,1.0,0.3125,32,embedding_mean_query,0.1,24,24,401
wikimqa,1.0,0.125,32,embedding_last_query,0.1,24,24,401
wikimqa,1.0,0.28125,32,random,0.2,24,24,802
wikimqa,1.0,1.0,32,chunk_head,0.2,24,24,802
wikimqa,1.0,0.53125,32,embedding_max,0.2,24,24,802
wikimqa,1.0,0.4375,32,embedding_mean_query,0.2,24,24,802
wikimqa,1.0,0.125,32,embedding_last_query,0.2,24,24,802
wikimqa,1.0,0.40625,32,random,0.3,24,24,1203
wikimqa,1.0,1.0,32,chunk_head,0.3,24,24,1203
wikimqa,1.0,0.5625,32,embedding_max,0.3,24,24,1203
wikimqa,1.0,0.53125,32,embedding_mean_query,0.3,24,24,1203
wikimqa,1.0,0.25,32,embedding_last_query,0.3,24,24,1203
wikimqa,1.0,0.40625,32,random,0.4,24,24,1604
wikimqa,1.0,1.0,32,chunk_head,0.4,24,24,1604
wikimqa,1.0,0.59375,32,embedding_max,0.4,24,24,1604
wikimqa,1.0,0.53125,32,embedding_mean_query,0.4,24,24,1604
wikimqa,1.0,0.3125,32,embedding_last_query,0.4,24,24,1604
wikimqa,1.0,0.5,32,random,0.5,24,24,2006
wikimqa,1.0,1.0,32,chunk_head,0.5,24,24,2006
wikimqa,1.0,0.6875,32,embedding_max,0.5,24,24,2006
wikimqa,1.0,0.65625,32,embedding_mean_query,0.5,24,24,2006
wikimqa,1.0,0.34375,32,embedding_last_query,0.5,24,24,2006
wikimqa,1.0,0.5,32,random,0.6,24,24,2407
wikimqa,1.0,1.0,32,chunk_head,0.6,24,24,2407
wikimqa,1.0,0.75,32,embedding_max,0.6,24,24,2407
wikimqa,1.0,0.78125,32,embedding_mean_query,0.6,24,24,2407
wikimqa,1.0,0.375,32,embedding_last_query,0.6,24,24,2407
wikimqa,1.0,0.625,32,random,0.7,24,24,2808
wikimqa,1.0,1.0,32,chunk_head,0.7,24,24,2808
wikimqa,1.0,0.84375,32,embedding_max,0.7,24,24,2808
wikimqa,1.0,0.84375,32,embedding_mean_query,0.7,24,24,2808
wikimqa,1.0,0.46875,32,embedding_last_query,0.7,24,24,2808
wikimqa,1.0,0.90625,32,random,0.8,24,24,3209
wikimqa,1.0,1.0,32,chunk_head,0.8,24,24,3209
wikimqa,1.0,0.90625,32,embedding_max,0.8,24,24,3209
wikimqa,1.0,0.9375,32,embedding_mean_query,0.8,24,24,3209
wikimqa,1.0,0.6875,32,embedding_last_query,0.8,24,24,3209
wikimqa,1.0,0.9375,32,random,0.9,24,24,3610
wikimqa,1.0,1.0,32,chunk_head,0.9,24,24,3610
wikimqa,1.0,0.9375,32,embedding_max,0.9,24,24,3610
wikimqa,1.0,0.96875,32,embedding_mean_query,0.9,24,24,3610
wikimqa,1.0,0.75,32,embedding_last_query,0.9,24,24,3610
wikimqa,1.0,1.0,32,random,1.0,24,24,4012
wikimqa,1.0,1.0,32,chunk_head,1.0,24,24,4012
wikimqa,1.0,1.0,32,embedding_max,1.0,24,24,4012
wikimqa,1.0,1.0,32,embedding_mean_query,1.0,24,24,4012
wikimqa,1.0,1.0,32,embedding_last_query,1.0,24,24,4012
wikimqa,0.0,0.0,112,random,0.0,25,25,0
wikimqa,0.0,0.0,112,chunk_head,0.0,25,25,0
wikimqa,0.0,0.0,112,embedding_max,0.0,25,25,0
wikimqa,0.0,0.0,112,embedding_mean_query,0.0,25,25,0
wikimqa,0.0,0.0,112,embedding_last_query,0.0,25,25,0
wikimqa,1.0,0.09821428571428571,112,random,0.1,25,25,401
wikimqa,1.0,0.375,112,chunk_head,0.1,25,25,401
wikimqa,1.0,0.20535714285714285,112,embedding_max,0.1,25,25,401
wikimqa,1.0,0.125,112,embedding_mean_query,0.1,25,25,401
wikimqa,1.0,0.07142857142857142,112,embedding_last_query,0.1,25,25,401
wikimqa,1.0,0.16071428571428573,112,random,0.2,25,25,802
wikimqa,1.0,0.75,112,chunk_head,0.2,25,25,802
wikimqa,1.0,0.48214285714285715,112,embedding_max,0.2,25,25,802
wikimqa,1.0,0.3125,112,embedding_mean_query,0.2,25,25,802
wikimqa,1.0,0.11607142857142858,112,embedding_last_query,0.2,25,25,802
wikimqa,1.0,0.3482142857142857,112,random,0.3,25,25,1203
wikimqa,1.0,1.0,112,chunk_head,0.3,25,25,1203
wikimqa,1.0,0.5178571428571429,112,embedding_max,0.3,25,25,1203
wikimqa,1.0,0.5357142857142857,112,embedding_mean_query,0.3,25,25,1203
wikimqa,1.0,0.30357142857142855,112,embedding_last_query,0.3,25,25,1203
wikimqa,1.0,0.4107142857142857,112,random,0.4,25,25,1604
wikimqa,1.0,1.0,112,chunk_head,0.4,25,25,1604
wikimqa,1.0,0.5982142857142857,112,embedding_max,0.4,25,25,1604
wikimqa,1.0,0.5982142857142857,112,embedding_mean_query,0.4,25,25,1604
wikimqa,1.0,0.38392857142857145,112,embedding_last_query,0.4,25,25,1604
wikimqa,1.0,0.42857142857142855,112,random,0.5,25,25,2005
wikimqa,1.0,1.0,112,chunk_head,0.5,25,25,2005
wikimqa,1.0,0.75,112,embedding_max,0.5,25,25,2005
wikimqa,1.0,0.7321428571428571,112,embedding_mean_query,0.5,25,25,2005
wikimqa,1.0,0.4732142857142857,112,embedding_last_query,0.5,25,25,2005
wikimqa,1.0,0.5535714285714286,112,random,0.6,25,25,2406
wikimqa,1.0,1.0,112,chunk_head,0.6,25,25,2406
wikimqa,1.0,0.8035714285714286,112,embedding_max,0.6,25,25,2406
wikimqa,1.0,0.8035714285714286,112,embedding_mean_query,0.6,25,25,2406
wikimqa,1.0,0.5714285714285714,112,embedding_last_query,0.6,25,25,2406
wikimqa,1.0,0.6696428571428571,112,random,0.7,25,25,2807
wikimqa,1.0,1.0,112,chunk_head,0.7,25,25,2807
wikimqa,1.0,0.8660714285714286,112,embedding_max,0.7,25,25,2807
wikimqa,1.0,0.8660714285714286,112,embedding_mean_query,0.7,25,25,2807
wikimqa,1.0,0.6428571428571429,112,embedding_last_query,0.7,25,25,2807
wikimqa,1.0,0.8035714285714286,112,random,0.8,25,25,3208
wikimqa,1.0,1.0,112,chunk_head,0.8,25,25,3208
wikimqa,1.0,0.9285714285714286,112,embedding_max,0.8,25,25,3208
wikimqa,1.0,0.9107142857142857,112,embedding_mean_query,0.8,25,25,3208
wikimqa,1.0,0.7857142857142857,112,embedding_last_query,0.8,25,25,3208
wikimqa,1.0,0.9107142857142857,112,random,0.9,25,25,3609
wikimqa,1.0,1.0,112,chunk_head,0.9,25,25,3609
wikimqa,1.0,0.9732142857142857,112,embedding_max,0.9,25,25,3609
wikimqa,1.0,0.9464285714285714,112,embedding_mean_query,0.9,25,25,3609
wikimqa,1.0,0.8303571428571429,112,embedding_last_query,0.9,25,25,3609
wikimqa,1.0,1.0,112,random,1.0,25,25,4010
wikimqa,1.0,1.0,112,chunk_head,1.0,25,25,4010
wikimqa,1.0,1.0,112,embedding_max,1.0,25,25,4010
wikimqa,1.0,1.0,112,embedding_mean_query,1.0,25,25,4010
wikimqa,1.0,1.0,112,embedding_last_query,1.0,25,25,4010
wikimqa,0.0,0.0,103,random,0.0,27,27,0
wikimqa,0.0,0.0,103,chunk_head,0.0,27,27,0
wikimqa,0.0,0.0,103,embedding_max,0.0,27,27,0
wikimqa,0.0,0.0,103,embedding_mean_query,0.0,27,27,0
wikimqa,0.0,0.0,103,embedding_last_query,0.0,27,27,0
wikimqa,1.0,0.10679611650485436,103,random,0.1,27,27,401
wikimqa,1.0,0.7281553398058253,103,chunk_head,0.1,27,27,401
wikimqa,1.0,0.3300970873786408,103,embedding_max,0.1,27,27,401
wikimqa,1.0,0.32038834951456313,103,embedding_mean_query,0.1,27,27,401
wikimqa,1.0,0.06796116504854369,103,embedding_last_query,0.1,27,27,401
wikimqa,1.0,0.1941747572815534,103,random,0.2,27,27,802
wikimqa,1.0,0.7281553398058253,103,chunk_head,0.2,27,27,802
wikimqa,1.0,0.4368932038834951,103,embedding_max,0.2,27,27,802
wikimqa,1.0,0.3786407766990291,103,embedding_mean_query,0.2,27,27,802
wikimqa,1.0,0.2524271844660194,103,embedding_last_query,0.2,27,27,802
wikimqa,1.0,0.3300970873786408,103,random,0.3,27,27,1203
wikimqa,1.0,0.7281553398058253,103,chunk_head,0.3,27,27,1203
wikimqa,1.0,0.5048543689320388,103,embedding_max,0.3,27,27,1203
wikimqa,1.0,0.6310679611650486,103,embedding_mean_query,0.3,27,27,1203
wikimqa,1.0,0.34951456310679613,103,embedding_last_query,0.3,27,27,1203
wikimqa,1.0,0.2815533980582524,103,random,0.4,27,27,1604
wikimqa,1.0,1.0,103,chunk_head,0.4,27,27,1604
wikimqa,1.0,0.5533980582524272,103,embedding_max,0.4,27,27,1604
wikimqa,1.0,0.7475728155339806,103,embedding_mean_query,0.4,27,27,1604
wikimqa,1.0,0.4077669902912621,103,embedding_last_query,0.4,27,27,1604
wikimqa,1.0,0.46601941747572817,103,random,0.5,27,27,2006
wikimqa,1.0,1.0,103,chunk_head,0.5,27,27,2006
wikimqa,1.0,0.5631067961165048,103,embedding_max,0.5,27,27,2006
wikimqa,1.0,0.7475728155339806,103,embedding_mean_query,0.5,27,27,2006
wikimqa,1.0,0.5339805825242718,103,embedding_last_query,0.5,27,27,2006
wikimqa,1.0,0.6116504854368932,103,random,0.6,27,27,2407
wikimqa,1.0,1.0,103,chunk_head,0.6,27,27,2407
wikimqa,1.0,0.7669902912621359,103,embedding_max,0.6,27,27,2407
wikimqa,1.0,0.8058252427184466,103,embedding_mean_query,0.6,27,27,2407
wikimqa,1.0,0.6504854368932039,103,embedding_last_query,0.6,27,27,2407
wikimqa,1.0,0.6699029126213593,103,random,0.7,27,27,2808
wikimqa,1.0,1.0,103,chunk_head,0.7,27,27,2808
wikimqa,1.0,0.8058252427184466,103,embedding_max,0.7,27,27,2808
wikimqa,1.0,0.8349514563106796,103,embedding_mean_query,0.7,27,27,2808
wikimqa,1.0,0.6893203883495146,103,embedding_last_query,0.7,27,27,2808
wikimqa,1.0,0.8058252427184466,103,random,0.8,27,27,3209
wikimqa,1.0,1.0,103,chunk_head,0.8,27,27,3209
wikimqa,1.0,0.883495145631068,103,embedding_max,0.8,27,27,3209
wikimqa,1.0,0.8737864077669902,103,embedding_mean_query,0.8,27,27,3209
wikimqa,1.0,0.8543689320388349,103,embedding_last_query,0.8,27,27,3209
wikimqa,1.0,0.9029126213592233,103,random,0.9,27,27,3610
wikimqa,1.0,1.0,103,chunk_head,0.9,27,27,3610
wikimqa,1.0,0.9223300970873787,103,embedding_max,0.9,27,27,3610
wikimqa,1.0,0.9320388349514563,103,embedding_mean_query,0.9,27,27,3610
wikimqa,1.0,0.9902912621359223,103,embedding_last_query,0.9,27,27,3610
wikimqa,1.0,1.0,103,random,1.0,27,27,4012
wikimqa,1.0,1.0,103,chunk_head,1.0,27,27,4012
wikimqa,1.0,1.0,103,embedding_max,1.0,27,27,4012
wikimqa,1.0,1.0,103,embedding_mean_query,1.0,27,27,4012
wikimqa,1.0,1.0,103,embedding_last_query,1.0,27,27,4012
wikimqa,0.0,0.0,62,random,0.0,31,31,0
wikimqa,0.0,0.0,62,chunk_head,0.0,31,31,0
wikimqa,0.0,0.0,62,embedding_max,0.0,31,31,0
wikimqa,0.0,0.0,62,embedding_mean_query,0.0,31,31,0
wikimqa,0.0,0.0,62,embedding_last_query,0.0,31,31,0
wikimqa,1.0,0.11290322580645161,62,random,0.1,31,31,400
wikimqa,1.0,0.3870967741935484,62,chunk_head,0.1,31,31,400
wikimqa,1.0,0.3064516129032258,62,embedding_max,0.1,31,31,400
wikimqa,1.0,0.1774193548387097,62,embedding_mean_query,0.1,31,31,400
wikimqa,1.0,0.1774193548387097,62,embedding_last_query,0.1,31,31,400
wikimqa,1.0,0.1935483870967742,62,random,0.2,31,31,801
wikimqa,1.0,1.0,62,chunk_head,0.2,31,31,801
wikimqa,1.0,0.41935483870967744,62,embedding_max,0.2,31,31,801
wikimqa,1.0,0.3709677419354839,62,embedding_mean_query,0.2,31,31,801
wikimqa,1.0,0.27419354838709675,62,embedding_last_query,0.2,31,31,801
wikimqa,1.0,0.25806451612903225,62,random,0.3,31,31,1202
wikimqa,1.0,1.0,62,chunk_head,0.3,31,31,1202
wikimqa,1.0,0.532258064516129,62,embedding_max,0.3,31,31,1202
wikimqa,1.0,0.6290322580645161,62,embedding_mean_query,0.3,31,31,1202
wikimqa,1.0,0.3387096774193548,62,embedding_last_query,0.3,31,31,1202
wikimqa,1.0,0.3548387096774194,62,random,0.4,31,31,1603
wikimqa,1.0,1.0,62,chunk_head,0.4,31,31,1603
wikimqa,1.0,0.6612903225806451,62,embedding_max,0.4,31,31,1603
wikimqa,1.0,0.6451612903225806,62,embedding_mean_query,0.4,31,31,1603
wikimqa,1.0,0.41935483870967744,62,embedding_last_query,0.4,31,31,1603
wikimqa,1.0,0.5645161290322581,62,random,0.5,31,31,2004
wikimqa,1.0,1.0,62,chunk_head,0.5,31,31,2004
wikimqa,1.0,0.8225806451612904,62,embedding_max,0.5,31,31,2004
wikimqa,1.0,0.6774193548387096,62,embedding_mean_query,0.5,31,31,2004
wikimqa,1.0,0.46774193548387094,62,embedding_last_query,0.5,31,31,2004
wikimqa,1.0,0.7258064516129032,62,random,0.6,31,31,2404
wikimqa,1.0,1.0,62,chunk_head,0.6,31,31,2404
wikimqa,1.0,0.8548387096774194,62,embedding_max,0.6,31,31,2404
wikimqa,1.0,0.8387096774193549,62,embedding_mean_query,0.6,31,31,2404
wikimqa,1.0,0.46774193548387094,62,embedding_last_query,0.6,31,31,2404
wikimqa,1.0,0.7580645161290323,62,random,0.7,31,31,2805
wikimqa,1.0,1.0,62,chunk_head,0.7,31,31,2805
wikimqa,1.0,0.8548387096774194,62,embedding_max,0.7,31,31,2805
wikimqa,1.0,0.9354838709677419,62,embedding_mean_query,0.7,31,31,2805
wikimqa,1.0,0.5483870967741935,62,embedding_last_query,0.7,31,31,2805
wikimqa,1.0,0.8064516129032258,62,random,0.8,31,31,3206
wikimqa,1.0,1.0,62,chunk_head,0.8,31,31,3206
wikimqa,1.0,0.9032258064516129,62,embedding_max,0.8,31,31,3206
wikimqa,1.0,0.9354838709677419,62,embedding_mean_query,0.8,31,31,3206
wikimqa,1.0,0.6451612903225806,62,embedding_last_query,0.8,31,31,3206
wikimqa,1.0,0.8870967741935484,62,random,0.9,31,31,3607
wikimqa,1.0,1.0,62,chunk_head,0.9,31,31,3607
wikimqa,1.0,0.9354838709677419,62,embedding_max,0.9,31,31,3607
wikimqa,1.0,0.9354838709677419,62,embedding_mean_query,0.9,31,31,3607
wikimqa,1.0,0.7096774193548387,62,embedding_last_query,0.9,31,31,3607
wikimqa,1.0,1.0,62,random,1.0,31,31,4008
wikimqa,1.0,1.0,62,chunk_head,1.0,31,31,4008
wikimqa,1.0,1.0,62,embedding_max,1.0,31,31,4008
wikimqa,1.0,1.0,62,embedding_mean_query,1.0,31,31,4008
wikimqa,1.0,1.0,62,embedding_last_query,1.0,31,31,4008
wikimqa,0.0,0.0,16,random,0.0,32,32,0
wikimqa,0.0,0.0,16,chunk_head,0.0,32,32,0
wikimqa,0.0,0.0,16,embedding_max,0.0,32,32,0
wikimqa,0.0,0.0,16,embedding_mean_query,0.0,32,32,0
wikimqa,0.0,0.0,16,embedding_last_query,0.0,32,32,0
wikimqa,1.0,0.0625,16,random,0.1,32,32,402
wikimqa,0.0,0.0,16,chunk_head,0.1,32,32,402
wikimqa,1.0,0.125,16,embedding_max,0.1,32,32,402
wikimqa,1.0,0.1875,16,embedding_mean_query,0.1,32,32,402
wikimqa,1.0,0.125,16,embedding_last_query,0.1,32,32,402
wikimqa,1.0,0.25,16,random,0.2,32,32,804
wikimqa,0.0,0.0,16,chunk_head,0.2,32,32,804
wikimqa,1.0,0.1875,16,embedding_max,0.2,32,32,804
wikimqa,1.0,0.1875,16,embedding_mean_query,0.2,32,32,804
wikimqa,1.0,0.1875,16,embedding_last_query,0.2,32,32,804
wikimqa,1.0,0.3125,16,random,0.3,32,32,1206
wikimqa,1.0,1.0,16,chunk_head,0.3,32,32,1206
wikimqa,1.0,0.3125,16,embedding_max,0.3,32,32,1206
wikimqa,1.0,0.3125,16,embedding_mean_query,0.3,32,32,1206
wikimqa,1.0,0.1875,16,embedding_last_query,0.3,32,32,1206
wikimqa,1.0,0.25,16,random,0.4,32,32,1608
wikimqa,1.0,1.0,16,chunk_head,0.4,32,32,1608
wikimqa,1.0,0.4375,16,embedding_max,0.4,32,32,1608
wikimqa,1.0,0.3125,16,embedding_mean_query,0.4,32,32,1608
wikimqa,1.0,0.1875,16,embedding_last_query,0.4,32,32,1608
wikimqa,1.0,0.3125,16,random,0.5,32,32,2010
wikimqa,1.0,1.0,16,chunk_head,0.5,32,32,2010
wikimqa,1.0,0.625,16,embedding_max,0.5,32,32,2010
wikimqa,1.0,0.5625,16,embedding_mean_query,0.5,32,32,2010
wikimqa,1.0,0.1875,16,embedding_last_query,0.5,32,32,2010
wikimqa,1.0,0.6875,16,random,0.6,32,32,2412
wikimqa,1.0,1.0,16,chunk_head,0.6,32,32,2412
wikimqa,1.0,0.875,16,embedding_max,0.6,32,32,2412
wikimqa,1.0,0.625,16,embedding_mean_query,0.6,32,32,2412
wikimqa,1.0,0.3125,16,embedding_last_query,0.6,32,32,2412
wikimqa,1.0,0.9375,16,random,0.7,32,32,2814
wikimqa,1.0,1.0,16,chunk_head,0.7,32,32,2814
wikimqa,1.0,0.9375,16,embedding_max,0.7,32,32,2814
wikimqa,1.0,0.75,16,embedding_mean_query,0.7,32,32,2814
wikimqa,1.0,0.375,16,embedding_last_query,0.7,32,32,2814
wikimqa,1.0,0.8125,16,random,0.8,32,32,3216
wikimqa,1.0,1.0,16,chunk_head,0.8,32,32,3216
wikimqa,1.0,0.9375,16,embedding_max,0.8,32,32,3216
wikimqa,1.0,0.75,16,embedding_mean_query,0.8,32,32,3216
wikimqa,1.0,0.8125,16,embedding_last_query,0.8,32,32,3216
wikimqa,1.0,0.9375,16,random,0.9,32,32,3618
wikimqa,1.0,1.0,16,chunk_head,0.9,32,32,3618
wikimqa,1.0,1.0,16,embedding_max,0.9,32,32,3618
wikimqa,1.0,1.0,16,embedding_mean_query,0.9,32,32,3618
wikimqa,1.0,0.8125,16,embedding_last_query,0.9,32,32,3618
wikimqa,1.0,1.0,16,random,1.0,32,32,4020
wikimqa,1.0,1.0,16,chunk_head,1.0,32,32,4020
wikimqa,1.0,1.0,16,embedding_max,1.0,32,32,4020
wikimqa,1.0,1.0,16,embedding_mean_query,1.0,32,32,4020
wikimqa,1.0,1.0,16,embedding_last_query,1.0,32,32,4020
wikimqa,0.0,0.0,14,random,0.0,35,35,0
wikimqa,0.0,0.0,14,chunk_head,0.0,35,35,0
wikimqa,0.0,0.0,14,embedding_max,0.0,35,35,0
wikimqa,0.0,0.0,14,embedding_mean_query,0.0,35,35,0
wikimqa,0.0,0.0,14,embedding_last_query,0.0,35,35,0
wikimqa,0.0,0.0,14,random,0.1,35,35,401
wikimqa,0.0,0.0,14,chunk_head,0.1,35,35,401
wikimqa,0.0,0.0,14,embedding_max,0.1,35,35,401
wikimqa,0.0,0.0,14,embedding_mean_query,0.1,35,35,401
wikimqa,0.0,0.0,14,embedding_last_query,0.1,35,35,401
wikimqa,1.0,0.35714285714285715,14,random,0.2,35,35,802
wikimqa,1.0,1.0,14,chunk_head,0.2,35,35,802
wikimqa,0.0,0.0,14,embedding_max,0.2,35,35,802
wikimqa,0.0,0.0,14,embedding_mean_query,0.2,35,35,802
wikimqa,1.0,0.14285714285714285,14,embedding_last_query,0.2,35,35,802
wikimqa,1.0,0.2857142857142857,14,random,0.3,35,35,1203
wikimqa,1.0,1.0,14,chunk_head,0.3,35,35,1203
wikimqa,1.0,0.2857142857142857,14,embedding_max,0.3,35,35,1203
wikimqa,1.0,0.07142857142857142,14,embedding_mean_query,0.3,35,35,1203
wikimqa,1.0,0.2857142857142857,14,embedding_last_query,0.3,35,35,1203
wikimqa,1.0,0.5,14,random,0.4,35,35,1604
wikimqa,1.0,1.0,14,chunk_head,0.4,35,35,1604
wikimqa,1.0,0.5,14,embedding_max,0.4,35,35,1604
wikimqa,1.0,0.21428571428571427,14,embedding_mean_query,0.4,35,35,1604
wikimqa,1.0,0.5714285714285714,14,embedding_last_query,0.4,35,35,1604
wikimqa,1.0,0.42857142857142855,14,random,0.5,35,35,2006
wikimqa,1.0,1.0,14,chunk_head,0.5,35,35,2006
wikimqa,1.0,0.5,14,embedding_max,0.5,35,35,2006
wikimqa,1.0,0.42857142857142855,14,embedding_mean_query,0.5,35,35,2006
wikimqa,1.0,0.7142857142857143,14,embedding_last_query,0.5,35,35,2006
wikimqa,1.0,0.5714285714285714,14,random,0.6,35,35,2407
wikimqa,1.0,1.0,14,chunk_head,0.6,35,35,2407
wikimqa,1.0,0.6428571428571429,14,embedding_max,0.6,35,35,2407
wikimqa,1.0,0.6428571428571429,14,embedding_mean_query,0.6,35,35,2407
wikimqa,1.0,0.7142857142857143,14,embedding_last_query,0.6,35,35,2407
wikimqa,1.0,0.5714285714285714,14,random,0.7,35,35,2808
wikimqa,1.0,1.0,14,chunk_head,0.7,35,35,2808
wikimqa,1.0,0.6428571428571429,14,embedding_max,0.7,35,35,2808
wikimqa,1.0,0.7142857142857143,14,embedding_mean_query,0.7,35,35,2808
wikimqa,1.0,0.7142857142857143,14,embedding_last_query,0.7,35,35,2808
wikimqa,1.0,0.9285714285714286,14,random,0.8,35,35,3209
wikimqa,1.0,1.0,14,chunk_head,0.8,35,35,3209
wikimqa,1.0,0.7142857142857143,14,embedding_max,0.8,35,35,3209
wikimqa,1.0,0.7142857142857143,14,embedding_mean_query,0.8,35,35,3209
wikimqa,1.0,0.7857142857142857,14,embedding_last_query,0.8,35,35,3209
wikimqa,1.0,0.9285714285714286,14,random,0.9,35,35,3610
wikimqa,1.0,1.0,14,chunk_head,0.9,35,35,3610
wikimqa,1.0,0.7142857142857143,14,embedding_max,0.9,35,35,3610
wikimqa,1.0,0.9285714285714286,14,embedding_mean_query,0.9,35,35,3610
wikimqa,1.0,0.8571428571428571,14,embedding_last_query,0.9,35,35,3610
wikimqa,1.0,1.0,14,random,1.0,35,35,4012
wikimqa,1.0,1.0,14,chunk_head,1.0,35,35,4012
wikimqa,1.0,1.0,14,embedding_max,1.0,35,35,4012
wikimqa,1.0,1.0,14,embedding_mean_query,1.0,35,35,4012
wikimqa,1.0,1.0,14,embedding_last_query,1.0,35,35,4012
wikimqa,0.0,0.0,34,random,0.0,36,36,0
wikimqa,0.0,0.0,34,chunk_head,0.0,36,36,0
wikimqa,0.0,0.0,34,embedding_max,0.0,36,36,0
wikimqa,0.0,0.0,34,embedding_mean_query,0.0,36,36,0
wikimqa,0.0,0.0,34,embedding_last_query,0.0,36,36,0
wikimqa,1.0,0.08823529411764706,34,random,0.1,36,36,401
wikimqa,0.0,0.0,34,chunk_head,0.1,36,36,401
wikimqa,1.0,0.5294117647058824,34,embedding_max,0.1,36,36,401
wikimqa,1.0,0.23529411764705882,34,embedding_mean_query,0.1,36,36,401
wikimqa,1.0,0.08823529411764706,34,embedding_last_query,0.1,36,36,401
wikimqa,1.0,0.23529411764705882,34,random,0.2,36,36,803
wikimqa,1.0,0.47058823529411764,34,chunk_head,0.2,36,36,803
wikimqa,1.0,0.5882352941176471,34,embedding_max,0.2,36,36,803
wikimqa,1.0,0.6176470588235294,34,embedding_mean_query,0.2,36,36,803
wikimqa,1.0,0.11764705882352941,34,embedding_last_query,0.2,36,36,803
wikimqa,1.0,0.3235294117647059,34,random,0.3,36,36,1204
wikimqa,1.0,0.9411764705882353,34,chunk_head,0.3,36,36,1204
wikimqa,1.0,0.5882352941176471,34,embedding_max,0.3,36,36,1204
wikimqa,1.0,0.6470588235294118,34,embedding_mean_query,0.3,36,36,1204
wikimqa,1.0,0.5,34,embedding_last_query,0.3,36,36,1204
wikimqa,1.0,0.35294117647058826,34,random,0.4,36,36,1606
wikimqa,1.0,1.0,34,chunk_head,0.4,36,36,1606
wikimqa,1.0,0.6470588235294118,34,embedding_max,0.4,36,36,1606
wikimqa,1.0,0.7352941176470589,34,embedding_mean_query,0.4,36,36,1606
wikimqa,1.0,0.7058823529411765,34,embedding_last_query,0.4,36,36,1606
wikimqa,1.0,0.5,34,random,0.5,36,36,2007
wikimqa,1.0,1.0,34,chunk_head,0.5,36,36,2007
wikimqa,1.0,0.7352941176470589,34,embedding_max,0.5,36,36,2007
wikimqa,1.0,0.7941176470588235,34,embedding_mean_query,0.5,36,36,2007
wikimqa,1.0,0.7058823529411765,34,embedding_last_query,0.5,36,36,2007
wikimqa,1.0,0.7058823529411765,34,random,0.6,36,36,2409
wikimqa,1.0,1.0,34,chunk_head,0.6,36,36,2409
wikimqa,1.0,0.7647058823529411,34,embedding_max,0.6,36,36,2409
wikimqa,1.0,0.8823529411764706,34,embedding_mean_query,0.6,36,36,2409
wikimqa,1.0,0.9117647058823529,34,embedding_last_query,0.6,36,36,2409
wikimqa,1.0,0.6470588235294118,34,random,0.7,36,36,2810
wikimqa,1.0,1.0,34,chunk_head,0.7,36,36,2810
wikimqa,1.0,0.8235294117647058,34,embedding_max,0.7,36,36,2810
wikimqa,1.0,0.9411764705882353,34,embedding_mean_query,0.7,36,36,2810
wikimqa,1.0,0.9411764705882353,34,embedding_last_query,0.7,36,36,2810
wikimqa,1.0,0.8529411764705882,34,random,0.8,36,36,3212
wikimqa,1.0,1.0,34,chunk_head,0.8,36,36,3212
wikimqa,1.0,0.9117647058823529,34,embedding_max,0.8,36,36,3212
wikimqa,1.0,0.9411764705882353,34,embedding_mean_query,0.8,36,36,3212
wikimqa,1.0,0.9411764705882353,34,embedding_last_query,0.8,36,36,3212
wikimqa,1.0,0.8235294117647058,34,random,0.9,36,36,3613
wikimqa,1.0,1.0,34,chunk_head,0.9,36,36,3613
wikimqa,1.0,0.9705882352941176,34,embedding_max,0.9,36,36,3613
wikimqa,1.0,0.9705882352941176,34,embedding_mean_query,0.9,36,36,3613
wikimqa,1.0,0.9411764705882353,34,embedding_last_query,0.9,36,36,3613
wikimqa,1.0,1.0,34,random,1.0,36,36,4015
wikimqa,1.0,1.0,34,chunk_head,1.0,36,36,4015
wikimqa,1.0,1.0,34,embedding_max,1.0,36,36,4015
wikimqa,1.0,1.0,34,embedding_mean_query,1.0,36,36,4015
wikimqa,1.0,1.0,34,embedding_last_query,1.0,36,36,4015
wikimqa,0.0,0.0,19,random,0.0,38,38,0
wikimqa,0.0,0.0,19,chunk_head,0.0,38,38,0
wikimqa,0.0,0.0,19,embedding_max,0.0,38,38,0
wikimqa,0.0,0.0,19,embedding_mean_query,0.0,38,38,0
wikimqa,0.0,0.0,19,embedding_last_query,0.0,38,38,0
wikimqa,1.0,0.05263157894736842,19,random,0.1,38,38,401
wikimqa,1.0,1.0,19,chunk_head,0.1,38,38,401
wikimqa,1.0,0.05263157894736842,19,embedding_max,0.1,38,38,401
wikimqa,1.0,0.05263157894736842,19,embedding_mean_query,0.1,38,38,401
wikimqa,1.0,0.21052631578947367,19,embedding_last_query,0.1,38,38,401
wikimqa,1.0,0.05263157894736842,19,random,0.2,38,38,802
wikimqa,1.0,1.0,19,chunk_head,0.2,38,38,802
wikimqa,1.0,0.3157894736842105,19,embedding_max,0.2,38,38,802
wikimqa,1.0,0.15789473684210525,19,embedding_mean_query,0.2,38,38,802
wikimqa,1.0,0.2631578947368421,19,embedding_last_query,0.2,38,38,802
wikimqa,1.0,0.3157894736842105,19,random,0.3,38,38,1204
wikimqa,1.0,1.0,19,chunk_head,0.3,38,38,1204
wikimqa,1.0,0.3684210526315789,19,embedding_max,0.3,38,38,1204
wikimqa,1.0,0.3684210526315789,19,embedding_mean_query,0.3,38,38,1204
wikimqa,1.0,0.47368421052631576,19,embedding_last_query,0.3,38,38,1204
wikimqa,1.0,0.5263157894736842,19,random,0.4,38,38,1605
wikimqa,1.0,1.0,19,chunk_head,0.4,38,38,1605
wikimqa,1.0,0.5263157894736842,19,embedding_max,0.4,38,38,1605
wikimqa,1.0,0.5263157894736842,19,embedding_mean_query,0.4,38,38,1605
wikimqa,1.0,0.5789473684210527,19,embedding_last_query,0.4,38,38,1605
wikimqa,1.0,0.631578947368421,19,random,0.5,38,38,2007
wikimqa,1.0,1.0,19,chunk_head,0.5,38,38,2007
wikimqa,1.0,0.5789473684210527,19,embedding_max,0.5,38,38,2007
wikimqa,1.0,0.631578947368421,19,embedding_mean_query,0.5,38,38,2007
wikimqa,1.0,0.6842105263157895,19,embedding_last_query,0.5,38,38,2007
wikimqa,1.0,0.42105263157894735,19,random,0.6,38,38,2408
wikimqa,1.0,1.0,19,chunk_head,0.6,38,38,2408
wikimqa,1.0,0.7368421052631579,19,embedding_max,0.6,38,38,2408
wikimqa,1.0,0.631578947368421,19,embedding_mean_query,0.6,38,38,2408
wikimqa,1.0,0.6842105263157895,19,embedding_last_query,0.6,38,38,2408
wikimqa,1.0,0.6842105263157895,19,random,0.7,38,38,2809
wikimqa,1.0,1.0,19,chunk_head,0.7,38,38,2809
wikimqa,1.0,0.7368421052631579,19,embedding_max,0.7,38,38,2809
wikimqa,1.0,0.631578947368421,19,embedding_mean_query,0.7,38,38,2809
wikimqa,1.0,0.6842105263157895,19,embedding_last_query,0.7,38,38,2809
wikimqa,1.0,0.8947368421052632,19,random,0.8,38,38,3211
wikimqa,1.0,1.0,19,chunk_head,0.8,38,38,3211
wikimqa,1.0,0.8421052631578947,19,embedding_max,0.8,38,38,3211
wikimqa,1.0,0.7894736842105263,19,embedding_mean_query,0.8,38,38,3211
wikimqa,1.0,0.7368421052631579,19,embedding_last_query,0.8,38,38,3211
wikimqa,1.0,0.8947368421052632,19,random,0.9,38,38,3612
wikimqa,1.0,1.0,19,chunk_head,0.9,38,38,3612
wikimqa,1.0,0.9473684210526315,19,embedding_max,0.9,38,38,3612
wikimqa,1.0,0.9473684210526315,19,embedding_mean_query,0.9,38,38,3612
wikimqa,1.0,0.8947368421052632,19,embedding_last_query,0.9,38,38,3612
wikimqa,1.0,1.0,19,random,1.0,38,38,4014
wikimqa,1.0,1.0,19,chunk_head,1.0,38,38,4014
wikimqa,1.0,1.0,19,embedding_max,1.0,38,38,4014
wikimqa,1.0,1.0,19,embedding_mean_query,1.0,38,38,4014
wikimqa,1.0,1.0,19,embedding_last_query,1.0,38,38,4014
wikimqa,0.0,0.0,70,random,0.0,41,41,0
wikimqa,0.0,0.0,70,chunk_head,0.0,41,41,0
wikimqa,0.0,0.0,70,embedding_max,0.0,41,41,0
wikimqa,0.0,0.0,70,embedding_mean_query,0.0,41,41,0
wikimqa,0.0,0.0,70,embedding_last_query,0.0,41,41,0
wikimqa,1.0,0.11428571428571428,70,random,0.1,41,41,401
wikimqa,0.0,0.0,70,chunk_head,0.1,41,41,401
wikimqa,1.0,0.17142857142857143,70,embedding_max,0.1,41,41,401
wikimqa,1.0,0.15714285714285714,70,embedding_mean_query,0.1,41,41,401
wikimqa,1.0,0.1,70,embedding_last_query,0.1,41,41,401
wikimqa,1.0,0.14285714285714285,70,random,0.2,41,41,802
wikimqa,0.0,0.0,70,chunk_head,0.2,41,41,802
wikimqa,1.0,0.2714285714285714,70,embedding_max,0.2,41,41,802
wikimqa,1.0,0.24285714285714285,70,embedding_mean_query,0.2,41,41,802
wikimqa,1.0,0.12857142857142856,70,embedding_last_query,0.2,41,41,802
wikimqa,1.0,0.32857142857142857,70,random,0.3,41,41,1203
wikimqa,0.0,0.0,70,chunk_head,0.3,41,41,1203
wikimqa,1.0,0.34285714285714286,70,embedding_max,0.3,41,41,1203
wikimqa,1.0,0.35714285714285715,70,embedding_mean_query,0.3,41,41,1203
wikimqa,1.0,0.2714285714285714,70,embedding_last_query,0.3,41,41,1203
wikimqa,1.0,0.5142857142857142,70,random,0.4,41,41,1604
wikimqa,0.0,0.0,70,chunk_head,0.4,41,41,1604
wikimqa,1.0,0.4142857142857143,70,embedding_max,0.4,41,41,1604
wikimqa,1.0,0.37142857142857144,70,embedding_mean_query,0.4,41,41,1604
wikimqa,1.0,0.35714285714285715,70,embedding_last_query,0.4,41,41,1604
wikimqa,1.0,0.4142857142857143,70,random,0.5,41,41,2006
wikimqa,1.0,0.2,70,chunk_head,0.5,41,41,2006
wikimqa,1.0,0.4142857142857143,70,embedding_max,0.5,41,41,2006
wikimqa,1.0,0.44285714285714284,70,embedding_mean_query,0.5,41,41,2006
wikimqa,1.0,0.4,70,embedding_last_query,0.5,41,41,2006
wikimqa,1.0,0.5714285714285714,70,random,0.6,41,41,2407
wikimqa,1.0,0.6,70,chunk_head,0.6,41,41,2407
wikimqa,1.0,0.5142857142857142,70,embedding_max,0.6,41,41,2407
wikimqa,1.0,0.5,70,embedding_mean_query,0.6,41,41,2407
wikimqa,1.0,0.45714285714285713,70,embedding_last_query,0.6,41,41,2407
wikimqa,1.0,0.7428571428571429,70,random,0.7,41,41,2808
wikimqa,1.0,0.6,70,chunk_head,0.7,41,41,2808
wikimqa,1.0,0.7428571428571429,70,embedding_max,0.7,41,41,2808
wikimqa,1.0,0.5285714285714286,70,embedding_mean_query,0.7,41,41,2808
wikimqa,1.0,0.6285714285714286,70,embedding_last_query,0.7,41,41,2808
wikimqa,1.0,0.7714285714285715,70,random,0.8,41,41,3209
wikimqa,1.0,0.6,70,chunk_head,0.8,41,41,3209
wikimqa,1.0,0.8,70,embedding_max,0.8,41,41,3209
wikimqa,1.0,0.5857142857142857,70,embedding_mean_query,0.8,41,41,3209
wikimqa,1.0,0.6571428571428571,70,embedding_last_query,0.8,41,41,3209
wikimqa,1.0,0.9285714285714286,70,random,0.9,41,41,3610
wikimqa,1.0,0.6,70,chunk_head,0.9,41,41,3610
wikimqa,1.0,0.9571428571428572,70,embedding_max,0.9,41,41,3610
wikimqa,1.0,0.8428571428571429,70,embedding_mean_query,0.9,41,41,3610
wikimqa,1.0,0.8714285714285714,70,embedding_last_query,0.9,41,41,3610
wikimqa,1.0,1.0,70,random,1.0,41,41,4012
wikimqa,1.0,1.0,70,chunk_head,1.0,41,41,4012
wikimqa,1.0,1.0,70,embedding_max,1.0,41,41,4012
wikimqa,1.0,1.0,70,embedding_mean_query,1.0,41,41,4012
wikimqa,1.0,1.0,70,embedding_last_query,1.0,41,41,4012
wikimqa,0.0,0.0,22,random,0.0,42,42,0
wikimqa,0.0,0.0,22,chunk_head,0.0,42,42,0
wikimqa,0.0,0.0,22,embedding_max,0.0,42,42,0
wikimqa,0.0,0.0,22,embedding_mean_query,0.0,42,42,0
wikimqa,0.0,0.0,22,embedding_last_query,0.0,42,42,0
wikimqa,1.0,0.045454545454545456,22,random,0.1,42,42,400
wikimqa,0.0,0.0,22,chunk_head,0.1,42,42,400
wikimqa,1.0,0.09090909090909091,22,embedding_max,0.1,42,42,400
wikimqa,0.0,0.0,22,embedding_mean_query,0.1,42,42,400
wikimqa,1.0,0.09090909090909091,22,embedding_last_query,0.1,42,42,400
wikimqa,1.0,0.2727272727272727,22,random,0.2,42,42,801
wikimqa,0.0,0.0,22,chunk_head,0.2,42,42,801
wikimqa,1.0,0.18181818181818182,22,embedding_max,0.2,42,42,801
wikimqa,1.0,0.18181818181818182,22,embedding_mean_query,0.2,42,42,801
wikimqa,1.0,0.09090909090909091,22,embedding_last_query,0.2,42,42,801
wikimqa,1.0,0.22727272727272727,22,random,0.3,42,42,1202
wikimqa,0.0,0.0,22,chunk_head,0.3,42,42,1202
wikimqa,1.0,0.5454545454545454,22,embedding_max,0.3,42,42,1202
wikimqa,1.0,0.4090909090909091,22,embedding_mean_query,0.3,42,42,1202
wikimqa,1.0,0.36363636363636365,22,embedding_last_query,0.3,42,42,1202
wikimqa,1.0,0.5,22,random,0.4,42,42,1603
wikimqa,1.0,1.0,22,chunk_head,0.4,42,42,1603
wikimqa,1.0,0.6363636363636364,22,embedding_max,0.4,42,42,1603
wikimqa,1.0,0.5454545454545454,22,embedding_mean_query,0.4,42,42,1603
wikimqa,1.0,0.4090909090909091,22,embedding_last_query,0.4,42,42,1603
wikimqa,1.0,0.6818181818181818,22,random,0.5,42,42,2004
wikimqa,1.0,1.0,22,chunk_head,0.5,42,42,2004
wikimqa,1.0,0.6363636363636364,22,embedding_max,0.5,42,42,2004
wikimqa,1.0,0.6818181818181818,22,embedding_mean_query,0.5,42,42,2004
wikimqa,1.0,0.45454545454545453,22,embedding_last_query,0.5,42,42,2004
wikimqa,1.0,0.6363636363636364,22,random,0.6,42,42,2404
wikimqa,1.0,1.0,22,chunk_head,0.6,42,42,2404
wikimqa,1.0,0.7727272727272727,22,embedding_max,0.6,42,42,2404
wikimqa,1.0,0.7272727272727273,22,embedding_mean_query,0.6,42,42,2404
wikimqa,1.0,0.5909090909090909,22,embedding_last_query,0.6,42,42,2404
wikimqa,1.0,0.8181818181818182,22,random,0.7,42,42,2805
wikimqa,1.0,1.0,22,chunk_head,0.7,42,42,2805
wikimqa,1.0,0.8181818181818182,22,embedding_max,0.7,42,42,2805
wikimqa,1.0,0.7272727272727273,22,embedding_mean_query,0.7,42,42,2805
wikimqa,1.0,0.5909090909090909,22,embedding_last_query,0.7,42,42,2805
wikimqa,1.0,0.6363636363636364,22,random,0.8,42,42,3206
wikimqa,1.0,1.0,22,chunk_head,0.8,42,42,3206
wikimqa,1.0,0.8636363636363636,22,embedding_max,0.8,42,42,3206
wikimqa,1.0,0.8636363636363636,22,embedding_mean_query,0.8,42,42,3206
wikimqa,1.0,0.6818181818181818,22,embedding_last_query,0.8,42,42,3206
wikimqa,1.0,0.8181818181818182,22,random,0.9,42,42,3607
wikimqa,1.0,1.0,22,chunk_head,0.9,42,42,3607
wikimqa,1.0,0.8636363636363636,22,embedding_max,0.9,42,42,3607
wikimqa,1.0,0.8636363636363636,22,embedding_mean_query,0.9,42,42,3607
wikimqa,1.0,0.7727272727272727,22,embedding_last_query,0.9,42,42,3607
wikimqa,1.0,1.0,22,random,1.0,42,42,4008
wikimqa,1.0,1.0,22,chunk_head,1.0,42,42,4008
wikimqa,1.0,1.0,22,embedding_max,1.0,42,42,4008
wikimqa,1.0,1.0,22,embedding_mean_query,1.0,42,42,4008
wikimqa,1.0,1.0,22,embedding_last_query,1.0,42,42,4008
wikimqa,0.0,0.0,24,random,0.0,43,43,0
wikimqa,0.0,0.0,24,chunk_head,0.0,43,43,0
wikimqa,0.0,0.0,24,embedding_max,0.0,43,43,0
wikimqa,0.0,0.0,24,embedding_mean_query,0.0,43,43,0
wikimqa,0.0,0.0,24,embedding_last_query,0.0,43,43,0
wikimqa,1.0,0.16666666666666666,24,random,0.1,43,43,401
wikimqa,1.0,0.5,24,chunk_head,0.1,43,43,401
wikimqa,1.0,0.20833333333333334,24,embedding_max,0.1,43,43,401
wikimqa,1.0,0.25,24,embedding_mean_query,0.1,43,43,401
wikimqa,1.0,0.08333333333333333,24,embedding_last_query,0.1,43,43,401
wikimqa,1.0,0.25,24,random,0.2,43,43,803
wikimqa,1.0,1.0,24,chunk_head,0.2,43,43,803
wikimqa,1.0,0.2916666666666667,24,embedding_max,0.2,43,43,803
wikimqa,1.0,0.25,24,embedding_mean_query,0.2,43,43,803
wikimqa,1.0,0.08333333333333333,24,embedding_last_query,0.2,43,43,803
wikimqa,1.0,0.375,24,random,0.3,43,43,1204
wikimqa,1.0,1.0,24,chunk_head,0.3,43,43,1204
wikimqa,1.0,0.3333333333333333,24,embedding_max,0.3,43,43,1204
wikimqa,1.0,0.375,24,embedding_mean_query,0.3,43,43,1204
wikimqa,1.0,0.20833333333333334,24,embedding_last_query,0.3,43,43,1204
wikimqa,1.0,0.625,24,random,0.4,43,43,1606
wikimqa,1.0,1.0,24,chunk_head,0.4,43,43,1606
wikimqa,1.0,0.5,24,embedding_max,0.4,43,43,1606
wikimqa,1.0,0.4166666666666667,24,embedding_mean_query,0.4,43,43,1606
wikimqa,1.0,0.4583333333333333,24,embedding_last_query,0.4,43,43,1606
wikimqa,1.0,0.4583333333333333,24,random,0.5,43,43,2007
wikimqa,1.0,1.0,24,chunk_head,0.5,43,43,2007
wikimqa,1.0,0.5,24,embedding_max,0.5,43,43,2007
wikimqa,1.0,0.4166666666666667,24,embedding_mean_query,0.5,43,43,2007
wikimqa,1.0,0.5416666666666666,24,embedding_last_query,0.5,43,43,2007
wikimqa,1.0,0.625,24,random,0.6,43,43,2409
wikimqa,1.0,1.0,24,chunk_head,0.6,43,43,2409
wikimqa,1.0,0.5,24,embedding_max,0.6,43,43,2409
wikimqa,1.0,0.4583333333333333,24,embedding_mean_query,0.6,43,43,2409
wikimqa,1.0,0.5833333333333334,24,embedding_last_query,0.6,43,43,2409
wikimqa,1.0,0.75,24,random,0.7,43,43,2810
wikimqa,1.0,1.0,24,chunk_head,0.7,43,43,2810
wikimqa,1.0,0.5833333333333334,24,embedding_max,0.7,43,43,2810
wikimqa,1.0,0.5416666666666666,24,embedding_mean_query,0.7,43,43,2810
wikimqa,1.0,0.625,24,embedding_last_query,0.7,43,43,2810
wikimqa,1.0,0.7916666666666666,24,random,0.8,43,43,3212
wikimqa,1.0,1.0,24,chunk_head,0.8,43,43,3212
wikimqa,1.0,0.6666666666666666,24,embedding_max,0.8,43,43,3212
wikimqa,1.0,0.625,24,embedding_mean_query,0.8,43,43,3212
wikimqa,1.0,0.8333333333333334,24,embedding_last_query,0.8,43,43,3212
wikimqa,1.0,0.9166666666666666,24,random,0.9,43,43,3613
wikimqa,1.0,1.0,24,chunk_head,0.9,43,43,3613
wikimqa,1.0,0.75,24,embedding_max,0.9,43,43,3613
wikimqa,1.0,0.8333333333333334,24,embedding_mean_query,0.9,43,43,3613
wikimqa,1.0,0.875,24,embedding_last_query,0.9,43,43,3613
wikimqa,1.0,1.0,24,random,1.0,43,43,4015
wikimqa,1.0,1.0,24,chunk_head,1.0,43,43,4015
wikimqa,1.0,1.0,24,embedding_max,1.0,43,43,4015
wikimqa,1.0,1.0,24,embedding_mean_query,1.0,43,43,4015
wikimqa,1.0,1.0,24,embedding_last_query,1.0,43,43,4015
wikimqa,0.0,0.0,28,random,0.0,45,45,0
wikimqa,0.0,0.0,28,chunk_head,0.0,45,45,0
wikimqa,0.0,0.0,28,embedding_max,0.0,45,45,0
wikimqa,0.0,0.0,28,embedding_mean_query,0.0,45,45,0
wikimqa,0.0,0.0,28,embedding_last_query,0.0,45,45,0
wikimqa,1.0,0.10714285714285714,28,random,0.1,45,45,400
wikimqa,0.0,0.0,28,chunk_head,0.1,45,45,400
wikimqa,1.0,0.14285714285714285,28,embedding_max,0.1,45,45,400
wikimqa,1.0,0.17857142857142858,28,embedding_mean_query,0.1,45,45,400
wikimqa,1.0,0.10714285714285714,28,embedding_last_query,0.1,45,45,400
wikimqa,1.0,0.35714285714285715,28,random,0.2,45,45,800
wikimqa,0.0,0.0,28,chunk_head,0.2,45,45,800
wikimqa,1.0,0.2857142857142857,28,embedding_max,0.2,45,45,800
wikimqa,1.0,0.25,28,embedding_mean_query,0.2,45,45,800
wikimqa,1.0,0.14285714285714285,28,embedding_last_query,0.2,45,45,800
wikimqa,1.0,0.2857142857142857,28,random,0.3,45,45,1200
wikimqa,0.0,0.0,28,chunk_head,0.3,45,45,1200
wikimqa,1.0,0.35714285714285715,28,embedding_max,0.3,45,45,1200
wikimqa,1.0,0.2857142857142857,28,embedding_mean_query,0.3,45,45,1200
wikimqa,1.0,0.2857142857142857,28,embedding_last_query,0.3,45,45,1200
wikimqa,1.0,0.42857142857142855,28,random,0.4,45,45,1601
wikimqa,0.0,0.0,28,chunk_head,0.4,45,45,1601
wikimqa,1.0,0.35714285714285715,28,embedding_max,0.4,45,45,1601
wikimqa,1.0,0.39285714285714285,28,embedding_mean_query,0.4,45,45,1601
wikimqa,1.0,0.4642857142857143,28,embedding_last_query,0.4,45,45,1601
wikimqa,1.0,0.39285714285714285,28,random,0.5,45,45,2001
wikimqa,1.0,0.5,28,chunk_head,0.5,45,45,2001
wikimqa,1.0,0.5714285714285714,28,embedding_max,0.5,45,45,2001
wikimqa,1.0,0.4642857142857143,28,embedding_mean_query,0.5,45,45,2001
wikimqa,1.0,0.5,28,embedding_last_query,0.5,45,45,2001
wikimqa,1.0,0.7857142857142857,28,random,0.6,45,45,2401
wikimqa,1.0,0.5,28,chunk_head,0.6,45,45,2401
wikimqa,1.0,0.6428571428571429,28,embedding_max,0.6,45,45,2401
wikimqa,1.0,0.5714285714285714,28,embedding_mean_query,0.6,45,45,2401
wikimqa,1.0,0.6071428571428571,28,embedding_last_query,0.6,45,45,2401
wikimqa,1.0,0.6071428571428571,28,random,0.7,45,45,2802
wikimqa,1.0,0.5,28,chunk_head,0.7,45,45,2802
wikimqa,1.0,0.7142857142857143,28,embedding_max,0.7,45,45,2802
wikimqa,1.0,0.6785714285714286,28,embedding_mean_query,0.7,45,45,2802
wikimqa,1.0,0.7857142857142857,28,embedding_last_query,0.7,45,45,2802
wikimqa,1.0,0.8928571428571429,28,random,0.8,45,45,3202
wikimqa,1.0,0.5,28,chunk_head,0.8,45,45,3202
wikimqa,1.0,0.75,28,embedding_max,0.8,45,45,3202
wikimqa,1.0,0.7142857142857143,28,embedding_mean_query,0.8,45,45,3202
wikimqa,1.0,0.8214285714285714,28,embedding_last_query,0.8,45,45,3202
wikimqa,1.0,0.8571428571428571,28,random,0.9,45,45,3602
wikimqa,1.0,1.0,28,chunk_head,0.9,45,45,3602
wikimqa,1.0,0.8928571428571429,28,embedding_max,0.9,45,45,3602
wikimqa,1.0,0.8214285714285714,28,embedding_mean_query,0.9,45,45,3602
wikimqa,1.0,0.9285714285714286,28,embedding_last_query,0.9,45,45,3602
wikimqa,1.0,1.0,28,random,1.0,45,45,4003
wikimqa,1.0,1.0,28,chunk_head,1.0,45,45,4003
wikimqa,1.0,1.0,28,embedding_max,1.0,45,45,4003
wikimqa,1.0,1.0,28,embedding_mean_query,1.0,45,45,4003
wikimqa,1.0,1.0,28,embedding_last_query,1.0,45,45,4003
wikimqa,0.0,0.0,20,random,0.0,52,52,0
wikimqa,0.0,0.0,20,chunk_head,0.0,52,52,0
wikimqa,0.0,0.0,20,embedding_max,0.0,52,52,0
wikimqa,0.0,0.0,20,embedding_mean_query,0.0,52,52,0
wikimqa,0.0,0.0,20,embedding_last_query,0.0,52,52,0
wikimqa,1.0,0.15,20,random,0.1,52,52,401
wikimqa,0.0,0.0,20,chunk_head,0.1,52,52,401
wikimqa,1.0,0.15,20,embedding_max,0.1,52,52,401
wikimqa,1.0,0.15,20,embedding_mean_query,0.1,52,52,401
wikimqa,1.0,0.2,20,embedding_last_query,0.1,52,52,401
wikimqa,1.0,0.15,20,random,0.2,52,52,802
wikimqa,0.0,0.0,20,chunk_head,0.2,52,52,802
wikimqa,1.0,0.25,20,embedding_max,0.2,52,52,802
wikimqa,1.0,0.35,20,embedding_mean_query,0.2,52,52,802
wikimqa,1.0,0.3,20,embedding_last_query,0.2,52,52,802
wikimqa,1.0,0.2,20,random,0.3,52,52,1203
wikimqa,0.0,0.0,20,chunk_head,0.3,52,52,1203
wikimqa,1.0,0.45,20,embedding_max,0.3,52,52,1203
wikimqa,1.0,0.55,20,embedding_mean_query,0.3,52,52,1203
wikimqa,1.0,0.45,20,embedding_last_query,0.3,52,52,1203
wikimqa,1.0,0.6,20,random,0.4,52,52,1604
wikimqa,1.0,1.0,20,chunk_head,0.4,52,52,1604
wikimqa,1.0,0.5,20,embedding_max,0.4,52,52,1604
wikimqa,1.0,0.65,20,embedding_mean_query,0.4,52,52,1604
wikimqa,1.0,0.5,20,embedding_last_query,0.4,52,52,1604
wikimqa,1.0,0.2,20,random,0.5,52,52,2005
wikimqa,1.0,1.0,20,chunk_head,0.5,52,52,2005
wikimqa,1.0,0.55,20,embedding_max,0.5,52,52,2005
wikimqa,1.0,0.65,20,embedding_mean_query,0.5,52,52,2005
wikimqa,1.0,0.6,20,embedding_last_query,0.5,52,52,2005
wikimqa,1.0,0.7,20,random,0.6,52,52,2406
wikimqa,1.0,1.0,20,chunk_head,0.6,52,52,2406
wikimqa,1.0,0.55,20,embedding_max,0.6,52,52,2406
wikimqa,1.0,0.7,20,embedding_mean_query,0.6,52,52,2406
wikimqa,1.0,0.7,20,embedding_last_query,0.6,52,52,2406
wikimqa,1.0,0.95,20,random,0.7,52,52,2807
wikimqa,1.0,1.0,20,chunk_head,0.7,52,52,2807
wikimqa,1.0,0.65,20,embedding_max,0.7,52,52,2807
wikimqa,1.0,0.8,20,embedding_mean_query,0.7,52,52,2807
wikimqa,1.0,0.75,20,embedding_last_query,0.7,52,52,2807
wikimqa,1.0,0.8,20,random,0.8,52,52,3208
wikimqa,1.0,1.0,20,chunk_head,0.8,52,52,3208
wikimqa,1.0,0.8,20,embedding_max,0.8,52,52,3208
wikimqa,1.0,0.85,20,embedding_mean_query,0.8,52,52,3208
wikimqa,1.0,0.8,20,embedding_last_query,0.8,52,52,3208
wikimqa,1.0,0.95,20,random,0.9,52,52,3609
wikimqa,1.0,1.0,20,chunk_head,0.9,52,52,3609
wikimqa,1.0,0.9,20,embedding_max,0.9,52,52,3609
wikimqa,1.0,0.95,20,embedding_mean_query,0.9,52,52,3609
wikimqa,1.0,0.9,20,embedding_last_query,0.9,52,52,3609
wikimqa,1.0,1.0,20,random,1.0,52,52,4010
wikimqa,1.0,1.0,20,chunk_head,1.0,52,52,4010
wikimqa,1.0,1.0,20,embedding_max,1.0,52,52,4010
wikimqa,1.0,1.0,20,embedding_mean_query,1.0,52,52,4010
wikimqa,1.0,1.0,20,embedding_last_query,1.0,52,52,4010
wikimqa,0.0,0.0,12,random,0.0,53,53,0
wikimqa,0.0,0.0,12,chunk_head,0.0,53,53,0
wikimqa,0.0,0.0,12,embedding_max,0.0,53,53,0
wikimqa,0.0,0.0,12,embedding_mean_query,0.0,53,53,0
wikimqa,0.0,0.0,12,embedding_last_query,0.0,53,53,0
wikimqa,1.0,0.08333333333333333,12,random,0.1,53,53,400
wikimqa,0.0,0.0,12,chunk_head,0.1,53,53,400
wikimqa,1.0,0.08333333333333333,12,embedding_max,0.1,53,53,400
wikimqa,0.0,0.0,12,embedding_mean_query,0.1,53,53,400
wikimqa,1.0,0.16666666666666666,12,embedding_last_query,0.1,53,53,400
wikimqa,1.0,0.25,12,random,0.2,53,53,801
wikimqa,0.0,0.0,12,chunk_head,0.2,53,53,801
wikimqa,1.0,0.16666666666666666,12,embedding_max,0.2,53,53,801
wikimqa,1.0,0.16666666666666666,12,embedding_mean_query,0.2,53,53,801
wikimqa,1.0,0.3333333333333333,12,embedding_last_query,0.2,53,53,801
wikimqa,1.0,0.25,12,random,0.3,53,53,1202
wikimqa,0.0,0.0,12,chunk_head,0.3,53,53,1202
wikimqa,1.0,0.25,12,embedding_max,0.3,53,53,1202
wikimqa,1.0,0.3333333333333333,12,embedding_mean_query,0.3,53,53,1202
wikimqa,1.0,0.5833333333333334,12,embedding_last_query,0.3,53,53,1202
wikimqa,1.0,0.4166666666666667,12,random,0.4,53,53,1602
wikimqa,1.0,1.0,12,chunk_head,0.4,53,53,1602
wikimqa,1.0,0.5833333333333334,12,embedding_max,0.4,53,53,1602
wikimqa,1.0,0.5,12,embedding_mean_query,0.4,53,53,1602
wikimqa,1.0,0.8333333333333334,12,embedding_last_query,0.4,53,53,1602
wikimqa,1.0,0.3333333333333333,12,random,0.5,53,53,2003
wikimqa,1.0,1.0,12,chunk_head,0.5,53,53,2003
wikimqa,1.0,0.6666666666666666,12,embedding_max,0.5,53,53,2003
wikimqa,1.0,0.5833333333333334,12,embedding_mean_query,0.5,53,53,2003
wikimqa,1.0,0.9166666666666666,12,embedding_last_query,0.5,53,53,2003
wikimqa,1.0,0.5,12,random,0.6,53,53,2404
wikimqa,1.0,1.0,12,chunk_head,0.6,53,53,2404
wikimqa,1.0,0.75,12,embedding_max,0.6,53,53,2404
wikimqa,1.0,0.5833333333333334,12,embedding_mean_query,0.6,53,53,2404
wikimqa,1.0,0.9166666666666666,12,embedding_last_query,0.6,53,53,2404
wikimqa,1.0,0.5,12,random,0.7,53,53,2804
wikimqa,1.0,1.0,12,chunk_head,0.7,53,53,2804
wikimqa,1.0,0.75,12,embedding_max,0.7,53,53,2804
wikimqa,1.0,0.6666666666666666,12,embedding_mean_query,0.7,53,53,2804
wikimqa,1.0,0.9166666666666666,12,embedding_last_query,0.7,53,53,2804
wikimqa,1.0,0.75,12,random,0.8,53,53,3205
wikimqa,1.0,1.0,12,chunk_head,0.8,53,53,3205
wikimqa,1.0,0.9166666666666666,12,embedding_max,0.8,53,53,3205
wikimqa,1.0,0.75,12,embedding_mean_query,0.8,53,53,3205
wikimqa,1.0,1.0,12,embedding_last_query,0.8,53,53,3205
wikimqa,1.0,1.0,12,random,0.9,53,53,3606
wikimqa,1.0,1.0,12,chunk_head,0.9,53,53,3606
wikimqa,1.0,0.9166666666666666,12,embedding_max,0.9,53,53,3606
wikimqa,1.0,1.0,12,embedding_mean_query,0.9,53,53,3606
wikimqa,1.0,1.0,12,embedding_last_query,0.9,53,53,3606
wikimqa,1.0,1.0,12,random,1.0,53,53,4007
wikimqa,1.0,1.0,12,chunk_head,1.0,53,53,4007
wikimqa,1.0,1.0,12,embedding_max,1.0,53,53,4007
wikimqa,1.0,1.0,12,embedding_mean_query,1.0,53,53,4007
wikimqa,1.0,1.0,12,embedding_last_query,1.0,53,53,4007
wikimqa,0.0,0.0,24,random,0.0,54,54,0
wikimqa,0.0,0.0,24,chunk_head,0.0,54,54,0
wikimqa,0.0,0.0,24,embedding_max,0.0,54,54,0
wikimqa,0.0,0.0,24,embedding_mean_query,0.0,54,54,0
wikimqa,0.0,0.0,24,embedding_last_query,0.0,54,54,0
wikimqa,1.0,0.08333333333333333,24,random,0.1,54,54,400
wikimqa,0.0,0.0,24,chunk_head,0.1,54,54,400
wikimqa,1.0,0.125,24,embedding_max,0.1,54,54,400
wikimqa,1.0,0.125,24,embedding_mean_query,0.1,54,54,400
wikimqa,1.0,0.041666666666666664,24,embedding_last_query,0.1,54,54,400
wikimqa,1.0,0.20833333333333334,24,random,0.2,54,54,801
wikimqa,0.0,0.0,24,chunk_head,0.2,54,54,801
wikimqa,1.0,0.375,24,embedding_max,0.2,54,54,801
wikimqa,1.0,0.2916666666666667,24,embedding_mean_query,0.2,54,54,801
wikimqa,1.0,0.08333333333333333,24,embedding_last_query,0.2,54,54,801
wikimqa,1.0,0.041666666666666664,24,random,0.3,54,54,1202
wikimqa,0.0,0.0,24,chunk_head,0.3,54,54,1202
wikimqa,1.0,0.375,24,embedding_max,0.3,54,54,1202
wikimqa,1.0,0.375,24,embedding_mean_query,0.3,54,54,1202
wikimqa,1.0,0.25,24,embedding_last_query,0.3,54,54,1202
wikimqa,1.0,0.5,24,random,0.4,54,54,1603
wikimqa,0.0,0.0,24,chunk_head,0.4,54,54,1603
wikimqa,1.0,0.5416666666666666,24,embedding_max,0.4,54,54,1603
wikimqa,1.0,0.4583333333333333,24,embedding_mean_query,0.4,54,54,1603
wikimqa,1.0,0.25,24,embedding_last_query,0.4,54,54,1603
wikimqa,1.0,0.5833333333333334,24,random,0.5,54,54,2004
wikimqa,0.0,0.0,24,chunk_head,0.5,54,54,2004
wikimqa,1.0,0.75,24,embedding_max,0.5,54,54,2004
wikimqa,1.0,0.5,24,embedding_mean_query,0.5,54,54,2004
wikimqa,1.0,0.4166666666666667,24,embedding_last_query,0.5,54,54,2004
wikimqa,1.0,0.625,24,random,0.6,54,54,2405
wikimqa,1.0,1.0,24,chunk_head,0.6,54,54,2405
wikimqa,1.0,0.75,24,embedding_max,0.6,54,54,2405
wikimqa,1.0,0.7083333333333334,24,embedding_mean_query,0.6,54,54,2405
wikimqa,1.0,0.4583333333333333,24,embedding_last_query,0.6,54,54,2405
wikimqa,1.0,0.7083333333333334,24,random,0.7,54,54,2806
wikimqa,1.0,1.0,24,chunk_head,0.7,54,54,2806
wikimqa,1.0,0.9166666666666666,24,embedding_max,0.7,54,54,2806
wikimqa,1.0,0.7083333333333334,24,embedding_mean_query,0.7,54,54,2806
wikimqa,1.0,0.8333333333333334,24,embedding_last_query,0.7,54,54,2806
wikimqa,1.0,0.75,24,random,0.8,54,54,3207
wikimqa,1.0,1.0,24,chunk_head,0.8,54,54,3207
wikimqa,1.0,0.9166666666666666,24,embedding_max,0.8,54,54,3207
wikimqa,1.0,0.75,24,embedding_mean_query,0.8,54,54,3207
wikimqa,1.0,0.9583333333333334,24,embedding_last_query,0.8,54,54,3207
wikimqa,1.0,0.9166666666666666,24,random,0.9,54,54,3608
wikimqa,1.0,1.0,24,chunk_head,0.9,54,54,3608
wikimqa,1.0,0.9166666666666666,24,embedding_max,0.9,54,54,3608
wikimqa,1.0,0.9166666666666666,24,embedding_mean_query,0.9,54,54,3608
wikimqa,1.0,0.9583333333333334,24,embedding_last_query,0.9,54,54,3608
wikimqa,1.0,1.0,24,random,1.0,54,54,4009
wikimqa,1.0,1.0,24,chunk_head,1.0,54,54,4009
wikimqa,1.0,1.0,24,embedding_max,1.0,54,54,4009
wikimqa,1.0,1.0,24,embedding_mean_query,1.0,54,54,4009
wikimqa,1.0,1.0,24,embedding_last_query,1.0,54,54,4009
wikimqa,0.0,0.0,32,random,0.0,56,56,0
wikimqa,0.0,0.0,32,chunk_head,0.0,56,56,0
wikimqa,0.0,0.0,32,embedding_max,0.0,56,56,0
wikimqa,0.0,0.0,32,embedding_mean_query,0.0,56,56,0
wikimqa,0.0,0.0,32,embedding_last_query,0.0,56,56,0
wikimqa,1.0,0.15625,32,random,0.1,56,56,401
wikimqa,1.0,0.4375,32,chunk_head,0.1,56,56,401
wikimqa,1.0,0.1875,32,embedding_max,0.1,56,56,401
wikimqa,1.0,0.1875,32,embedding_mean_query,0.1,56,56,401
wikimqa,1.0,0.0625,32,embedding_last_query,0.1,56,56,401
wikimqa,1.0,0.28125,32,random,0.2,56,56,802
wikimqa,1.0,0.4375,32,chunk_head,0.2,56,56,802
wikimqa,1.0,0.5,32,embedding_max,0.2,56,56,802
wikimqa,1.0,0.3125,32,embedding_mean_query,0.2,56,56,802
wikimqa,1.0,0.1875,32,embedding_last_query,0.2,56,56,802
wikimqa,1.0,0.40625,32,random,0.3,56,56,1203
wikimqa,1.0,0.4375,32,chunk_head,0.3,56,56,1203
wikimqa,1.0,0.5625,32,embedding_max,0.3,56,56,1203
wikimqa,1.0,0.5625,32,embedding_mean_query,0.3,56,56,1203
wikimqa,1.0,0.3125,32,embedding_last_query,0.3,56,56,1203
wikimqa,1.0,0.34375,32,random,0.4,56,56,1604
wikimqa,1.0,0.4375,32,chunk_head,0.4,56,56,1604
wikimqa,1.0,0.6875,32,embedding_max,0.4,56,56,1604
wikimqa,1.0,0.71875,32,embedding_mean_query,0.4,56,56,1604
wikimqa,1.0,0.40625,32,embedding_last_query,0.4,56,56,1604
wikimqa,1.0,0.5625,32,random,0.5,56,56,2005
wikimqa,1.0,1.0,32,chunk_head,0.5,56,56,2005
wikimqa,1.0,0.8125,32,embedding_max,0.5,56,56,2005
wikimqa,1.0,0.71875,32,embedding_mean_query,0.5,56,56,2005
wikimqa,1.0,0.5,32,embedding_last_query,0.5,56,56,2005
wikimqa,1.0,0.5625,32,random,0.6,56,56,2406
wikimqa,1.0,1.0,32,chunk_head,0.6,56,56,2406
wikimqa,1.0,0.90625,32,embedding_max,0.6,56,56,2406
wikimqa,1.0,0.78125,32,embedding_mean_query,0.6,56,56,2406
wikimqa,1.0,0.5625,32,embedding_last_query,0.6,56,56,2406
wikimqa,1.0,0.71875,32,random,0.7,56,56,2807
wikimqa,1.0,1.0,32,chunk_head,0.7,56,56,2807
wikimqa,1.0,0.90625,32,embedding_max,0.7,56,56,2807
wikimqa,1.0,0.78125,32,embedding_mean_query,0.7,56,56,2807
wikimqa,1.0,0.75,32,embedding_last_query,0.7,56,56,2807
wikimqa,1.0,0.875,32,random,0.8,56,56,3208
wikimqa,1.0,1.0,32,chunk_head,0.8,56,56,3208
wikimqa,1.0,0.90625,32,embedding_max,0.8,56,56,3208
wikimqa,1.0,0.875,32,embedding_mean_query,0.8,56,56,3208
wikimqa,1.0,0.8125,32,embedding_last_query,0.8,56,56,3208
wikimqa,1.0,0.875,32,random,0.9,56,56,3609
wikimqa,1.0,1.0,32,chunk_head,0.9,56,56,3609
wikimqa,1.0,1.0,32,embedding_max,0.9,56,56,3609
wikimqa,1.0,0.90625,32,embedding_mean_query,0.9,56,56,3609
wikimqa,1.0,0.875,32,embedding_last_query,0.9,56,56,3609
wikimqa,1.0,1.0,32,random,1.0,56,56,4010
wikimqa,1.0,1.0,32,chunk_head,1.0,56,56,4010
wikimqa,1.0,1.0,32,embedding_max,1.0,56,56,4010
wikimqa,1.0,1.0,32,embedding_mean_query,1.0,56,56,4010
wikimqa,1.0,1.0,32,embedding_last_query,1.0,56,56,4010
wikimqa,0.0,0.0,65,random,0.0,57,57,0
wikimqa,0.0,0.0,65,chunk_head,0.0,57,57,0
wikimqa,0.0,0.0,65,embedding_max,0.0,57,57,0
wikimqa,0.0,0.0,65,embedding_mean_query,0.0,57,57,0
wikimqa,0.0,0.0,65,embedding_last_query,0.0,57,57,0
wikimqa,1.0,0.09230769230769231,65,random,0.1,57,57,401
wikimqa,1.0,0.7692307692307693,65,chunk_head,0.1,57,57,401
wikimqa,1.0,0.3076923076923077,65,embedding_max,0.1,57,57,401
wikimqa,1.0,0.3384615384615385,65,embedding_mean_query,0.1,57,57,401
wikimqa,1.0,0.18461538461538463,65,embedding_last_query,0.1,57,57,401
wikimqa,1.0,0.16923076923076924,65,random,0.2,57,57,802
wikimqa,1.0,0.7692307692307693,65,chunk_head,0.2,57,57,802
wikimqa,1.0,0.46153846153846156,65,embedding_max,0.2,57,57,802
wikimqa,1.0,0.36923076923076925,65,embedding_mean_query,0.2,57,57,802
wikimqa,1.0,0.23076923076923078,65,embedding_last_query,0.2,57,57,802
wikimqa,1.0,0.23076923076923078,65,random,0.3,57,57,1203
wikimqa,1.0,0.7692307692307693,65,chunk_head,0.3,57,57,1203
wikimqa,1.0,0.5692307692307692,65,embedding_max,0.3,57,57,1203
wikimqa,1.0,0.46153846153846156,65,embedding_mean_query,0.3,57,57,1203
wikimqa,1.0,0.4,65,embedding_last_query,0.3,57,57,1203
wikimqa,1.0,0.2923076923076923,65,random,0.4,57,57,1604
wikimqa,1.0,0.7692307692307693,65,chunk_head,0.4,57,57,1604
wikimqa,1.0,0.6,65,embedding_max,0.4,57,57,1604
wikimqa,1.0,0.6307692307692307,65,embedding_mean_query,0.4,57,57,1604
wikimqa,1.0,0.49230769230769234,65,embedding_last_query,0.4,57,57,1604
wikimqa,1.0,0.5384615384615384,65,random,0.5,57,57,2006
wikimqa,1.0,0.7692307692307693,65,chunk_head,0.5,57,57,2006
wikimqa,1.0,0.6153846153846154,65,embedding_max,0.5,57,57,2006
wikimqa,1.0,0.676923076923077,65,embedding_mean_query,0.5,57,57,2006
wikimqa,1.0,0.5846153846153846,65,embedding_last_query,0.5,57,57,2006
wikimqa,1.0,0.5846153846153846,65,random,0.6,57,57,2407
wikimqa,1.0,0.7692307692307693,65,chunk_head,0.6,57,57,2407
wikimqa,1.0,0.7384615384615385,65,embedding_max,0.6,57,57,2407
wikimqa,1.0,0.8461538461538461,65,embedding_mean_query,0.6,57,57,2407
wikimqa,1.0,0.6615384615384615,65,embedding_last_query,0.6,57,57,2407
wikimqa,1.0,0.6923076923076923,65,random,0.7,57,57,2808
wikimqa,1.0,0.7692307692307693,65,chunk_head,0.7,57,57,2808
wikimqa,1.0,0.7538461538461538,65,embedding_max,0.7,57,57,2808
wikimqa,1.0,0.8923076923076924,65,embedding_mean_query,0.7,57,57,2808
wikimqa,1.0,0.676923076923077,65,embedding_last_query,0.7,57,57,2808
wikimqa,1.0,0.7846153846153846,65,random,0.8,57,57,3209
wikimqa,1.0,1.0,65,chunk_head,0.8,57,57,3209
wikimqa,1.0,0.9230769230769231,65,embedding_max,0.8,57,57,3209
wikimqa,1.0,0.9538461538461539,65,embedding_mean_query,0.8,57,57,3209
wikimqa,1.0,0.8769230769230769,65,embedding_last_query,0.8,57,57,3209
wikimqa,1.0,0.9384615384615385,65,random,0.9,57,57,3610
wikimqa,1.0,1.0,65,chunk_head,0.9,57,57,3610
wikimqa,1.0,0.9692307692307692,65,embedding_max,0.9,57,57,3610
wikimqa,1.0,0.9846153846153847,65,embedding_mean_query,0.9,57,57,3610
wikimqa,1.0,0.9846153846153847,65,embedding_last_query,0.9,57,57,3610
wikimqa,1.0,1.0,65,random,1.0,57,57,4012
wikimqa,1.0,1.0,65,chunk_head,1.0,57,57,4012
wikimqa,1.0,1.0,65,embedding_max,1.0,57,57,4012
wikimqa,1.0,1.0,65,embedding_mean_query,1.0,57,57,4012
wikimqa,1.0,1.0,65,embedding_last_query,1.0,57,57,4012
wikimqa,0.0,0.0,14,random,0.0,59,59,0
wikimqa,0.0,0.0,14,chunk_head,0.0,59,59,0
wikimqa,0.0,0.0,14,embedding_max,0.0,59,59,0
wikimqa,0.0,0.0,14,embedding_mean_query,0.0,59,59,0
wikimqa,0.0,0.0,14,embedding_last_query,0.0,59,59,0
wikimqa,1.0,0.14285714285714285,14,random,0.1,59,59,401
wikimqa,0.0,0.0,14,chunk_head,0.1,59,59,401
wikimqa,1.0,0.35714285714285715,14,embedding_max,0.1,59,59,401
wikimqa,1.0,0.2857142857142857,14,embedding_mean_query,0.1,59,59,401
wikimqa,1.0,0.07142857142857142,14,embedding_last_query,0.1,59,59,401
wikimqa,1.0,0.14285714285714285,14,random,0.2,59,59,803
wikimqa,1.0,1.0,14,chunk_head,0.2,59,59,803
wikimqa,1.0,0.5714285714285714,14,embedding_max,0.2,59,59,803
wikimqa,1.0,0.5714285714285714,14,embedding_mean_query,0.2,59,59,803
wikimqa,1.0,0.14285714285714285,14,embedding_last_query,0.2,59,59,803
wikimqa,1.0,0.2857142857142857,14,random,0.3,59,59,1204
wikimqa,1.0,1.0,14,chunk_head,0.3,59,59,1204
wikimqa,1.0,0.5714285714285714,14,embedding_max,0.3,59,59,1204
wikimqa,1.0,0.5714285714285714,14,embedding_mean_query,0.3,59,59,1204
wikimqa,1.0,0.14285714285714285,14,embedding_last_query,0.3,59,59,1204
wikimqa,1.0,0.6428571428571429,14,random,0.4,59,59,1606
wikimqa,1.0,1.0,14,chunk_head,0.4,59,59,1606
wikimqa,1.0,0.5714285714285714,14,embedding_max,0.4,59,59,1606
wikimqa,1.0,0.5714285714285714,14,embedding_mean_query,0.4,59,59,1606
wikimqa,1.0,0.21428571428571427,14,embedding_last_query,0.4,59,59,1606
wikimqa,1.0,0.5,14,random,0.5,59,59,2008
wikimqa,1.0,1.0,14,chunk_head,0.5,59,59,2008
wikimqa,1.0,0.6428571428571429,14,embedding_max,0.5,59,59,2008
wikimqa,1.0,0.5714285714285714,14,embedding_mean_query,0.5,59,59,2008
wikimqa,1.0,0.21428571428571427,14,embedding_last_query,0.5,59,59,2008
wikimqa,1.0,0.6428571428571429,14,random,0.6,59,59,2409
wikimqa,1.0,1.0,14,chunk_head,0.6,59,59,2409
wikimqa,1.0,0.7857142857142857,14,embedding_max,0.6,59,59,2409
wikimqa,1.0,0.6428571428571429,14,embedding_mean_query,0.6,59,59,2409
wikimqa,1.0,0.21428571428571427,14,embedding_last_query,0.6,59,59,2409
wikimqa,1.0,0.6428571428571429,14,random,0.7,59,59,2811
wikimqa,1.0,1.0,14,chunk_head,0.7,59,59,2811
wikimqa,1.0,0.7857142857142857,14,embedding_max,0.7,59,59,2811
wikimqa,1.0,0.7857142857142857,14,embedding_mean_query,0.7,59,59,2811
wikimqa,1.0,0.5,14,embedding_last_query,0.7,59,59,2811
wikimqa,1.0,0.7142857142857143,14,random,0.8,59,59,3212
wikimqa,1.0,1.0,14,chunk_head,0.8,59,59,3212
wikimqa,1.0,0.8571428571428571,14,embedding_max,0.8,59,59,3212
wikimqa,1.0,0.7857142857142857,14,embedding_mean_query,0.8,59,59,3212
wikimqa,1.0,0.7142857142857143,14,embedding_last_query,0.8,59,59,3212
wikimqa,1.0,0.7857142857142857,14,random,0.9,59,59,3614
wikimqa,1.0,1.0,14,chunk_head,0.9,59,59,3614
wikimqa,1.0,0.8571428571428571,14,embedding_max,0.9,59,59,3614
wikimqa,1.0,0.9285714285714286,14,embedding_mean_query,0.9,59,59,3614
wikimqa,1.0,1.0,14,embedding_last_query,0.9,59,59,3614
wikimqa,1.0,1.0,14,random,1.0,59,59,4016
wikimqa,1.0,1.0,14,chunk_head,1.0,59,59,4016
wikimqa,1.0,1.0,14,embedding_max,1.0,59,59,4016
wikimqa,1.0,1.0,14,embedding_mean_query,1.0,59,59,4016
wikimqa,1.0,1.0,14,embedding_last_query,1.0,59,59,4016
wikimqa,0.0,0.0,17,random,0.0,60,60,0
wikimqa,0.0,0.0,17,chunk_head,0.0,60,60,0
wikimqa,0.0,0.0,17,embedding_max,0.0,60,60,0
wikimqa,0.0,0.0,17,embedding_mean_query,0.0,60,60,0
wikimqa,0.0,0.0,17,embedding_last_query,0.0,60,60,0
wikimqa,1.0,0.17647058823529413,17,random,0.1,60,60,401
wikimqa,0.0,0.0,17,chunk_head,0.1,60,60,401
wikimqa,1.0,0.11764705882352941,17,embedding_max,0.1,60,60,401
wikimqa,1.0,0.11764705882352941,17,embedding_mean_query,0.1,60,60,401
wikimqa,1.0,0.058823529411764705,17,embedding_last_query,0.1,60,60,401
wikimqa,1.0,0.35294117647058826,17,random,0.2,60,60,802
wikimqa,0.0,0.0,17,chunk_head,0.2,60,60,802
wikimqa,1.0,0.35294117647058826,17,embedding_max,0.2,60,60,802
wikimqa,1.0,0.23529411764705882,17,embedding_mean_query,0.2,60,60,802
wikimqa,1.0,0.058823529411764705,17,embedding_last_query,0.2,60,60,802
wikimqa,1.0,0.29411764705882354,17,random,0.3,60,60,1204
wikimqa,0.0,0.0,17,chunk_head,0.3,60,60,1204
wikimqa,1.0,0.4117647058823529,17,embedding_max,0.3,60,60,1204
wikimqa,1.0,0.35294117647058826,17,embedding_mean_query,0.3,60,60,1204
wikimqa,1.0,0.29411764705882354,17,embedding_last_query,0.3,60,60,1204
wikimqa,1.0,0.4117647058823529,17,random,0.4,60,60,1605
wikimqa,0.0,0.0,17,chunk_head,0.4,60,60,1605
wikimqa,1.0,0.4117647058823529,17,embedding_max,0.4,60,60,1605
wikimqa,1.0,0.35294117647058826,17,embedding_mean_query,0.4,60,60,1605
wikimqa,1.0,0.4117647058823529,17,embedding_last_query,0.4,60,60,1605
wikimqa,1.0,0.35294117647058826,17,random,0.5,60,60,2007
wikimqa,0.0,0.0,17,chunk_head,0.5,60,60,2007
wikimqa,1.0,0.6470588235294118,17,embedding_max,0.5,60,60,2007
wikimqa,1.0,0.4117647058823529,17,embedding_mean_query,0.5,60,60,2007
wikimqa,1.0,0.5294117647058824,17,embedding_last_query,0.5,60,60,2007
wikimqa,1.0,0.6470588235294118,17,random,0.6,60,60,2408
wikimqa,0.0,0.0,17,chunk_head,0.6,60,60,2408
wikimqa,1.0,0.7058823529411765,17,embedding_max,0.6,60,60,2408
wikimqa,1.0,0.5882352941176471,17,embedding_mean_query,0.6,60,60,2408
wikimqa,1.0,0.6470588235294118,17,embedding_last_query,0.6,60,60,2408
wikimqa,1.0,0.7058823529411765,17,random,0.7,60,60,2809
wikimqa,0.0,0.0,17,chunk_head,0.7,60,60,2809
wikimqa,1.0,0.7058823529411765,17,embedding_max,0.7,60,60,2809
wikimqa,1.0,0.7647058823529411,17,embedding_mean_query,0.7,60,60,2809
wikimqa,1.0,0.7058823529411765,17,embedding_last_query,0.7,60,60,2809
wikimqa,1.0,0.7647058823529411,17,random,0.8,60,60,3211
wikimqa,1.0,1.0,17,chunk_head,0.8,60,60,3211
wikimqa,1.0,0.8235294117647058,17,embedding_max,0.8,60,60,3211
wikimqa,1.0,0.7647058823529411,17,embedding_mean_query,0.8,60,60,3211
wikimqa,1.0,0.8823529411764706,17,embedding_last_query,0.8,60,60,3211
wikimqa,1.0,0.9411764705882353,17,random,0.9,60,60,3612
wikimqa,1.0,1.0,17,chunk_head,0.9,60,60,3612
wikimqa,1.0,0.9411764705882353,17,embedding_max,0.9,60,60,3612
wikimqa,1.0,0.8235294117647058,17,embedding_mean_query,0.9,60,60,3612
wikimqa,1.0,1.0,17,embedding_last_query,0.9,60,60,3612
wikimqa,1.0,1.0,17,random,1.0,60,60,4014
wikimqa,1.0,1.0,17,chunk_head,1.0,60,60,4014
wikimqa,1.0,1.0,17,embedding_max,1.0,60,60,4014
wikimqa,1.0,1.0,17,embedding_mean_query,1.0,60,60,4014
wikimqa,1.0,1.0,17,embedding_last_query,1.0,60,60,4014
wikimqa,0.0,0.0,45,random,0.0,61,61,0
wikimqa,0.0,0.0,45,chunk_head,0.0,61,61,0
wikimqa,0.0,0.0,45,embedding_max,0.0,61,61,0
wikimqa,0.0,0.0,45,embedding_mean_query,0.0,61,61,0
wikimqa,0.0,0.0,45,embedding_last_query,0.0,61,61,0
wikimqa,1.0,0.06666666666666667,45,random,0.1,61,61,401
wikimqa,1.0,0.3333333333333333,45,chunk_head,0.1,61,61,401
wikimqa,1.0,0.1111111111111111,45,embedding_max,0.1,61,61,401
wikimqa,1.0,0.1111111111111111,45,embedding_mean_query,0.1,61,61,401
wikimqa,1.0,0.1111111111111111,45,embedding_last_query,0.1,61,61,401
wikimqa,1.0,0.24444444444444444,45,random,0.2,61,61,802
wikimqa,1.0,0.3333333333333333,45,chunk_head,0.2,61,61,802
wikimqa,1.0,0.2,45,embedding_max,0.2,61,61,802
wikimqa,1.0,0.17777777777777778,45,embedding_mean_query,0.2,61,61,802
wikimqa,1.0,0.13333333333333333,45,embedding_last_query,0.2,61,61,802
wikimqa,1.0,0.35555555555555557,45,random,0.3,61,61,1203
wikimqa,1.0,0.3333333333333333,45,chunk_head,0.3,61,61,1203
wikimqa,1.0,0.3111111111111111,45,embedding_max,0.3,61,61,1203
wikimqa,1.0,0.26666666666666666,45,embedding_mean_query,0.3,61,61,1203
wikimqa,1.0,0.24444444444444444,45,embedding_last_query,0.3,61,61,1203
wikimqa,1.0,0.4222222222222222,45,random,0.4,61,61,1604
wikimqa,1.0,0.3333333333333333,45,chunk_head,0.4,61,61,1604
wikimqa,1.0,0.35555555555555557,45,embedding_max,0.4,61,61,1604
wikimqa,1.0,0.3333333333333333,45,embedding_mean_query,0.4,61,61,1604
wikimqa,1.0,0.28888888888888886,45,embedding_last_query,0.4,61,61,1604
wikimqa,1.0,0.4,45,random,0.5,61,61,2006
wikimqa,1.0,0.6666666666666666,45,chunk_head,0.5,61,61,2006
wikimqa,1.0,0.4222222222222222,45,embedding_max,0.5,61,61,2006
wikimqa,1.0,0.4,45,embedding_mean_query,0.5,61,61,2006
wikimqa,1.0,0.3111111111111111,45,embedding_last_query,0.5,61,61,2006
wikimqa,1.0,0.6666666666666666,45,random,0.6,61,61,2407
wikimqa,1.0,0.6666666666666666,45,chunk_head,0.6,61,61,2407
wikimqa,1.0,0.4444444444444444,45,embedding_max,0.6,61,61,2407
wikimqa,1.0,0.5777777777777777,45,embedding_mean_query,0.6,61,61,2407
wikimqa,1.0,0.37777777777777777,45,embedding_last_query,0.6,61,61,2407
wikimqa,1.0,0.7111111111111111,45,random,0.7,61,61,2808
wikimqa,1.0,1.0,45,chunk_head,0.7,61,61,2808
wikimqa,1.0,0.4888888888888889,45,embedding_max,0.7,61,61,2808
wikimqa,1.0,0.6,45,embedding_mean_query,0.7,61,61,2808
wikimqa,1.0,0.4222222222222222,45,embedding_last_query,0.7,61,61,2808
wikimqa,1.0,0.8,45,random,0.8,61,61,3209
wikimqa,1.0,1.0,45,chunk_head,0.8,61,61,3209
wikimqa,1.0,0.6,45,embedding_max,0.8,61,61,3209
wikimqa,1.0,0.7333333333333333,45,embedding_mean_query,0.8,61,61,3209
wikimqa,1.0,0.5333333333333333,45,embedding_last_query,0.8,61,61,3209
wikimqa,1.0,0.8222222222222222,45,random,0.9,61,61,3610
wikimqa,1.0,1.0,45,chunk_head,0.9,61,61,3610
wikimqa,1.0,0.7555555555555555,45,embedding_max,0.9,61,61,3610
wikimqa,1.0,0.7777777777777778,45,embedding_mean_query,0.9,61,61,3610
wikimqa,1.0,0.8666666666666667,45,embedding_last_query,0.9,61,61,3610
wikimqa,1.0,1.0,45,random,1.0,61,61,4012
wikimqa,1.0,1.0,45,chunk_head,1.0,61,61,4012
wikimqa,1.0,1.0,45,embedding_max,1.0,61,61,4012
wikimqa,1.0,1.0,45,embedding_mean_query,1.0,61,61,4012
wikimqa,1.0,1.0,45,embedding_last_query,1.0,61,61,4012
wikimqa,0.0,0.0,19,random,0.0,63,63,0
wikimqa,0.0,0.0,19,chunk_head,0.0,63,63,0
wikimqa,0.0,0.0,19,embedding_max,0.0,63,63,0
wikimqa,0.0,0.0,19,embedding_mean_query,0.0,63,63,0
wikimqa,0.0,0.0,19,embedding_last_query,0.0,63,63,0
wikimqa,1.0,0.15789473684210525,19,random,0.1,63,63,401
wikimqa,0.0,0.0,19,chunk_head,0.1,63,63,401
wikimqa,1.0,0.21052631578947367,19,embedding_max,0.1,63,63,401
wikimqa,1.0,0.21052631578947367,19,embedding_mean_query,0.1,63,63,401
wikimqa,1.0,0.10526315789473684,19,embedding_last_query,0.1,63,63,401
wikimqa,1.0,0.10526315789473684,19,random,0.2,63,63,803
wikimqa,1.0,1.0,19,chunk_head,0.2,63,63,803
wikimqa,1.0,0.47368421052631576,19,embedding_max,0.2,63,63,803
wikimqa,1.0,0.42105263157894735,19,embedding_mean_query,0.2,63,63,803
wikimqa,1.0,0.15789473684210525,19,embedding_last_query,0.2,63,63,803
wikimqa,1.0,0.42105263157894735,19,random,0.3,63,63,1204
wikimqa,1.0,1.0,19,chunk_head,0.3,63,63,1204
wikimqa,1.0,0.47368421052631576,19,embedding_max,0.3,63,63,1204
wikimqa,1.0,0.631578947368421,19,embedding_mean_query,0.3,63,63,1204
wikimqa,1.0,0.2631578947368421,19,embedding_last_query,0.3,63,63,1204
wikimqa,1.0,0.3157894736842105,19,random,0.4,63,63,1606
wikimqa,1.0,1.0,19,chunk_head,0.4,63,63,1606
wikimqa,1.0,0.631578947368421,19,embedding_max,0.4,63,63,1606
wikimqa,1.0,0.631578947368421,19,embedding_mean_query,0.4,63,63,1606
wikimqa,1.0,0.42105263157894735,19,embedding_last_query,0.4,63,63,1606
wikimqa,1.0,0.6842105263157895,19,random,0.5,63,63,2008
wikimqa,1.0,1.0,19,chunk_head,0.5,63,63,2008
wikimqa,1.0,0.6842105263157895,19,embedding_max,0.5,63,63,2008
wikimqa,1.0,0.6842105263157895,19,embedding_mean_query,0.5,63,63,2008
wikimqa,1.0,0.42105263157894735,19,embedding_last_query,0.5,63,63,2008
wikimqa,1.0,0.47368421052631576,19,random,0.6,63,63,2409
wikimqa,1.0,1.0,19,chunk_head,0.6,63,63,2409
wikimqa,1.0,0.6842105263157895,19,embedding_max,0.6,63,63,2409
wikimqa,1.0,0.6842105263157895,19,embedding_mean_query,0.6,63,63,2409
wikimqa,1.0,0.5263157894736842,19,embedding_last_query,0.6,63,63,2409
wikimqa,1.0,0.6842105263157895,19,random,0.7,63,63,2811
wikimqa,1.0,1.0,19,chunk_head,0.7,63,63,2811
wikimqa,1.0,0.7368421052631579,19,embedding_max,0.7,63,63,2811
wikimqa,1.0,0.6842105263157895,19,embedding_mean_query,0.7,63,63,2811
wikimqa,1.0,0.7894736842105263,19,embedding_last_query,0.7,63,63,2811
wikimqa,1.0,0.7894736842105263,19,random,0.8,63,63,3212
wikimqa,1.0,1.0,19,chunk_head,0.8,63,63,3212
wikimqa,1.0,0.8421052631578947,19,embedding_max,0.8,63,63,3212
wikimqa,1.0,0.7368421052631579,19,embedding_mean_query,0.8,63,63,3212
wikimqa,1.0,0.9473684210526315,19,embedding_last_query,0.8,63,63,3212
wikimqa,1.0,0.8421052631578947,19,random,0.9,63,63,3614
wikimqa,1.0,1.0,19,chunk_head,0.9,63,63,3614
wikimqa,1.0,0.8947368421052632,19,embedding_max,0.9,63,63,3614
wikimqa,1.0,0.9473684210526315,19,embedding_mean_query,0.9,63,63,3614
wikimqa,1.0,1.0,19,embedding_last_query,0.9,63,63,3614
wikimqa,1.0,1.0,19,random,1.0,63,63,4016
wikimqa,1.0,1.0,19,chunk_head,1.0,63,63,4016
wikimqa,1.0,1.0,19,embedding_max,1.0,63,63,4016
wikimqa,1.0,1.0,19,embedding_mean_query,1.0,63,63,4016
wikimqa,1.0,1.0,19,embedding_last_query,1.0,63,63,4016
wikimqa,0.0,0.0,13,random,0.0,64,64,0
wikimqa,0.0,0.0,13,chunk_head,0.0,64,64,0
wikimqa,0.0,0.0,13,embedding_max,0.0,64,64,0
wikimqa,0.0,0.0,13,embedding_mean_query,0.0,64,64,0
wikimqa,0.0,0.0,13,embedding_last_query,0.0,64,64,0
wikimqa,1.0,0.23076923076923078,13,random,0.1,64,64,401
wikimqa,0.0,0.0,13,chunk_head,0.1,64,64,401
wikimqa,0.0,0.0,13,embedding_max,0.1,64,64,401
wikimqa,0.0,0.0,13,embedding_mean_query,0.1,64,64,401
wikimqa,1.0,0.23076923076923078,13,embedding_last_query,0.1,64,64,401
wikimqa,1.0,0.3076923076923077,13,random,0.2,64,64,803
wikimqa,0.0,0.0,13,chunk_head,0.2,64,64,803
wikimqa,1.0,0.15384615384615385,13,embedding_max,0.2,64,64,803
wikimqa,0.0,0.0,13,embedding_mean_query,0.2,64,64,803
wikimqa,1.0,0.5384615384615384,13,embedding_last_query,0.2,64,64,803
wikimqa,1.0,0.3076923076923077,13,random,0.3,64,64,1205
wikimqa,0.0,0.0,13,chunk_head,0.3,64,64,1205
wikimqa,1.0,0.23076923076923078,13,embedding_max,0.3,64,64,1205
wikimqa,1.0,0.07692307692307693,13,embedding_mean_query,0.3,64,64,1205
wikimqa,1.0,0.5384615384615384,13,embedding_last_query,0.3,64,64,1205
wikimqa,1.0,0.38461538461538464,13,random,0.4,64,64,1607
wikimqa,0.0,0.0,13,chunk_head,0.4,64,64,1607
wikimqa,1.0,0.38461538461538464,13,embedding_max,0.4,64,64,1607
wikimqa,1.0,0.38461538461538464,13,embedding_mean_query,0.4,64,64,1607
wikimqa,1.0,0.6153846153846154,13,embedding_last_query,0.4,64,64,1607
wikimqa,1.0,0.38461538461538464,13,random,0.5,64,64,2009
wikimqa,1.0,0.3076923076923077,13,chunk_head,0.5,64,64,2009
wikimqa,1.0,0.5384615384615384,13,embedding_max,0.5,64,64,2009
wikimqa,1.0,0.5384615384615384,13,embedding_mean_query,0.5,64,64,2009
wikimqa,1.0,0.6923076923076923,13,embedding_last_query,0.5,64,64,2009
wikimqa,1.0,0.6923076923076923,13,random,0.6,64,64,2411
wikimqa,1.0,1.0,13,chunk_head,0.6,64,64,2411
wikimqa,1.0,0.6153846153846154,13,embedding_max,0.6,64,64,2411
wikimqa,1.0,0.6153846153846154,13,embedding_mean_query,0.6,64,64,2411
wikimqa,1.0,0.7692307692307693,13,embedding_last_query,0.6,64,64,2411
wikimqa,1.0,0.6923076923076923,13,random,0.7,64,64,2813
wikimqa,1.0,1.0,13,chunk_head,0.7,64,64,2813
wikimqa,1.0,0.6153846153846154,13,embedding_max,0.7,64,64,2813
wikimqa,1.0,0.6923076923076923,13,embedding_mean_query,0.7,64,64,2813
wikimqa,1.0,0.7692307692307693,13,embedding_last_query,0.7,64,64,2813
wikimqa,1.0,0.9230769230769231,13,random,0.8,64,64,3215
wikimqa,1.0,1.0,13,chunk_head,0.8,64,64,3215
wikimqa,1.0,0.7692307692307693,13,embedding_max,0.8,64,64,3215
wikimqa,1.0,0.9230769230769231,13,embedding_mean_query,0.8,64,64,3215
wikimqa,1.0,0.8461538461538461,13,embedding_last_query,0.8,64,64,3215
wikimqa,1.0,0.9230769230769231,13,random,0.9,64,64,3617
wikimqa,1.0,1.0,13,chunk_head,0.9,64,64,3617
wikimqa,1.0,0.9230769230769231,13,embedding_max,0.9,64,64,3617
wikimqa,1.0,0.9230769230769231,13,embedding_mean_query,0.9,64,64,3617
wikimqa,1.0,0.9230769230769231,13,embedding_last_query,0.9,64,64,3617
wikimqa,1.0,1.0,13,random,1.0,64,64,4019
wikimqa,1.0,1.0,13,chunk_head,1.0,64,64,4019
wikimqa,1.0,1.0,13,embedding_max,1.0,64,64,4019
wikimqa,1.0,1.0,13,embedding_mean_query,1.0,64,64,4019
wikimqa,1.0,1.0,13,embedding_last_query,1.0,64,64,4019
wikimqa,0.0,0.0,57,random,0.0,67,67,0
wikimqa,0.0,0.0,57,chunk_head,0.0,67,67,0
wikimqa,0.0,0.0,57,embedding_max,0.0,67,67,0
wikimqa,0.0,0.0,57,embedding_mean_query,0.0,67,67,0
wikimqa,0.0,0.0,57,embedding_last_query,0.0,67,67,0
wikimqa,1.0,0.12280701754385964,57,random,0.1,67,67,401
wikimqa,0.0,0.0,57,chunk_head,0.1,67,67,401
wikimqa,1.0,0.10526315789473684,57,embedding_max,0.1,67,67,401
wikimqa,1.0,0.19298245614035087,57,embedding_mean_query,0.1,67,67,401
wikimqa,1.0,0.10526315789473684,57,embedding_last_query,0.1,67,67,401
wikimqa,1.0,0.21052631578947367,57,random,0.2,67,67,802
wikimqa,1.0,0.21052631578947367,57,chunk_head,0.2,67,67,802
wikimqa,1.0,0.2807017543859649,57,embedding_max,0.2,67,67,802
wikimqa,1.0,0.2807017543859649,57,embedding_mean_query,0.2,67,67,802
wikimqa,1.0,0.19298245614035087,57,embedding_last_query,0.2,67,67,802
wikimqa,1.0,0.2982456140350877,57,random,0.3,67,67,1203
wikimqa,1.0,1.0,57,chunk_head,0.3,67,67,1203
wikimqa,1.0,0.3684210526315789,57,embedding_max,0.3,67,67,1203
wikimqa,1.0,0.3684210526315789,57,embedding_mean_query,0.3,67,67,1203
wikimqa,1.0,0.2982456140350877,57,embedding_last_query,0.3,67,67,1203
wikimqa,1.0,0.49122807017543857,57,random,0.4,67,67,1604
wikimqa,1.0,1.0,57,chunk_head,0.4,67,67,1604
wikimqa,1.0,0.45614035087719296,57,embedding_max,0.4,67,67,1604
wikimqa,1.0,0.45614035087719296,57,embedding_mean_query,0.4,67,67,1604
wikimqa,1.0,0.43859649122807015,57,embedding_last_query,0.4,67,67,1604
wikimqa,1.0,0.45614035087719296,57,random,0.5,67,67,2006
wikimqa,1.0,1.0,57,chunk_head,0.5,67,67,2006
wikimqa,1.0,0.5087719298245614,57,embedding_max,0.5,67,67,2006
wikimqa,1.0,0.5087719298245614,57,embedding_mean_query,0.5,67,67,2006
wikimqa,1.0,0.49122807017543857,57,embedding_last_query,0.5,67,67,2006
wikimqa,1.0,0.5087719298245614,57,random,0.6,67,67,2407
wikimqa,1.0,1.0,57,chunk_head,0.6,67,67,2407
wikimqa,1.0,0.5614035087719298,57,embedding_max,0.6,67,67,2407
wikimqa,1.0,0.5789473684210527,57,embedding_mean_query,0.6,67,67,2407
wikimqa,1.0,0.6491228070175439,57,embedding_last_query,0.6,67,67,2407
wikimqa,1.0,0.7719298245614035,57,random,0.7,67,67,2808
wikimqa,1.0,1.0,57,chunk_head,0.7,67,67,2808
wikimqa,1.0,0.6140350877192983,57,embedding_max,0.7,67,67,2808
wikimqa,1.0,0.6491228070175439,57,embedding_mean_query,0.7,67,67,2808
wikimqa,1.0,0.7543859649122807,57,embedding_last_query,0.7,67,67,2808
wikimqa,1.0,0.8596491228070176,57,random,0.8,67,67,3209
wikimqa,1.0,1.0,57,chunk_head,0.8,67,67,3209
wikimqa,1.0,0.8245614035087719,57,embedding_max,0.8,67,67,3209
wikimqa,1.0,0.7017543859649122,57,embedding_mean_query,0.8,67,67,3209
wikimqa,1.0,0.8070175438596491,57,embedding_last_query,0.8,67,67,3209
wikimqa,1.0,0.8596491228070176,57,random,0.9,67,67,3610
wikimqa,1.0,1.0,57,chunk_head,0.9,67,67,3610
wikimqa,1.0,0.9298245614035088,57,embedding_max,0.9,67,67,3610
wikimqa,1.0,0.8596491228070176,57,embedding_mean_query,0.9,67,67,3610
wikimqa,1.0,0.9649122807017544,57,embedding_last_query,0.9,67,67,3610
wikimqa,1.0,1.0,57,random,1.0,67,67,4012
wikimqa,1.0,1.0,57,chunk_head,1.0,67,67,4012
wikimqa,1.0,1.0,57,embedding_max,1.0,67,67,4012
wikimqa,1.0,1.0,57,embedding_mean_query,1.0,67,67,4012
wikimqa,1.0,1.0,57,embedding_last_query,1.0,67,67,4012
wikimqa,0.0,0.0,24,random,0.0,71,71,0
wikimqa,0.0,0.0,24,chunk_head,0.0,71,71,0
wikimqa,0.0,0.0,24,embedding_max,0.0,71,71,0
wikimqa,0.0,0.0,24,embedding_mean_query,0.0,71,71,0
wikimqa,0.0,0.0,24,embedding_last_query,0.0,71,71,0
wikimqa,0.0,0.0,24,random,0.1,71,71,401
wikimqa,0.0,0.0,24,chunk_head,0.1,71,71,401
wikimqa,1.0,0.08333333333333333,24,embedding_max,0.1,71,71,401
wikimqa,1.0,0.08333333333333333,24,embedding_mean_query,0.1,71,71,401
wikimqa,1.0,0.08333333333333333,24,embedding_last_query,0.1,71,71,401
wikimqa,1.0,0.25,24,random,0.2,71,71,802
wikimqa,0.0,0.0,24,chunk_head,0.2,71,71,802
wikimqa,1.0,0.20833333333333334,24,embedding_max,0.2,71,71,802
wikimqa,1.0,0.25,24,embedding_mean_query,0.2,71,71,802
wikimqa,1.0,0.25,24,embedding_last_query,0.2,71,71,802
wikimqa,1.0,0.25,24,random,0.3,71,71,1203
wikimqa,0.0,0.0,24,chunk_head,0.3,71,71,1203
wikimqa,1.0,0.375,24,embedding_max,0.3,71,71,1203
wikimqa,1.0,0.2916666666666667,24,embedding_mean_query,0.3,71,71,1203
wikimqa,1.0,0.3333333333333333,24,embedding_last_query,0.3,71,71,1203
wikimqa,1.0,0.16666666666666666,24,random,0.4,71,71,1604
wikimqa,1.0,0.5,24,chunk_head,0.4,71,71,1604
wikimqa,1.0,0.4583333333333333,24,embedding_max,0.4,71,71,1604
wikimqa,1.0,0.4166666666666667,24,embedding_mean_query,0.4,71,71,1604
wikimqa,1.0,0.5,24,embedding_last_query,0.4,71,71,1604
wikimqa,1.0,0.4583333333333333,24,random,0.5,71,71,2006
wikimqa,1.0,1.0,24,chunk_head,0.5,71,71,2006
wikimqa,1.0,0.5416666666666666,24,embedding_max,0.5,71,71,2006
wikimqa,1.0,0.5416666666666666,24,embedding_mean_query,0.5,71,71,2006
wikimqa,1.0,0.625,24,embedding_last_query,0.5,71,71,2006
wikimqa,1.0,0.7083333333333334,24,random,0.6,71,71,2407
wikimqa,1.0,1.0,24,chunk_head,0.6,71,71,2407
wikimqa,1.0,0.5833333333333334,24,embedding_max,0.6,71,71,2407
wikimqa,1.0,0.5833333333333334,24,embedding_mean_query,0.6,71,71,2407
wikimqa,1.0,0.7916666666666666,24,embedding_last_query,0.6,71,71,2407
wikimqa,1.0,0.5416666666666666,24,random,0.7,71,71,2808
wikimqa,1.0,1.0,24,chunk_head,0.7,71,71,2808
wikimqa,1.0,0.7083333333333334,24,embedding_max,0.7,71,71,2808
wikimqa,1.0,0.7083333333333334,24,embedding_mean_query,0.7,71,71,2808
wikimqa,1.0,0.7916666666666666,24,embedding_last_query,0.7,71,71,2808
wikimqa,1.0,0.75,24,random,0.8,71,71,3209
wikimqa,1.0,1.0,24,chunk_head,0.8,71,71,3209
wikimqa,1.0,0.75,24,embedding_max,0.8,71,71,3209
wikimqa,1.0,0.7916666666666666,24,embedding_mean_query,0.8,71,71,3209
wikimqa,1.0,0.9583333333333334,24,embedding_last_query,0.8,71,71,3209
wikimqa,1.0,0.8333333333333334,24,random,0.9,71,71,3610
wikimqa,1.0,1.0,24,chunk_head,0.9,71,71,3610
wikimqa,1.0,0.875,24,embedding_max,0.9,71,71,3610
wikimqa,1.0,0.7916666666666666,24,embedding_mean_query,0.9,71,71,3610
wikimqa,1.0,0.9583333333333334,24,embedding_last_query,0.9,71,71,3610
wikimqa,1.0,1.0,24,random,1.0,71,71,4012
wikimqa,1.0,1.0,24,chunk_head,1.0,71,71,4012
wikimqa,1.0,1.0,24,embedding_max,1.0,71,71,4012
wikimqa,1.0,1.0,24,embedding_mean_query,1.0,71,71,4012
wikimqa,1.0,1.0,24,embedding_last_query,1.0,71,71,4012
wikimqa,0.0,0.0,32,random,0.0,73,73,0
wikimqa,0.0,0.0,32,chunk_head,0.0,73,73,0
wikimqa,0.0,0.0,32,embedding_max,0.0,73,73,0
wikimqa,0.0,0.0,32,embedding_mean_query,0.0,73,73,0
wikimqa,0.0,0.0,32,embedding_last_query,0.0,73,73,0
wikimqa,1.0,0.09375,32,random,0.1,73,73,400
wikimqa,0.0,0.0,32,chunk_head,0.1,73,73,400
wikimqa,1.0,0.15625,32,embedding_max,0.1,73,73,400
wikimqa,1.0,0.15625,32,embedding_mean_query,0.1,73,73,400
wikimqa,0.0,0.0,32,embedding_last_query,0.1,73,73,400
wikimqa,1.0,0.1875,32,random,0.2,73,73,801
wikimqa,0.0,0.0,32,chunk_head,0.2,73,73,801
wikimqa,1.0,0.15625,32,embedding_max,0.2,73,73,801
wikimqa,1.0,0.1875,32,embedding_mean_query,0.2,73,73,801
wikimqa,1.0,0.1875,32,embedding_last_query,0.2,73,73,801
wikimqa,1.0,0.34375,32,random,0.3,73,73,1202
wikimqa,0.0,0.0,32,chunk_head,0.3,73,73,1202
wikimqa,1.0,0.34375,32,embedding_max,0.3,73,73,1202
wikimqa,1.0,0.25,32,embedding_mean_query,0.3,73,73,1202
wikimqa,1.0,0.1875,32,embedding_last_query,0.3,73,73,1202
wikimqa,1.0,0.375,32,random,0.4,73,73,1603
wikimqa,1.0,1.0,32,chunk_head,0.4,73,73,1603
wikimqa,1.0,0.5,32,embedding_max,0.4,73,73,1603
wikimqa,1.0,0.28125,32,embedding_mean_query,0.4,73,73,1603
wikimqa,1.0,0.25,32,embedding_last_query,0.4,73,73,1603
wikimqa,1.0,0.46875,32,random,0.5,73,73,2004
wikimqa,1.0,1.0,32,chunk_head,0.5,73,73,2004
wikimqa,1.0,0.59375,32,embedding_max,0.5,73,73,2004
wikimqa,1.0,0.3125,32,embedding_mean_query,0.5,73,73,2004
wikimqa,1.0,0.5625,32,embedding_last_query,0.5,73,73,2004
wikimqa,1.0,0.71875,32,random,0.6,73,73,2405
wikimqa,1.0,1.0,32,chunk_head,0.6,73,73,2405
wikimqa,1.0,0.65625,32,embedding_max,0.6,73,73,2405
wikimqa,1.0,0.5,32,embedding_mean_query,0.6,73,73,2405
wikimqa,1.0,0.6875,32,embedding_last_query,0.6,73,73,2405
wikimqa,1.0,0.875,32,random,0.7,73,73,2806
wikimqa,1.0,1.0,32,chunk_head,0.7,73,73,2806
wikimqa,1.0,0.75,32,embedding_max,0.7,73,73,2806
wikimqa,1.0,0.6875,32,embedding_mean_query,0.7,73,73,2806
wikimqa,1.0,0.875,32,embedding_last_query,0.7,73,73,2806
wikimqa,1.0,0.78125,32,random,0.8,73,73,3207
wikimqa,1.0,1.0,32,chunk_head,0.8,73,73,3207
wikimqa,1.0,0.90625,32,embedding_max,0.8,73,73,3207
wikimqa,1.0,0.8125,32,embedding_mean_query,0.8,73,73,3207
wikimqa,1.0,0.90625,32,embedding_last_query,0.8,73,73,3207
wikimqa,1.0,0.78125,32,random,0.9,73,73,3608
wikimqa,1.0,1.0,32,chunk_head,0.9,73,73,3608
wikimqa,1.0,0.90625,32,embedding_max,0.9,73,73,3608
wikimqa,1.0,0.875,32,embedding_mean_query,0.9,73,73,3608
wikimqa,1.0,0.9375,32,embedding_last_query,0.9,73,73,3608
wikimqa,1.0,1.0,32,random,1.0,73,73,4009
wikimqa,1.0,1.0,32,chunk_head,1.0,73,73,4009
wikimqa,1.0,1.0,32,embedding_max,1.0,73,73,4009
wikimqa,1.0,1.0,32,embedding_mean_query,1.0,73,73,4009
wikimqa,1.0,1.0,32,embedding_last_query,1.0,73,73,4009
wikimqa,0.0,0.0,44,random,0.0,76,76,0
wikimqa,0.0,0.0,44,chunk_head,0.0,76,76,0
wikimqa,0.0,0.0,44,embedding_max,0.0,76,76,0
wikimqa,0.0,0.0,44,embedding_mean_query,0.0,76,76,0
wikimqa,0.0,0.0,44,embedding_last_query,0.0,76,76,0
wikimqa,1.0,0.18181818181818182,44,random,0.1,76,76,401
wikimqa,0.0,0.0,44,chunk_head,0.1,76,76,401
wikimqa,1.0,0.25,44,embedding_max,0.1,76,76,401
wikimqa,1.0,0.1590909090909091,44,embedding_mean_query,0.1,76,76,401
wikimqa,1.0,0.09090909090909091,44,embedding_last_query,0.1,76,76,401
wikimqa,1.0,0.20454545454545456,44,random,0.2,76,76,802
wikimqa,1.0,0.5,44,chunk_head,0.2,76,76,802
wikimqa,1.0,0.29545454545454547,44,embedding_max,0.2,76,76,802
wikimqa,1.0,0.25,44,embedding_mean_query,0.2,76,76,802
wikimqa,1.0,0.18181818181818182,44,embedding_last_query,0.2,76,76,802
wikimqa,1.0,0.2727272727272727,44,random,0.3,76,76,1203
wikimqa,1.0,0.5,44,chunk_head,0.3,76,76,1203
wikimqa,1.0,0.3409090909090909,44,embedding_max,0.3,76,76,1203
wikimqa,1.0,0.29545454545454547,44,embedding_mean_query,0.3,76,76,1203
wikimqa,1.0,0.25,44,embedding_last_query,0.3,76,76,1203
wikimqa,1.0,0.4318181818181818,44,random,0.4,76,76,1604
wikimqa,1.0,0.5,44,chunk_head,0.4,76,76,1604
wikimqa,1.0,0.4318181818181818,44,embedding_max,0.4,76,76,1604
wikimqa,1.0,0.4318181818181818,44,embedding_mean_query,0.4,76,76,1604
wikimqa,1.0,0.2727272727272727,44,embedding_last_query,0.4,76,76,1604
wikimqa,1.0,0.4090909090909091,44,random,0.5,76,76,2006
wikimqa,1.0,1.0,44,chunk_head,0.5,76,76,2006
wikimqa,1.0,0.5909090909090909,44,embedding_max,0.5,76,76,2006
wikimqa,1.0,0.4772727272727273,44,embedding_mean_query,0.5,76,76,2006
wikimqa,1.0,0.3409090909090909,44,embedding_last_query,0.5,76,76,2006
wikimqa,1.0,0.6363636363636364,44,random,0.6,76,76,2407
wikimqa,1.0,1.0,44,chunk_head,0.6,76,76,2407
wikimqa,1.0,0.6818181818181818,44,embedding_max,0.6,76,76,2407
wikimqa,1.0,0.6363636363636364,44,embedding_mean_query,0.6,76,76,2407
wikimqa,1.0,0.45454545454545453,44,embedding_last_query,0.6,76,76,2407
wikimqa,1.0,0.7045454545454546,44,random,0.7,76,76,2808
wikimqa,1.0,1.0,44,chunk_head,0.7,76,76,2808
wikimqa,1.0,0.75,44,embedding_max,0.7,76,76,2808
wikimqa,1.0,0.7954545454545454,44,embedding_mean_query,0.7,76,76,2808
wikimqa,1.0,0.5454545454545454,44,embedding_last_query,0.7,76,76,2808
wikimqa,1.0,0.7727272727272727,44,random,0.8,76,76,3209
wikimqa,1.0,1.0,44,chunk_head,0.8,76,76,3209
wikimqa,1.0,0.8181818181818182,44,embedding_max,0.8,76,76,3209
wikimqa,1.0,0.8636363636363636,44,embedding_mean_query,0.8,76,76,3209
wikimqa,1.0,0.6363636363636364,44,embedding_last_query,0.8,76,76,3209
wikimqa,1.0,0.9318181818181818,44,random,0.9,76,76,3610
wikimqa,1.0,1.0,44,chunk_head,0.9,76,76,3610
wikimqa,1.0,0.8863636363636364,44,embedding_max,0.9,76,76,3610
wikimqa,1.0,0.9772727272727273,44,embedding_mean_query,0.9,76,76,3610
wikimqa,1.0,0.8409090909090909,44,embedding_last_query,0.9,76,76,3610
wikimqa,1.0,1.0,44,random,1.0,76,76,4012
wikimqa,1.0,1.0,44,chunk_head,1.0,76,76,4012
wikimqa,1.0,1.0,44,embedding_max,1.0,76,76,4012
wikimqa,1.0,1.0,44,embedding_mean_query,1.0,76,76,4012
wikimqa,1.0,1.0,44,embedding_last_query,1.0,76,76,4012
wikimqa,0.0,0.0,24,random,0.0,80,80,0
wikimqa,0.0,0.0,24,chunk_head,0.0,80,80,0
wikimqa,0.0,0.0,24,embedding_max,0.0,80,80,0
wikimqa,0.0,0.0,24,embedding_mean_query,0.0,80,80,0
wikimqa,0.0,0.0,24,embedding_last_query,0.0,80,80,0
wikimqa,1.0,0.125,24,random,0.1,80,80,400
wikimqa,1.0,1.0,24,chunk_head,0.1,80,80,400
wikimqa,1.0,0.25,24,embedding_max,0.1,80,80,400
wikimqa,1.0,0.375,24,embedding_mean_query,0.1,80,80,400
wikimqa,1.0,0.041666666666666664,24,embedding_last_query,0.1,80,80,400
wikimqa,1.0,0.20833333333333334,24,random,0.2,80,80,801
wikimqa,1.0,1.0,24,chunk_head,0.2,80,80,801
wikimqa,1.0,0.625,24,embedding_max,0.2,80,80,801
wikimqa,1.0,0.5,24,embedding_mean_query,0.2,80,80,801
wikimqa,1.0,0.16666666666666666,24,embedding_last_query,0.2,80,80,801
wikimqa,1.0,0.125,24,random,0.3,80,80,1202
wikimqa,1.0,1.0,24,chunk_head,0.3,80,80,1202
wikimqa,1.0,0.7083333333333334,24,embedding_max,0.3,80,80,1202
wikimqa,1.0,0.6666666666666666,24,embedding_mean_query,0.3,80,80,1202
wikimqa,1.0,0.4166666666666667,24,embedding_last_query,0.3,80,80,1202
wikimqa,1.0,0.375,24,random,0.4,80,80,1603
wikimqa,1.0,1.0,24,chunk_head,0.4,80,80,1603
wikimqa,1.0,0.75,24,embedding_max,0.4,80,80,1603
wikimqa,1.0,0.7083333333333334,24,embedding_mean_query,0.4,80,80,1603
wikimqa,1.0,0.5,24,embedding_last_query,0.4,80,80,1603
wikimqa,1.0,0.5,24,random,0.5,80,80,2004
wikimqa,1.0,1.0,24,chunk_head,0.5,80,80,2004
wikimqa,1.0,0.875,24,embedding_max,0.5,80,80,2004
wikimqa,1.0,0.75,24,embedding_mean_query,0.5,80,80,2004
wikimqa,1.0,0.5416666666666666,24,embedding_last_query,0.5,80,80,2004
wikimqa,1.0,0.5833333333333334,24,random,0.6,80,80,2405
wikimqa,1.0,1.0,24,chunk_head,0.6,80,80,2405
wikimqa,1.0,0.875,24,embedding_max,0.6,80,80,2405
wikimqa,1.0,0.9583333333333334,24,embedding_mean_query,0.6,80,80,2405
wikimqa,1.0,0.5833333333333334,24,embedding_last_query,0.6,80,80,2405
wikimqa,1.0,0.7916666666666666,24,random,0.7,80,80,2806
wikimqa,1.0,1.0,24,chunk_head,0.7,80,80,2806
wikimqa,1.0,1.0,24,embedding_max,0.7,80,80,2806
wikimqa,1.0,1.0,24,embedding_mean_query,0.7,80,80,2806
wikimqa,1.0,0.7083333333333334,24,embedding_last_query,0.7,80,80,2806
wikimqa,1.0,0.8333333333333334,24,random,0.8,80,80,3207
wikimqa,1.0,1.0,24,chunk_head,0.8,80,80,3207
wikimqa,1.0,1.0,24,embedding_max,0.8,80,80,3207
wikimqa,1.0,1.0,24,embedding_mean_query,0.8,80,80,3207
wikimqa,1.0,0.7083333333333334,24,embedding_last_query,0.8,80,80,3207
wikimqa,1.0,0.7916666666666666,24,random,0.9,80,80,3608
wikimqa,1.0,1.0,24,chunk_head,0.9,80,80,3608
wikimqa,1.0,1.0,24,embedding_max,0.9,80,80,3608
wikimqa,1.0,1.0,24,embedding_mean_query,0.9,80,80,3608
wikimqa,1.0,0.875,24,embedding_last_query,0.9,80,80,3608
wikimqa,1.0,1.0,24,random,1.0,80,80,4009
wikimqa,1.0,1.0,24,chunk_head,1.0,80,80,4009
wikimqa,1.0,1.0,24,embedding_max,1.0,80,80,4009
wikimqa,1.0,1.0,24,embedding_mean_query,1.0,80,80,4009
wikimqa,1.0,1.0,24,embedding_last_query,1.0,80,80,4009
wikimqa,0.0,0.0,22,random,0.0,82,82,0
wikimqa,0.0,0.0,22,chunk_head,0.0,82,82,0
wikimqa,0.0,0.0,22,embedding_max,0.0,82,82,0
wikimqa,0.0,0.0,22,embedding_mean_query,0.0,82,82,0
wikimqa,0.0,0.0,22,embedding_last_query,0.0,82,82,0
wikimqa,1.0,0.09090909090909091,22,random,0.1,82,82,401
wikimqa,0.0,0.0,22,chunk_head,0.1,82,82,401
wikimqa,1.0,0.45454545454545453,22,embedding_max,0.1,82,82,401
wikimqa,1.0,0.3181818181818182,22,embedding_mean_query,0.1,82,82,401
wikimqa,1.0,0.09090909090909091,22,embedding_last_query,0.1,82,82,401
wikimqa,1.0,0.09090909090909091,22,random,0.2,82,82,802
wikimqa,0.0,0.0,22,chunk_head,0.2,82,82,802
wikimqa,1.0,0.7272727272727273,22,embedding_max,0.2,82,82,802
wikimqa,1.0,0.5454545454545454,22,embedding_mean_query,0.2,82,82,802
wikimqa,1.0,0.18181818181818182,22,embedding_last_query,0.2,82,82,802
wikimqa,1.0,0.3181818181818182,22,random,0.3,82,82,1203
wikimqa,1.0,1.0,22,chunk_head,0.3,82,82,1203
wikimqa,1.0,0.7727272727272727,22,embedding_max,0.3,82,82,1203
wikimqa,1.0,0.5454545454545454,22,embedding_mean_query,0.3,82,82,1203
wikimqa,1.0,0.2727272727272727,22,embedding_last_query,0.3,82,82,1203
wikimqa,1.0,0.36363636363636365,22,random,0.4,82,82,1604
wikimqa,1.0,1.0,22,chunk_head,0.4,82,82,1604
wikimqa,1.0,0.8181818181818182,22,embedding_max,0.4,82,82,1604
wikimqa,1.0,0.6818181818181818,22,embedding_mean_query,0.4,82,82,1604
wikimqa,1.0,0.2727272727272727,22,embedding_last_query,0.4,82,82,1604
wikimqa,1.0,0.6363636363636364,22,random,0.5,82,82,2005
wikimqa,1.0,1.0,22,chunk_head,0.5,82,82,2005
wikimqa,1.0,0.8181818181818182,22,embedding_max,0.5,82,82,2005
wikimqa,1.0,0.8181818181818182,22,embedding_mean_query,0.5,82,82,2005
wikimqa,1.0,0.45454545454545453,22,embedding_last_query,0.5,82,82,2005
wikimqa,1.0,0.5454545454545454,22,random,0.6,82,82,2406
wikimqa,1.0,1.0,22,chunk_head,0.6,82,82,2406
wikimqa,1.0,0.8636363636363636,22,embedding_max,0.6,82,82,2406
wikimqa,1.0,0.8636363636363636,22,embedding_mean_query,0.6,82,82,2406
wikimqa,1.0,0.5909090909090909,22,embedding_last_query,0.6,82,82,2406
wikimqa,1.0,0.5909090909090909,22,random,0.7,82,82,2807
wikimqa,1.0,1.0,22,chunk_head,0.7,82,82,2807
wikimqa,1.0,0.9090909090909091,22,embedding_max,0.7,82,82,2807
wikimqa,1.0,0.9090909090909091,22,embedding_mean_query,0.7,82,82,2807
wikimqa,1.0,0.7272727272727273,22,embedding_last_query,0.7,82,82,2807
wikimqa,1.0,0.7272727272727273,22,random,0.8,82,82,3208
wikimqa,1.0,1.0,22,chunk_head,0.8,82,82,3208
wikimqa,1.0,0.9090909090909091,22,embedding_max,0.8,82,82,3208
wikimqa,1.0,0.9090909090909091,22,embedding_mean_query,0.8,82,82,3208
wikimqa,1.0,0.8181818181818182,22,embedding_last_query,0.8,82,82,3208
wikimqa,1.0,0.9090909090909091,22,random,0.9,82,82,3609
wikimqa,1.0,1.0,22,chunk_head,0.9,82,82,3609
wikimqa,1.0,0.9545454545454546,22,embedding_max,0.9,82,82,3609
wikimqa,1.0,0.9090909090909091,22,embedding_mean_query,0.9,82,82,3609
wikimqa,1.0,0.8636363636363636,22,embedding_last_query,0.9,82,82,3609
wikimqa,1.0,1.0,22,random,1.0,82,82,4010
wikimqa,1.0,1.0,22,chunk_head,1.0,82,82,4010
wikimqa,1.0,1.0,22,embedding_max,1.0,82,82,4010
wikimqa,1.0,1.0,22,embedding_mean_query,1.0,82,82,4010
wikimqa,1.0,1.0,22,embedding_last_query,1.0,82,82,4010
wikimqa,0.0,0.0,36,random,0.0,85,85,0
wikimqa,0.0,0.0,36,chunk_head,0.0,85,85,0
wikimqa,0.0,0.0,36,embedding_max,0.0,85,85,0
wikimqa,0.0,0.0,36,embedding_mean_query,0.0,85,85,0
wikimqa,0.0,0.0,36,embedding_last_query,0.0,85,85,0
wikimqa,1.0,0.027777777777777776,36,random,0.1,85,85,400
wikimqa,1.0,1.0,36,chunk_head,0.1,85,85,400
wikimqa,1.0,0.3055555555555556,36,embedding_max,0.1,85,85,400
wikimqa,1.0,0.2777777777777778,36,embedding_mean_query,0.1,85,85,400
wikimqa,1.0,0.027777777777777776,36,embedding_last_query,0.1,85,85,400
wikimqa,1.0,0.3611111111111111,36,random,0.2,85,85,801
wikimqa,1.0,1.0,36,chunk_head,0.2,85,85,801
wikimqa,1.0,0.4166666666666667,36,embedding_max,0.2,85,85,801
wikimqa,1.0,0.3888888888888889,36,embedding_mean_query,0.2,85,85,801
wikimqa,1.0,0.1388888888888889,36,embedding_last_query,0.2,85,85,801
wikimqa,1.0,0.1388888888888889,36,random,0.3,85,85,1202
wikimqa,1.0,1.0,36,chunk_head,0.3,85,85,1202
wikimqa,1.0,0.5277777777777778,36,embedding_max,0.3,85,85,1202
wikimqa,1.0,0.4444444444444444,36,embedding_mean_query,0.3,85,85,1202
wikimqa,1.0,0.25,36,embedding_last_query,0.3,85,85,1202
wikimqa,1.0,0.5833333333333334,36,random,0.4,85,85,1603
wikimqa,1.0,1.0,36,chunk_head,0.4,85,85,1603
wikimqa,1.0,0.6111111111111112,36,embedding_max,0.4,85,85,1603
wikimqa,1.0,0.4722222222222222,36,embedding_mean_query,0.4,85,85,1603
wikimqa,1.0,0.3333333333333333,36,embedding_last_query,0.4,85,85,1603
wikimqa,1.0,0.5833333333333334,36,random,0.5,85,85,2004
wikimqa,1.0,1.0,36,chunk_head,0.5,85,85,2004
wikimqa,1.0,0.75,36,embedding_max,0.5,85,85,2004
wikimqa,1.0,0.5555555555555556,36,embedding_mean_query,0.5,85,85,2004
wikimqa,1.0,0.4166666666666667,36,embedding_last_query,0.5,85,85,2004
wikimqa,1.0,0.5555555555555556,36,random,0.6,85,85,2404
wikimqa,1.0,1.0,36,chunk_head,0.6,85,85,2404
wikimqa,1.0,0.7777777777777778,36,embedding_max,0.6,85,85,2404
wikimqa,1.0,0.6666666666666666,36,embedding_mean_query,0.6,85,85,2404
wikimqa,1.0,0.4722222222222222,36,embedding_last_query,0.6,85,85,2404
wikimqa,1.0,0.6666666666666666,36,random,0.7,85,85,2805
wikimqa,1.0,1.0,36,chunk_head,0.7,85,85,2805
wikimqa,1.0,0.8611111111111112,36,embedding_max,0.7,85,85,2805
wikimqa,1.0,0.75,36,embedding_mean_query,0.7,85,85,2805
wikimqa,1.0,0.7777777777777778,36,embedding_last_query,0.7,85,85,2805
wikimqa,1.0,0.8333333333333334,36,random,0.8,85,85,3206
wikimqa,1.0,1.0,36,chunk_head,0.8,85,85,3206
wikimqa,1.0,0.9444444444444444,36,embedding_max,0.8,85,85,3206
wikimqa,1.0,0.8611111111111112,36,embedding_mean_query,0.8,85,85,3206
wikimqa,1.0,0.9444444444444444,36,embedding_last_query,0.8,85,85,3206
wikimqa,1.0,0.8888888888888888,36,random,0.9,85,85,3607
wikimqa,1.0,1.0,36,chunk_head,0.9,85,85,3607
wikimqa,1.0,0.9444444444444444,36,embedding_max,0.9,85,85,3607
wikimqa,1.0,0.9444444444444444,36,embedding_mean_query,0.9,85,85,3607
wikimqa,1.0,1.0,36,embedding_last_query,0.9,85,85,3607
wikimqa,1.0,1.0,36,random,1.0,85,85,4008
wikimqa,1.0,1.0,36,chunk_head,1.0,85,85,4008
wikimqa,1.0,1.0,36,embedding_max,1.0,85,85,4008
wikimqa,1.0,1.0,36,embedding_mean_query,1.0,85,85,4008
wikimqa,1.0,1.0,36,embedding_last_query,1.0,85,85,4008
wikimqa,0.0,0.0,11,random,0.0,87,87,0
wikimqa,0.0,0.0,11,chunk_head,0.0,87,87,0
wikimqa,0.0,0.0,11,embedding_max,0.0,87,87,0
wikimqa,0.0,0.0,11,embedding_mean_query,0.0,87,87,0
wikimqa,0.0,0.0,11,embedding_last_query,0.0,87,87,0
wikimqa,0.0,0.0,11,random,0.1,87,87,401
wikimqa,0.0,0.0,11,chunk_head,0.1,87,87,401
wikimqa,1.0,0.09090909090909091,11,embedding_max,0.1,87,87,401
wikimqa,1.0,0.09090909090909091,11,embedding_mean_query,0.1,87,87,401
wikimqa,1.0,0.09090909090909091,11,embedding_last_query,0.1,87,87,401
wikimqa,1.0,0.09090909090909091,11,random,0.2,87,87,802
wikimqa,1.0,1.0,11,chunk_head,0.2,87,87,802
wikimqa,1.0,0.18181818181818182,11,embedding_max,0.2,87,87,802
wikimqa,1.0,0.2727272727272727,11,embedding_mean_query,0.2,87,87,802
wikimqa,1.0,0.09090909090909091,11,embedding_last_query,0.2,87,87,802
wikimqa,1.0,0.18181818181818182,11,random,0.3,87,87,1203
wikimqa,1.0,1.0,11,chunk_head,0.3,87,87,1203
wikimqa,1.0,0.2727272727272727,11,embedding_max,0.3,87,87,1203
wikimqa,1.0,0.36363636363636365,11,embedding_mean_query,0.3,87,87,1203
wikimqa,1.0,0.18181818181818182,11,embedding_last_query,0.3,87,87,1203
wikimqa,1.0,0.5454545454545454,11,random,0.4,87,87,1604
wikimqa,1.0,1.0,11,chunk_head,0.4,87,87,1604
wikimqa,1.0,0.36363636363636365,11,embedding_max,0.4,87,87,1604
wikimqa,1.0,0.36363636363636365,11,embedding_mean_query,0.4,87,87,1604
wikimqa,1.0,0.2727272727272727,11,embedding_last_query,0.4,87,87,1604
wikimqa,1.0,0.7272727272727273,11,random,0.5,87,87,2006
wikimqa,1.0,1.0,11,chunk_head,0.5,87,87,2006
wikimqa,1.0,0.36363636363636365,11,embedding_max,0.5,87,87,2006
wikimqa,1.0,0.45454545454545453,11,embedding_mean_query,0.5,87,87,2006
wikimqa,1.0,0.45454545454545453,11,embedding_last_query,0.5,87,87,2006
wikimqa,1.0,0.7272727272727273,11,random,0.6,87,87,2407
wikimqa,1.0,1.0,11,chunk_head,0.6,87,87,2407
wikimqa,1.0,0.36363636363636365,11,embedding_max,0.6,87,87,2407
wikimqa,1.0,0.45454545454545453,11,embedding_mean_query,0.6,87,87,2407
wikimqa,1.0,0.5454545454545454,11,embedding_last_query,0.6,87,87,2407
wikimqa,1.0,0.6363636363636364,11,random,0.7,87,87,2808
wikimqa,1.0,1.0,11,chunk_head,0.7,87,87,2808
wikimqa,1.0,0.7272727272727273,11,embedding_max,0.7,87,87,2808
wikimqa,1.0,0.45454545454545453,11,embedding_mean_query,0.7,87,87,2808
wikimqa,1.0,0.5454545454545454,11,embedding_last_query,0.7,87,87,2808
wikimqa,1.0,0.6363636363636364,11,random,0.8,87,87,3209
wikimqa,1.0,1.0,11,chunk_head,0.8,87,87,3209
wikimqa,1.0,0.7272727272727273,11,embedding_max,0.8,87,87,3209
wikimqa,1.0,0.6363636363636364,11,embedding_mean_query,0.8,87,87,3209
wikimqa,1.0,0.7272727272727273,11,embedding_last_query,0.8,87,87,3209
wikimqa,1.0,0.7272727272727273,11,random,0.9,87,87,3610
wikimqa,1.0,1.0,11,chunk_head,0.9,87,87,3610
wikimqa,1.0,0.9090909090909091,11,embedding_max,0.9,87,87,3610
wikimqa,1.0,0.8181818181818182,11,embedding_mean_query,0.9,87,87,3610
wikimqa,1.0,0.9090909090909091,11,embedding_last_query,0.9,87,87,3610
wikimqa,1.0,1.0,11,random,1.0,87,87,4012
wikimqa,1.0,1.0,11,chunk_head,1.0,87,87,4012
wikimqa,1.0,1.0,11,embedding_max,1.0,87,87,4012
wikimqa,1.0,1.0,11,embedding_mean_query,1.0,87,87,4012
wikimqa,1.0,1.0,11,embedding_last_query,1.0,87,87,4012
wikimqa,0.0,0.0,12,random,0.0,88,88,0
wikimqa,0.0,0.0,12,chunk_head,0.0,88,88,0
wikimqa,0.0,0.0,12,embedding_max,0.0,88,88,0
wikimqa,0.0,0.0,12,embedding_mean_query,0.0,88,88,0
wikimqa,0.0,0.0,12,embedding_last_query,0.0,88,88,0
wikimqa,1.0,0.16666666666666666,12,random,0.1,88,88,401
wikimqa,0.0,0.0,12,chunk_head,0.1,88,88,401
wikimqa,1.0,0.25,12,embedding_max,0.1,88,88,401
wikimqa,1.0,0.08333333333333333,12,embedding_mean_query,0.1,88,88,401
wikimqa,0.0,0.0,12,embedding_last_query,0.1,88,88,401
wikimqa,1.0,0.16666666666666666,12,random,0.2,88,88,802
wikimqa,0.0,0.0,12,chunk_head,0.2,88,88,802
wikimqa,1.0,0.25,12,embedding_max,0.2,88,88,802
wikimqa,1.0,0.25,12,embedding_mean_query,0.2,88,88,802
wikimqa,0.0,0.0,12,embedding_last_query,0.2,88,88,802
wikimqa,1.0,0.08333333333333333,12,random,0.3,88,88,1203
wikimqa,0.0,0.0,12,chunk_head,0.3,88,88,1203
wikimqa,1.0,0.25,12,embedding_max,0.3,88,88,1203
wikimqa,1.0,0.3333333333333333,12,embedding_mean_query,0.3,88,88,1203
wikimqa,1.0,0.16666666666666666,12,embedding_last_query,0.3,88,88,1203
wikimqa,1.0,0.5833333333333334,12,random,0.4,88,88,1604
wikimqa,0.0,0.0,12,chunk_head,0.4,88,88,1604
wikimqa,1.0,0.3333333333333333,12,embedding_max,0.4,88,88,1604
wikimqa,1.0,0.5,12,embedding_mean_query,0.4,88,88,1604
wikimqa,1.0,0.4166666666666667,12,embedding_last_query,0.4,88,88,1604
wikimqa,1.0,0.3333333333333333,12,random,0.5,88,88,2005
wikimqa,0.0,0.0,12,chunk_head,0.5,88,88,2005
wikimqa,1.0,0.5,12,embedding_max,0.5,88,88,2005
wikimqa,1.0,0.5,12,embedding_mean_query,0.5,88,88,2005
wikimqa,1.0,0.5833333333333334,12,embedding_last_query,0.5,88,88,2005
wikimqa,1.0,0.75,12,random,0.6,88,88,2406
wikimqa,0.0,0.0,12,chunk_head,0.6,88,88,2406
wikimqa,1.0,0.5833333333333334,12,embedding_max,0.6,88,88,2406
wikimqa,1.0,0.5833333333333334,12,embedding_mean_query,0.6,88,88,2406
wikimqa,1.0,0.5833333333333334,12,embedding_last_query,0.6,88,88,2406
wikimqa,1.0,0.9166666666666666,12,random,0.7,88,88,2807
wikimqa,0.0,0.0,12,chunk_head,0.7,88,88,2807
wikimqa,1.0,0.75,12,embedding_max,0.7,88,88,2807
wikimqa,1.0,0.75,12,embedding_mean_query,0.7,88,88,2807
wikimqa,1.0,0.6666666666666666,12,embedding_last_query,0.7,88,88,2807
wikimqa,1.0,0.6666666666666666,12,random,0.8,88,88,3208
wikimqa,0.0,0.0,12,chunk_head,0.8,88,88,3208
wikimqa,1.0,0.8333333333333334,12,embedding_max,0.8,88,88,3208
wikimqa,1.0,0.75,12,embedding_mean_query,0.8,88,88,3208
wikimqa,1.0,0.75,12,embedding_last_query,0.8,88,88,3208
wikimqa,1.0,1.0,12,random,0.9,88,88,3609
wikimqa,0.0,0.0,12,chunk_head,0.9,88,88,3609
wikimqa,1.0,0.8333333333333334,12,embedding_max,0.9,88,88,3609
wikimqa,1.0,0.9166666666666666,12,embedding_mean_query,0.9,88,88,3609
wikimqa,1.0,0.75,12,embedding_last_query,0.9,88,88,3609
wikimqa,1.0,1.0,12,random,1.0,88,88,4011
wikimqa,1.0,1.0,12,chunk_head,1.0,88,88,4011
wikimqa,1.0,1.0,12,embedding_max,1.0,88,88,4011
wikimqa,1.0,1.0,12,embedding_mean_query,1.0,88,88,4011
wikimqa,1.0,1.0,12,embedding_last_query,1.0,88,88,4011
wikimqa,0.0,0.0,15,random,0.0,89,89,0
wikimqa,0.0,0.0,15,chunk_head,0.0,89,89,0
wikimqa,0.0,0.0,15,embedding_max,0.0,89,89,0
wikimqa,0.0,0.0,15,embedding_mean_query,0.0,89,89,0
wikimqa,0.0,0.0,15,embedding_last_query,0.0,89,89,0
wikimqa,1.0,0.13333333333333333,15,random,0.1,89,89,401
wikimqa,0.0,0.0,15,chunk_head,0.1,89,89,401
wikimqa,1.0,0.06666666666666667,15,embedding_max,0.1,89,89,401
wikimqa,1.0,0.06666666666666667,15,embedding_mean_query,0.1,89,89,401
wikimqa,1.0,0.13333333333333333,15,embedding_last_query,0.1,89,89,401
wikimqa,1.0,0.13333333333333333,15,random,0.2,89,89,803
wikimqa,0.0,0.0,15,chunk_head,0.2,89,89,803
wikimqa,1.0,0.26666666666666666,15,embedding_max,0.2,89,89,803
wikimqa,1.0,0.13333333333333333,15,embedding_mean_query,0.2,89,89,803
wikimqa,1.0,0.26666666666666666,15,embedding_last_query,0.2,89,89,803
wikimqa,1.0,0.26666666666666666,15,random,0.3,89,89,1204
wikimqa,0.0,0.0,15,chunk_head,0.3,89,89,1204
wikimqa,1.0,0.3333333333333333,15,embedding_max,0.3,89,89,1204
wikimqa,1.0,0.4,15,embedding_mean_query,0.3,89,89,1204
wikimqa,1.0,0.3333333333333333,15,embedding_last_query,0.3,89,89,1204
wikimqa,1.0,0.4,15,random,0.4,89,89,1606
wikimqa,0.0,0.0,15,chunk_head,0.4,89,89,1606
wikimqa,1.0,0.4666666666666667,15,embedding_max,0.4,89,89,1606
wikimqa,1.0,0.4666666666666667,15,embedding_mean_query,0.4,89,89,1606
wikimqa,1.0,0.3333333333333333,15,embedding_last_query,0.4,89,89,1606
wikimqa,1.0,0.4,15,random,0.5,89,89,2008
wikimqa,0.0,0.0,15,chunk_head,0.5,89,89,2008
wikimqa,1.0,0.6666666666666666,15,embedding_max,0.5,89,89,2008
wikimqa,1.0,0.5333333333333333,15,embedding_mean_query,0.5,89,89,2008
wikimqa,1.0,0.3333333333333333,15,embedding_last_query,0.5,89,89,2008
wikimqa,1.0,0.7333333333333333,15,random,0.6,89,89,2409
wikimqa,0.0,0.0,15,chunk_head,0.6,89,89,2409
wikimqa,1.0,0.6666666666666666,15,embedding_max,0.6,89,89,2409
wikimqa,1.0,0.7333333333333333,15,embedding_mean_query,0.6,89,89,2409
wikimqa,1.0,0.5333333333333333,15,embedding_last_query,0.6,89,89,2409
wikimqa,1.0,0.7333333333333333,15,random,0.7,89,89,2811
wikimqa,0.0,0.0,15,chunk_head,0.7,89,89,2811
wikimqa,1.0,0.7333333333333333,15,embedding_max,0.7,89,89,2811
wikimqa,1.0,0.7333333333333333,15,embedding_mean_query,0.7,89,89,2811
wikimqa,1.0,0.6666666666666666,15,embedding_last_query,0.7,89,89,2811
wikimqa,1.0,0.4666666666666667,15,random,0.8,89,89,3212
wikimqa,0.0,0.0,15,chunk_head,0.8,89,89,3212
wikimqa,1.0,0.8,15,embedding_max,0.8,89,89,3212
wikimqa,1.0,0.8,15,embedding_mean_query,0.8,89,89,3212
wikimqa,1.0,0.8,15,embedding_last_query,0.8,89,89,3212
wikimqa,1.0,0.8666666666666667,15,random,0.9,89,89,3614
wikimqa,0.0,0.0,15,chunk_head,0.9,89,89,3614
wikimqa,1.0,0.8,15,embedding_max,0.9,89,89,3614
wikimqa,1.0,0.8,15,embedding_mean_query,0.9,89,89,3614
wikimqa,1.0,0.8666666666666667,15,embedding_last_query,0.9,89,89,3614
wikimqa,1.0,1.0,15,random,1.0,89,89,4016
wikimqa,1.0,1.0,15,chunk_head,1.0,89,89,4016
wikimqa,1.0,1.0,15,embedding_max,1.0,89,89,4016
wikimqa,1.0,1.0,15,embedding_mean_query,1.0,89,89,4016
wikimqa,1.0,1.0,15,embedding_last_query,1.0,89,89,4016
wikimqa,0.0,0.0,22,random,0.0,91,91,0
wikimqa,0.0,0.0,22,chunk_head,0.0,91,91,0
wikimqa,0.0,0.0,22,embedding_max,0.0,91,91,0
wikimqa,0.0,0.0,22,embedding_mean_query,0.0,91,91,0
wikimqa,0.0,0.0,22,embedding_last_query,0.0,91,91,0
wikimqa,1.0,0.09090909090909091,22,random,0.1,91,91,401
wikimqa,1.0,1.0,22,chunk_head,0.1,91,91,401
wikimqa,1.0,0.2727272727272727,22,embedding_max,0.1,91,91,401
wikimqa,1.0,0.36363636363636365,22,embedding_mean_query,0.1,91,91,401
wikimqa,1.0,0.09090909090909091,22,embedding_last_query,0.1,91,91,401
wikimqa,1.0,0.2727272727272727,22,random,0.2,91,91,802
wikimqa,1.0,1.0,22,chunk_head,0.2,91,91,802
wikimqa,1.0,0.5454545454545454,22,embedding_max,0.2,91,91,802
wikimqa,1.0,0.45454545454545453,22,embedding_mean_query,0.2,91,91,802
wikimqa,1.0,0.13636363636363635,22,embedding_last_query,0.2,91,91,802
wikimqa,1.0,0.4090909090909091,22,random,0.3,91,91,1203
wikimqa,1.0,1.0,22,chunk_head,0.3,91,91,1203
wikimqa,1.0,0.5454545454545454,22,embedding_max,0.3,91,91,1203
wikimqa,1.0,0.5,22,embedding_mean_query,0.3,91,91,1203
wikimqa,1.0,0.22727272727272727,22,embedding_last_query,0.3,91,91,1203
wikimqa,1.0,0.45454545454545453,22,random,0.4,91,91,1604
wikimqa,1.0,1.0,22,chunk_head,0.4,91,91,1604
wikimqa,1.0,0.6818181818181818,22,embedding_max,0.4,91,91,1604
wikimqa,1.0,0.5,22,embedding_mean_query,0.4,91,91,1604
wikimqa,1.0,0.2727272727272727,22,embedding_last_query,0.4,91,91,1604
wikimqa,1.0,0.5454545454545454,22,random,0.5,91,91,2005
wikimqa,1.0,1.0,22,chunk_head,0.5,91,91,2005
wikimqa,1.0,0.7727272727272727,22,embedding_max,0.5,91,91,2005
wikimqa,1.0,0.6818181818181818,22,embedding_mean_query,0.5,91,91,2005
wikimqa,1.0,0.36363636363636365,22,embedding_last_query,0.5,91,91,2005
wikimqa,1.0,0.36363636363636365,22,random,0.6,91,91,2406
wikimqa,1.0,1.0,22,chunk_head,0.6,91,91,2406
wikimqa,1.0,0.7727272727272727,22,embedding_max,0.6,91,91,2406
wikimqa,1.0,0.7727272727272727,22,embedding_mean_query,0.6,91,91,2406
wikimqa,1.0,0.5454545454545454,22,embedding_last_query,0.6,91,91,2406
wikimqa,1.0,0.6363636363636364,22,random,0.7,91,91,2807
wikimqa,1.0,1.0,22,chunk_head,0.7,91,91,2807
wikimqa,1.0,0.8181818181818182,22,embedding_max,0.7,91,91,2807
wikimqa,1.0,0.8181818181818182,22,embedding_mean_query,0.7,91,91,2807
wikimqa,1.0,0.7272727272727273,22,embedding_last_query,0.7,91,91,2807
wikimqa,1.0,0.7727272727272727,22,random,0.8,91,91,3208
wikimqa,1.0,1.0,22,chunk_head,0.8,91,91,3208
wikimqa,1.0,0.9090909090909091,22,embedding_max,0.8,91,91,3208
wikimqa,1.0,0.8636363636363636,22,embedding_mean_query,0.8,91,91,3208
wikimqa,1.0,0.8636363636363636,22,embedding_last_query,0.8,91,91,3208
wikimqa,1.0,0.9545454545454546,22,random,0.9,91,91,3609
wikimqa,1.0,1.0,22,chunk_head,0.9,91,91,3609
wikimqa,1.0,0.9090909090909091,22,embedding_max,0.9,91,91,3609
wikimqa,1.0,0.9090909090909091,22,embedding_mean_query,0.9,91,91,3609
wikimqa,1.0,0.9090909090909091,22,embedding_last_query,0.9,91,91,3609
wikimqa,1.0,1.0,22,random,1.0,91,91,4011
wikimqa,1.0,1.0,22,chunk_head,1.0,91,91,4011
wikimqa,1.0,1.0,22,embedding_max,1.0,91,91,4011
wikimqa,1.0,1.0,22,embedding_mean_query,1.0,91,91,4011
wikimqa,1.0,1.0,22,embedding_last_query,1.0,91,91,4011
wikimqa,0.0,0.0,18,random,0.0,93,93,0
wikimqa,0.0,0.0,18,chunk_head,0.0,93,93,0
wikimqa,0.0,0.0,18,embedding_max,0.0,93,93,0
wikimqa,0.0,0.0,18,embedding_mean_query,0.0,93,93,0
wikimqa,0.0,0.0,18,embedding_last_query,0.0,93,93,0
wikimqa,1.0,0.05555555555555555,18,random,0.1,93,93,401
wikimqa,0.0,0.0,18,chunk_head,0.1,93,93,401
wikimqa,1.0,0.16666666666666666,18,embedding_max,0.1,93,93,401
wikimqa,1.0,0.2222222222222222,18,embedding_mean_query,0.1,93,93,401
wikimqa,1.0,0.1111111111111111,18,embedding_last_query,0.1,93,93,401
wikimqa,1.0,0.16666666666666666,18,random,0.2,93,93,803
wikimqa,0.0,0.0,18,chunk_head,0.2,93,93,803
wikimqa,1.0,0.3888888888888889,18,embedding_max,0.2,93,93,803
wikimqa,1.0,0.2777777777777778,18,embedding_mean_query,0.2,93,93,803
wikimqa,1.0,0.16666666666666666,18,embedding_last_query,0.2,93,93,803
wikimqa,1.0,0.5,18,random,0.3,93,93,1204
wikimqa,0.0,0.0,18,chunk_head,0.3,93,93,1204
wikimqa,1.0,0.5,18,embedding_max,0.3,93,93,1204
wikimqa,1.0,0.4444444444444444,18,embedding_mean_query,0.3,93,93,1204
wikimqa,1.0,0.3333333333333333,18,embedding_last_query,0.3,93,93,1204
wikimqa,1.0,0.5,18,random,0.4,93,93,1606
wikimqa,0.0,0.0,18,chunk_head,0.4,93,93,1606
wikimqa,1.0,0.6666666666666666,18,embedding_max,0.4,93,93,1606
wikimqa,1.0,0.4444444444444444,18,embedding_mean_query,0.4,93,93,1606
wikimqa,1.0,0.3333333333333333,18,embedding_last_query,0.4,93,93,1606
wikimqa,1.0,0.4444444444444444,18,random,0.5,93,93,2008
wikimqa,1.0,1.0,18,chunk_head,0.5,93,93,2008
wikimqa,1.0,0.7222222222222222,18,embedding_max,0.5,93,93,2008
wikimqa,1.0,0.6666666666666666,18,embedding_mean_query,0.5,93,93,2008
wikimqa,1.0,0.3333333333333333,18,embedding_last_query,0.5,93,93,2008
wikimqa,1.0,0.5555555555555556,18,random,0.6,93,93,2409
wikimqa,1.0,1.0,18,chunk_head,0.6,93,93,2409
wikimqa,1.0,0.8333333333333334,18,embedding_max,0.6,93,93,2409
wikimqa,1.0,0.7777777777777778,18,embedding_mean_query,0.6,93,93,2409
wikimqa,1.0,0.4444444444444444,18,embedding_last_query,0.6,93,93,2409
wikimqa,1.0,0.5555555555555556,18,random,0.7,93,93,2811
wikimqa,1.0,1.0,18,chunk_head,0.7,93,93,2811
wikimqa,1.0,0.8888888888888888,18,embedding_max,0.7,93,93,2811
wikimqa,1.0,0.7777777777777778,18,embedding_mean_query,0.7,93,93,2811
wikimqa,1.0,0.6666666666666666,18,embedding_last_query,0.7,93,93,2811
wikimqa,1.0,0.8888888888888888,18,random,0.8,93,93,3212
wikimqa,1.0,1.0,18,chunk_head,0.8,93,93,3212
wikimqa,1.0,0.9444444444444444,18,embedding_max,0.8,93,93,3212
wikimqa,1.0,0.7777777777777778,18,embedding_mean_query,0.8,93,93,3212
wikimqa,1.0,0.7777777777777778,18,embedding_last_query,0.8,93,93,3212
wikimqa,1.0,0.8888888888888888,18,random,0.9,93,93,3614
wikimqa,1.0,1.0,18,chunk_head,0.9,93,93,3614
wikimqa,1.0,0.9444444444444444,18,embedding_max,0.9,93,93,3614
wikimqa,1.0,0.9444444444444444,18,embedding_mean_query,0.9,93,93,3614
wikimqa,1.0,0.8333333333333334,18,embedding_last_query,0.9,93,93,3614
wikimqa,1.0,1.0,18,random,1.0,93,93,4016
wikimqa,1.0,1.0,18,chunk_head,1.0,93,93,4016
wikimqa,1.0,1.0,18,embedding_max,1.0,93,93,4016
wikimqa,1.0,1.0,18,embedding_mean_query,1.0,93,93,4016
wikimqa,1.0,1.0,18,embedding_last_query,1.0,93,93,4016
wikimqa,0.0,0.0,12,random,0.0,98,98,0
wikimqa,0.0,0.0,12,chunk_head,0.0,98,98,0
wikimqa,0.0,0.0,12,embedding_max,0.0,98,98,0
wikimqa,0.0,0.0,12,embedding_mean_query,0.0,98,98,0
wikimqa,0.0,0.0,12,embedding_last_query,0.0,98,98,0
wikimqa,0.0,0.0,12,random,0.1,98,98,401
wikimqa,1.0,1.0,12,chunk_head,0.1,98,98,401
wikimqa,0.0,0.0,12,embedding_max,0.1,98,98,401
wikimqa,0.0,0.0,12,embedding_mean_query,0.1,98,98,401
wikimqa,1.0,0.3333333333333333,12,embedding_last_query,0.1,98,98,401
wikimqa,1.0,0.16666666666666666,12,random,0.2,98,98,802
wikimqa,1.0,1.0,12,chunk_head,0.2,98,98,802
wikimqa,1.0,0.16666666666666666,12,embedding_max,0.2,98,98,802
wikimqa,1.0,0.3333333333333333,12,embedding_mean_query,0.2,98,98,802
wikimqa,1.0,0.3333333333333333,12,embedding_last_query,0.2,98,98,802
wikimqa,1.0,0.5833333333333334,12,random,0.3,98,98,1204
wikimqa,1.0,1.0,12,chunk_head,0.3,98,98,1204
wikimqa,1.0,0.4166666666666667,12,embedding_max,0.3,98,98,1204
wikimqa,1.0,0.4166666666666667,12,embedding_mean_query,0.3,98,98,1204
wikimqa,1.0,0.3333333333333333,12,embedding_last_query,0.3,98,98,1204
wikimqa,1.0,0.5833333333333334,12,random,0.4,98,98,1605
wikimqa,1.0,1.0,12,chunk_head,0.4,98,98,1605
wikimqa,1.0,0.4166666666666667,12,embedding_max,0.4,98,98,1605
wikimqa,1.0,0.4166666666666667,12,embedding_mean_query,0.4,98,98,1605
wikimqa,1.0,0.5,12,embedding_last_query,0.4,98,98,1605
wikimqa,1.0,0.75,12,random,0.5,98,98,2007
wikimqa,1.0,1.0,12,chunk_head,0.5,98,98,2007
wikimqa,1.0,0.5833333333333334,12,embedding_max,0.5,98,98,2007
wikimqa,1.0,0.5,12,embedding_mean_query,0.5,98,98,2007
wikimqa,1.0,0.5,12,embedding_last_query,0.5,98,98,2007
wikimqa,1.0,0.5,12,random,0.6,98,98,2408
wikimqa,1.0,1.0,12,chunk_head,0.6,98,98,2408
wikimqa,1.0,0.5833333333333334,12,embedding_max,0.6,98,98,2408
wikimqa,1.0,0.5833333333333334,12,embedding_mean_query,0.6,98,98,2408
wikimqa,1.0,0.5833333333333334,12,embedding_last_query,0.6,98,98,2408
wikimqa,1.0,0.5,12,random,0.7,98,98,2809
wikimqa,1.0,1.0,12,chunk_head,0.7,98,98,2809
wikimqa,1.0,0.6666666666666666,12,embedding_max,0.7,98,98,2809
wikimqa,1.0,0.6666666666666666,12,embedding_mean_query,0.7,98,98,2809
wikimqa,1.0,0.8333333333333334,12,embedding_last_query,0.7,98,98,2809
wikimqa,1.0,0.8333333333333334,12,random,0.8,98,98,3211
wikimqa,1.0,1.0,12,chunk_head,0.8,98,98,3211
wikimqa,1.0,0.8333333333333334,12,embedding_max,0.8,98,98,3211
wikimqa,1.0,0.9166666666666666,12,embedding_mean_query,0.8,98,98,3211
wikimqa,1.0,0.9166666666666666,12,embedding_last_query,0.8,98,98,3211
wikimqa,1.0,1.0,12,random,0.9,98,98,3612
wikimqa,1.0,1.0,12,chunk_head,0.9,98,98,3612
wikimqa,1.0,0.9166666666666666,12,embedding_max,0.9,98,98,3612
wikimqa,1.0,1.0,12,embedding_mean_query,0.9,98,98,3612
wikimqa,1.0,0.9166666666666666,12,embedding_last_query,0.9,98,98,3612
wikimqa,1.0,1.0,12,random,1.0,98,98,4014
wikimqa,1.0,1.0,12,chunk_head,1.0,98,98,4014
wikimqa,1.0,1.0,12,embedding_max,1.0,98,98,4014
wikimqa,1.0,1.0,12,embedding_mean_query,1.0,98,98,4014
wikimqa,1.0,1.0,12,embedding_last_query,1.0,98,98,4014
